# total_frames:1 interaction_types:sb,pc,ps,ts,vdw,hb,lhb
# Columns: frame, interaction_type, atom_1, atom_2[, atom_3[, atom_4]]
0	sb	A:ARG:96:NH1	A:ASP:93:OD1
0	sb	A:ARG:101:NH2	A:ASP:98:OD1
0	sb	A:ARG:101:NH2	A:ASP:98:OD2
0	sb	A:ARG:125:NH1	A:ASP:99:OD1
0	sb	A:ARG:125:NH2	A:ASP:99:OD1
0	sb	A:ARG:96:NH2	A:ASP:99:OD2
0	sb	A:ARG:125:NH1	A:ASP:99:OD2
0	sb	A:ASP:121:OD1	A:LYS:117:NZ
0	sb	A:ASP:146:OD1	A:LYS:266:NZ
0	sb	A:ASP:146:OD2	A:LYS:266:NZ
0	sb	A:ARG:157:NH1	A:ASP:169:OD1
0	sb	A:ARG:157:NH2	A:ASP:169:OD1
0	sb	A:ARG:157:NH1	A:ASP:169:OD2
0	sb	A:ARG:157:NH2	A:ASP:169:OD2
0	sb	A:ASP:227:OD1	A:LYS:273:NZ
0	sb	A:ASP:227:OD2	A:LYS:273:NZ
0	sb	A:ARG:309:NH2	A:ASP:311:OD1
0	sb	A:ARG:309:NH2	A:ASP:311:OD2
0	sb	A:ASP:333:OD1	A:LYS:188:NZ
0	sb	A:ASP:333:OD2	A:LYS:188:NZ
0	sb	A:ASP:337:OD1	A:LYS:188:NZ
0	sb	A:ASP:337:OD2	A:LYS:188:NZ
0	sb	A:ARG:238:NH1	A:GLU:39:OE2
0	sb	A:ARG:238:NH2	A:GLU:39:OE2
0	sb	A:GLU:61:OE1	A:LYS:50:NZ
0	sb	A:GLU:61:OE2	A:LYS:50:NZ
0	sb	A:GLU:118:OE1	A:LYS:102:NZ
0	sb	A:ARG:138:NH2	A:GLU:141:OE1
0	sb	A:ARG:193:NH1	A:GLU:182:OE1
0	sb	A:ARG:193:NH2	A:GLU:182:OE1
0	sb	A:ARG:193:NH1	A:GLU:182:OE2
0	sb	A:ARG:193:NH2	A:GLU:182:OE2
0	sb	A:GLU:203:OE1	A:LYS:206:NZ
0	sb	A:GLU:203:OE2	A:LYS:206:NZ
0	sb	A:ARG:204:NH2	A:GLU:232:OE2
0	sb	A:ARG:201:NH2	A:GLU:241:OE1
0	sb	A:ARG:201:NH2	A:GLU:241:OE2
0	sb	A:ARG:204:NH1	A:GLU:241:OE2
0	sb	A:ARG:204:NH2	A:GLU:241:OE2
0	sb	A:GLU:271:OE1	A:LYS:267:NZ
0	sb	A:GLU:272:OE1	A:LYS:275:NZ
0	sb	A:GLU:272:OE2	A:LYS:275:NZ
0	pc	A:LYS:267:NZ	A:TYR:292:CG
0	pc	A:LYS:188:NZ	A:PHE:187:CG
0	pc	A:HIS:53:NE2	A:PHE:187:CG
0	pc	A:ARG:157:NH2	A:TYR:150:CG
0	pc	A:ARG:172:NH1	A:TYR:150:CG
0	pc	A:HIS:53:ND1	A:PHE:185:CG
0	pc	A:HIS:53:ND1	A:PHE:332:CG
0	pc	A:HIS:53:ND1	A:PHE:187:CG
0	pc	A:LYS:50:NZ	A:TYR:57:CG
0	pc	A:HIS:240:NE2	A:TYR:283:CG
0	pc	A:LYS:273:NZ	A:TYR:226:CG
0	pc	A:LYS:31:NZ	A:PHE:195:CG
0	ps	A:PHE:185:CG	A:PHE:192:CG
0	ts	A:PHE:211:CG	A:PHE:255:CG
0	ts	A:PHE:136:CG	A:TRP:127:CG
0	ts	A:PHE:219:CG	A:PHE:246:CG
0	vdw	A:GLU:294:CG	A:SER:289:OG
0	vdw	A:GLU:294:CD	A:SER:289:N
0	vdw	A:GLU:294:CD	A:SER:289:OG
0	vdw	A:GLU:294:OE2	A:SER:289:CB
0	vdw	A:GLU:294:OE2	A:SER:289:OG
0	vdw	A:GLU:342:OE2	A:TYR:316:OH
0	vdw	A:ALA:334:CB	A:HIS:318:NE2
0	vdw	A:ASP:337:CG	A:LYS:188:NZ
0	vdw	A:ASP:337:OD1	A:LYS:188:NZ
0	vdw	A:ILE:340:CG1	A:LEU:190:CD1
0	vdw	A:LYS:188:CD	A:THR:336:CG2
0	vdw	A:ASP:333:OD2	A:LYS:188:CE
0	vdw	A:ASP:333:CG	A:LYS:188:NZ
0	vdw	A:ASP:333:OD1	A:LYS:188:NZ
0	vdw	A:ASP:333:OD2	A:LYS:188:NZ
0	vdw	A:GLU:294:CB	A:TYR:286:OH
0	vdw	A:GLU:294:OE1	A:GLY:288:CA
0	vdw	A:GLU:294:CB	A:SER:289:O
0	vdw	A:GLU:294:CB	A:SER:289:OG
0	vdw	A:GLU:294:OE1	A:SER:289:N
0	vdw	A:GLU:294:C	A:TYR:286:OH
0	vdw	A:GLU:294:O	A:TYR:286:OH
0	vdw	A:ALA:295:N	A:TYR:286:OH
0	vdw	A:ALA:295:CA	A:TYR:286:OH
0	vdw	A:ASN:290:C	A:ILE:274:CG1
0	vdw	A:ILE:274:CG1	A:THR:291:N
0	vdw	A:ASN:290:O	A:ILE:274:O
0	vdw	A:ILE:274:CG2	A:TYR:292:N
0	vdw	A:ARG:310:NH1	A:GLU:305:CG
0	vdw	A:MET:319:CE	A:TYR:292:CE1
0	vdw	A:MET:319:CE	A:TYR:292:OH
0	vdw	A:LYS:267:CE	A:TYR:292:CE1
0	vdw	A:LYS:267:CE	A:TYR:292:CE2
0	vdw	A:LYS:267:CE	A:TYR:292:CZ
0	vdw	A:MET:319:CB	A:TYR:292:OH
0	vdw	A:MET:319:CG	A:TYR:292:OH
0	vdw	A:PHE:270:CD2	A:TYR:292:CD1
0	vdw	A:PHE:270:CE2	A:TYR:292:CD1
0	vdw	A:GLY:296:CA	A:PHE:270:CE2
0	vdw	A:LYS:267:CG	A:TYR:292:CE1
0	vdw	A:LYS:267:CG	A:TYR:292:CZ
0	vdw	A:LYS:300:CE	A:SER:317:OG
0	vdw	A:LEU:264:CD2	A:SER:317:CB
0	vdw	A:LEU:262:CB	A:SER:317:CB
0	vdw	A:LEU:262:O	A:SER:317:CB
0	vdw	A:LEU:264:O	A:MET:319:CA
0	vdw	A:LEU:264:O	A:MET:319:C
0	vdw	A:LEU:264:CB	A:MET:319:SD
0	vdw	A:CYS:321:SG	A:LYS:267:CB
0	vdw	A:ILE:338:CD1	A:TYR:316:CB
0	vdw	A:ILE:338:CD1	A:TYR:316:CG
0	vdw	A:ILE:338:CD1	A:TYR:316:CD2
0	vdw	A:ILE:260:O	A:TYR:316:N
0	vdw	A:LEU:262:O	A:SER:317:CA
0	vdw	A:LEU:262:O	A:SER:317:C
0	vdw	A:HIS:318:N	A:LEU:262:O
0	vdw	A:HIS:318:O	A:PHE:263:CA
0	vdw	A:HIS:318:CB	A:VAL:331:CG1
0	vdw	A:HIS:318:CG	A:VAL:331:CG1
0	vdw	A:HIS:318:O	A:LEU:264:N
0	vdw	A:ASN:327:ND2	A:MET:319:O
0	vdw	A:ASN:327:OD1	A:THR:320:C
0	vdw	A:ASN:327:OD1	A:CYS:321:N
0	vdw	A:ASN:327:OD1	A:THR:320:CA
0	vdw	A:ASN:327:OD1	A:THR:320:CB
0	vdw	A:ILE:338:CG2	A:TYR:316:CE1
0	vdw	A:ILE:338:CG2	A:TYR:316:CZ
0	vdw	A:GLU:342:CG	A:TYR:316:OH
0	vdw	A:GLU:342:CD	A:TYR:316:OH
0	vdw	A:ILE:338:CG2	A:TYR:316:CD1
0	vdw	A:ILE:338:CD1	A:TYR:316:CD1
0	vdw	A:PHE:263:CZ	A:VAL:331:CG1
0	vdw	A:PHE:263:CE1	A:VAL:331:CG1
0	vdw	A:GLN:48:NE2	A:THR:325:N
0	vdw	A:GLN:48:CD	A:THR:325:CA
0	vdw	A:GLN:48:NE2	A:THR:325:CA
0	vdw	A:GLN:48:OE1	A:THR:325:CA
0	vdw	A:GLN:48:OE1	A:THR:325:CB
0	vdw	A:PHE:187:CD2	A:THR:336:OG1
0	vdw	A:PHE:187:CE2	A:THR:336:OG1
0	vdw	A:HIS:53:CE1	A:PHE:332:CD2
0	vdw	A:MET:49:SD	A:PHE:332:CG
0	vdw	A:MET:49:SD	A:PHE:332:CD2
0	vdw	A:ILE:52:CG2	A:LYS:329:CG
0	vdw	A:ILE:52:CG2	A:LYS:329:CD
0	vdw	A:ILE:52:CD1	A:LYS:329:CA
0	vdw	A:ILE:52:CD1	A:LYS:329:CB
0	vdw	A:ILE:52:CG1	A:THR:325:CG2
0	vdw	A:ILE:52:CD1	A:THR:325:CG2
0	vdw	A:GLN:48:OE1	A:THR:325:CG2
0	vdw	A:HIS:53:NE2	A:PHE:187:CD1
0	vdw	A:PHE:187:CB	A:PHE:192:CE1
0	vdw	A:ARG:28:O	A:LEU:190:CA
0	vdw	A:PHE:187:O	A:PHE:192:CE1
0	vdw	A:THR:280:CG2	A:TYR:286:O
0	vdw	A:ASN:290:ND2	A:PRO:278:CA
0	vdw	A:GLU:285:OE2	A:TYR:298:CE2
0	vdw	A:GLU:285:OE2	A:TYR:298:CZ
0	vdw	A:GLU:285:CG	A:TYR:298:OH
0	vdw	A:GLU:285:CD	A:TYR:298:OH
0	vdw	A:GLU:285:OE2	A:TYR:298:OH
0	vdw	A:TYR:286:CD1	A:TYR:298:CB
0	vdw	A:TYR:286:CE1	A:TYR:298:CB
0	vdw	A:ALA:295:CA	A:TYR:286:CZ
0	vdw	A:ASN:290:OD1	A:LEU:279:CB
0	vdw	A:ASN:290:CB	A:ILE:274:O
0	vdw	A:ASN:290:CB	A:ILE:274:CD1
0	vdw	A:ASN:290:OD1	A:ILE:274:CD1
0	vdw	A:ASN:290:CG	A:PRO:278:CA
0	vdw	A:ASN:290:OD1	A:PRO:278:CA
0	vdw	A:ASN:290:OD1	A:PRO:278:C
0	vdw	A:ASN:290:OD1	A:LEU:279:N
0	vdw	A:GLN:302:CG	A:TYR:283:CZ
0	vdw	A:TYR:286:CD1	A:TYR:298:CG
0	vdw	A:TYR:286:CE1	A:TYR:298:CG
0	vdw	A:TYR:286:CD1	A:TYR:298:CD1
0	vdw	A:TYR:286:CE1	A:TYR:298:CD1
0	vdw	A:TYR:286:CD1	A:TYR:298:CD2
0	vdw	A:ILE:299:CD1	A:PHE:270:CE1
0	vdw	A:ILE:299:CD1	A:PHE:270:CZ
0	vdw	A:ILE:299:CD1	A:LEU:279:CD1
0	vdw	A:ALA:295:CB	A:ILE:274:CD1
0	vdw	A:ALA:295:CB	A:ILE:274:CG1
0	vdw	A:PHE:270:CE1	A:TYR:226:CE2
0	vdw	A:ILE:274:CD1	A:TYR:226:OH
0	vdw	A:LYS:273:C	A:TYR:226:OH
0	vdw	A:ILE:274:N	A:TYR:226:OH
0	vdw	A:ILE:274:CA	A:TYR:226:OH
0	vdw	A:ARG:310:CZ	A:GLU:305:CG
0	vdw	A:ARG:310:NH2	A:GLU:305:CG
0	vdw	A:ILE:299:CG2	A:MET:239:SD
0	vdw	A:LEU:223:CB	A:PHE:270:CG
0	vdw	A:LEU:223:CB	A:PHE:270:CD1
0	vdw	A:LEU:223:CD1	A:PHE:270:CD2
0	vdw	A:LEU:223:CB	A:PHE:270:CB
0	vdw	A:LEU:223:CD1	A:LEU:264:O
0	vdw	A:LEU:223:C	A:PHE:270:CD1
0	vdw	A:LEU:223:O	A:PHE:270:CD1
0	vdw	A:LEU:223:CD1	A:LYS:267:CA
0	vdw	A:ASN:265:O	A:LEU:223:CB
0	vdw	A:ASN:265:O	A:LEU:223:CG
0	vdw	A:PHE:270:CD1	A:TYR:226:CE2
0	vdw	A:LEU:262:CD2	A:LEU:304:CD2
0	vdw	A:ILE:315:CG2	A:LEU:304:CD2
0	vdw	A:LEU:264:CD1	A:VAL:221:CB
0	vdw	A:LEU:223:CG	A:LEU:264:CB
0	vdw	A:LEU:223:CD2	A:LEU:264:CB
0	vdw	A:LEU:264:O	A:THR:320:N
0	vdw	A:LEU:264:O	A:THR:320:O
0	vdw	A:ASN:265:CA	A:THR:320:O
0	vdw	A:ASN:265:C	A:THR:320:O
0	vdw	A:LEU:264:O	A:THR:320:OG1
0	vdw	A:ASN:265:CA	A:THR:320:OG1
0	vdw	A:LEU:264:C	A:VAL:221:O
0	vdw	A:ASN:265:N	A:VAL:221:O
0	vdw	A:ASN:265:CA	A:VAL:221:O
0	vdw	A:LYS:266:N	A:THR:320:O
0	vdw	A:LYS:267:N	A:THR:320:O
0	vdw	A:LYS:267:CB	A:THR:320:O
0	vdw	A:GDP:360:O6	A:LYS:266:N
0	vdw	A:GDP:360:O6	A:LYS:266:CA
0	vdw	A:ASN:265:OD1	A:THR:320:O
0	vdw	A:GDP:360:C6	A:LYS:266:CA
0	vdw	A:ASP:268:CG	A:GDP:360:N1
0	vdw	A:ASP:268:CG	A:GDP:360:N2
0	vdw	A:ASP:268:OD1	A:GDP:360:N1
0	vdw	A:ASP:268:OD2	A:GDP:360:N1
0	vdw	A:ASP:268:OD2	A:GDP:360:N2
0	vdw	A:ASN:307:OD1	A:LYS:313:O
0	vdw	A:ASN:307:OD1	A:ILE:315:CD1
0	vdw	A:ASN:251:OD1	A:ASN:307:ND2
0	vdw	A:ILE:260:O	A:ILE:315:CA
0	vdw	A:ILE:315:CB	A:LEU:304:CD2
0	vdw	A:ILE:315:CD1	A:PHE:246:CZ
0	vdw	A:ILE:260:O	A:ILE:315:CG2
0	vdw	A:ILE:260:CG2	A:ILE:315:CG2
0	vdw	A:ILE:261:C	A:TYR:316:O
0	vdw	A:LEU:262:N	A:TYR:316:O
0	vdw	A:LEU:262:CB	A:TYR:316:O
0	vdw	A:LEU:262:CA	A:TYR:316:O
0	vdw	A:ILE:261:CA	A:TYR:316:O
0	vdw	A:ILE:217:O	A:ILE:261:O
0	vdw	A:ILE:218:CA	A:ILE:261:O
0	vdw	A:ILE:218:C	A:ILE:261:O
0	vdw	A:ILE:261:O	A:PHE:219:N
0	vdw	A:LEU:262:CA	A:PHE:219:O
0	vdw	A:LEU:262:C	A:PHE:219:O
0	vdw	A:PHE:219:O	A:PHE:263:N
0	vdw	A:PHE:219:O	A:PHE:263:CA
0	vdw	A:CYS:220:CA	A:PHE:263:O
0	vdw	A:PHE:219:O	A:PHE:263:CB
0	vdw	A:ILE:218:CG2	A:PHE:263:CG
0	vdw	A:PHE:263:O	A:VAL:221:N
0	vdw	A:PHE:263:O	A:VAL:221:O
0	vdw	A:ASN:265:OD1	A:THR:320:OG1
0	vdw	A:ASN:265:CB	A:THR:320:OG1
0	vdw	A:ASN:265:CG	A:THR:320:OG1
0	vdw	A:ILE:218:CG2	A:PHE:263:CD2
0	vdw	A:ASN:265:OD1	A:THR:320:C
0	vdw	A:ASN:265:OD1	A:CYS:321:N
0	vdw	A:ASN:265:OD1	A:CYS:321:CA
0	vdw	A:ASN:265:OD1	A:CYS:321:C
0	vdw	A:ALA:322:N	A:ASN:265:OD1
0	vdw	A:ASN:265:OD1	A:GDP:360:O6
0	vdw	A:CYS:321:CA	A:GDP:360:O6
0	vdw	A:CYS:321:C	A:GDP:360:O6
0	vdw	A:ALA:322:N	A:GDP:360:O6
0	vdw	A:CYS:321:O	A:VAL:328:CG2
0	vdw	A:ALA:322:CA	A:VAL:328:CG2
0	vdw	A:ALA:322:C	A:VAL:328:CG2
0	vdw	A:ALA:322:C	A:GLN:48:NE2
0	vdw	A:ALA:322:C	A:THR:44:CG2
0	vdw	A:ASN:265:CG	A:GDP:360:O6
0	vdw	A:GLN:168:OE1	A:THR:323:CB
0	vdw	A:GLN:48:NE2	A:THR:323:CA
0	vdw	A:GLN:48:NE2	A:THR:323:C
0	vdw	A:ASP:324:N	A:GLN:48:NE2
0	vdw	A:GDP:360:C6	A:THR:323:OG1
0	vdw	A:GDP:360:N1	A:THR:323:OG1
0	vdw	A:GDP:360:C2	A:THR:323:OG1
0	vdw	A:GLN:168:CG	A:TYR:150:CE1
0	vdw	A:GLN:168:CG	A:TYR:150:CZ
0	vdw	A:GLN:168:CG	A:TYR:150:OH
0	vdw	A:LYS:313:NZ	A:THR:256:C
0	vdw	A:LYS:313:NZ	A:THR:256:O
0	vdw	A:LYS:313:NZ	A:THR:258:O
0	vdw	A:LYS:313:NZ	A:THR:258:N
0	vdw	A:LYS:313:NZ	A:PHE:255:C
0	vdw	A:LYS:313:NZ	A:PHE:255:O
0	vdw	A:LYS:313:NZ	A:THR:256:CA
0	vdw	A:LYS:313:NZ	A:THR:258:C
0	vdw	A:LYS:313:CE	A:THR:258:O
0	vdw	A:ILE:260:CD1	A:LYS:313:CE
0	vdw	A:LYS:313:CE	A:PHE:255:O
0	vdw	A:ALA:216:CA	A:SER:259:O
0	vdw	A:ALA:216:CB	A:SER:259:O
0	vdw	A:ILE:217:N	A:SER:259:O
0	vdw	A:ILE:217:CA	A:SER:259:O
0	vdw	A:ILE:217:O	A:ILE:260:CA
0	vdw	A:ILE:217:O	A:ILE:260:C
0	vdw	A:ILE:217:O	A:ILE:261:N
0	vdw	A:ALA:216:C	A:SER:259:O
0	vdw	A:ILE:218:CD1	A:LEU:32:CD2
0	vdw	A:ILE:218:CG2	A:PHE:263:CE2
0	vdw	A:ALA:322:CB	A:ILE:45:CD1
0	vdw	A:ALA:322:O	A:GLN:48:CG
0	vdw	A:ALA:322:O	A:VAL:328:CG2
0	vdw	A:ALA:322:O	A:GLN:48:CD
0	vdw	A:ALA:322:O	A:GLN:48:NE2
0	vdw	A:GLN:48:CB	A:VAL:328:CG1
0	vdw	A:ALA:322:O	A:THR:44:CG2
0	vdw	A:GLN:48:CG	A:LEU:171:CD2
0	vdw	A:GLN:48:CD	A:LEU:171:CD1
0	vdw	A:GLN:48:CD	A:THR:325:OG1
0	vdw	A:GLN:48:NE2	A:LEU:171:CD1
0	vdw	A:GLN:48:NE2	A:THR:323:O
0	vdw	A:ASP:324:C	A:GLN:48:NE2
0	vdw	A:GLN:48:OE1	A:LEU:171:CD1
0	vdw	A:GLN:48:OE1	A:THR:325:OG1
0	vdw	A:LEU:171:CD1	A:THR:323:O
0	vdw	A:GLN:48:CD	A:LEU:171:CD2
0	vdw	A:GLN:168:NE2	A:THR:323:O
0	vdw	A:GLN:168:CB	A:TYR:150:OH
0	vdw	A:ARG:157:NH1	A:THR:166:CG2
0	vdw	A:THR:215:O	A:THR:258:CA
0	vdw	A:SER:259:N	A:THR:215:O
0	vdw	A:SER:259:CB	A:THR:215:O
0	vdw	A:SER:259:OG	A:THR:215:O
0	vdw	A:ALA:216:CB	A:SER:259:CB
0	vdw	A:THR:215:C	A:THR:258:CG2
0	vdw	A:THR:215:O	A:THR:258:CG2
0	vdw	A:ALA:216:CA	A:LEU:32:CD1
0	vdw	A:ALA:216:CB	A:LEU:32:CD1
0	vdw	A:ILE:339:CD1	A:PHE:192:CE2
0	vdw	A:ALA:216:N	A:LYS:31:O
0	vdw	A:ALA:216:N	A:THR:258:CG2
0	vdw	A:ALA:216:CA	A:THR:258:CG2
0	vdw	A:LEU:32:CD2	A:PHE:332:CE1
0	vdw	A:LEU:32:CD2	A:MET:194:CE
0	vdw	A:ALA:216:C	A:LEU:32:CD1
0	vdw	A:ALA:216:O	A:LEU:32:CD1
0	vdw	A:MET:49:SD	A:PHE:332:CD1
0	vdw	A:MET:49:SD	A:PHE:332:CE1
0	vdw	A:MET:49:SD	A:PHE:332:CE2
0	vdw	A:MET:49:SD	A:PHE:332:CZ
0	vdw	A:MET:49:SD	A:PHE:185:CZ
0	vdw	A:PHE:185:CE2	A:PHE:332:CE2
0	vdw	A:PHE:185:CZ	A:PHE:332:CE2
0	vdw	A:PHE:185:CE2	A:PHE:332:CZ
0	vdw	A:PHE:185:CZ	A:PHE:332:CZ
0	vdw	A:MET:194:SD	A:MET:49:CG
0	vdw	A:MET:194:CE	A:PHE:332:CE1
0	vdw	A:MET:49:CE	A:VAL:328:CG1
0	vdw	A:GLU:167:OE1	A:ILE:51:CG2
0	vdw	A:GLU:167:OE2	A:ILE:51:CG2
0	vdw	A:ILE:51:CD1	A:LEU:171:CD2
0	vdw	A:LYS:31:O	A:THR:215:CA
0	vdw	A:LYS:31:N	A:THR:215:OG1
0	vdw	A:PHE:192:CA	A:VAL:30:CG2
0	vdw	A:PHE:192:CG	A:VAL:30:CG2
0	vdw	A:PHE:192:CD2	A:VAL:30:CG2
0	vdw	A:PHE:192:CE2	A:VAL:30:CG2
0	vdw	A:LYS:31:N	A:THR:215:CB
0	vdw	A:LYS:31:O	A:THR:215:CB
0	vdw	A:ASN:191:C	A:VAL:30:CG2
0	vdw	A:ASN:191:O	A:VAL:30:CG2
0	vdw	A:PHE:185:CE1	A:PHE:192:CB
0	vdw	A:PHE:185:CZ	A:PHE:192:CB
0	vdw	A:PHE:185:CE2	A:PHE:192:CG
0	vdw	A:PHE:185:CZ	A:PHE:192:CG
0	vdw	A:PHE:185:CE2	A:PHE:192:CD1
0	vdw	A:PHE:185:O	A:PHE:192:CA
0	vdw	A:PHE:185:O	A:PHE:192:CB
0	vdw	A:PHE:192:CE2	A:PHE:332:CZ
0	vdw	A:PHE:192:CA	A:VAL:30:O
0	vdw	A:HIS:53:ND1	A:PHE:185:CD2
0	vdw	A:HIS:53:ND1	A:PHE:185:CE2
0	vdw	A:HIS:53:CB	A:PHE:185:CD2
0	vdw	A:MET:194:CE	A:PHE:185:CE1
0	vdw	A:MET:194:CE	A:PHE:185:CZ
0	vdw	A:GLN:54:N	A:MET:49:O
0	vdw	A:GLY:56:N	A:LYS:50:O
0	vdw	A:GLY:56:CA	A:LYS:50:O
0	vdw	A:GLY:56:CA	A:ILE:51:CA
0	vdw	A:ASP:55:N	A:LYS:50:O
0	vdw	A:ARG:28:O	A:LEU:190:C
0	vdw	A:ARG:28:O	A:ASN:191:N
0	vdw	A:ASN:191:O	A:THR:29:CA
0	vdw	A:ASN:191:O	A:THR:29:C
0	vdw	A:ASN:191:O	A:VAL:30:N
0	vdw	A:PHE:185:O	A:PHE:192:N
0	vdw	A:ASN:191:O	A:THR:29:CG2
0	vdw	A:GLN:54:NE2	A:PHE:185:CB
0	vdw	A:PRO:278:C	A:TYR:226:CE1
0	vdw	A:PRO:278:O	A:TYR:226:CE1
0	vdw	A:LEU:279:CA	A:TYR:226:CD1
0	vdw	A:LEU:279:CA	A:TYR:226:CE1
0	vdw	A:LYS:273:O	A:TYR:226:OH
0	vdw	A:SER:277:C	A:TYR:226:OH
0	vdw	A:SER:277:O	A:TYR:226:OH
0	vdw	A:SER:277:CB	A:TYR:226:OH
0	vdw	A:ASP:227:OD2	A:SER:277:CB
0	vdw	A:ASP:227:CG	A:SER:277:OG
0	vdw	A:ASP:227:OD2	A:SER:277:OG
0	vdw	A:GLN:302:CB	A:TYR:283:OH
0	vdw	A:MET:243:SD	A:TYR:283:CE2
0	vdw	A:MET:243:SD	A:TYR:283:CZ
0	vdw	A:MET:243:SD	A:TYR:283:OH
0	vdw	A:LEU:279:CD1	A:TYR:226:CB
0	vdw	A:LEU:279:CD1	A:TYR:226:CG
0	vdw	A:LEU:279:CD1	A:TYR:226:CD1
0	vdw	A:CYS:282:CB	A:TYR:226:CB
0	vdw	A:CYS:282:CB	A:TYR:226:O
0	vdw	A:LYS:273:CG	A:TYR:226:CE2
0	vdw	A:LYS:273:CD	A:TYR:226:CE2
0	vdw	A:LYS:273:CD	A:TYR:226:CZ
0	vdw	A:SER:277:O	A:TYR:226:CE1
0	vdw	A:SER:277:O	A:TYR:226:CZ
0	vdw	A:LYS:273:CG	A:TYR:226:OH
0	vdw	A:LYS:273:CD	A:TYR:226:OH
0	vdw	A:ASP:227:OD1	A:LYS:273:CD
0	vdw	A:ASP:227:OD1	A:LYS:273:CE
0	vdw	A:LEU:306:CD1	A:PHE:246:CD2
0	vdw	A:LEU:306:CD1	A:MET:243:O
0	vdw	A:ALA:222:O	A:MET:239:CE
0	vdw	A:LEU:223:CA	A:MET:239:CE
0	vdw	A:LEU:223:O	A:MET:239:CE
0	vdw	A:PHE:303:CE2	A:VAL:221:CG1
0	vdw	A:PHE:303:CZ	A:VAL:221:CG1
0	vdw	A:MET:243:CG	A:PHE:303:CE2
0	vdw	A:MET:243:CG	A:PHE:303:CZ
0	vdw	A:ASN:265:O	A:LEU:223:N
0	vdw	A:ASN:265:O	A:LEU:223:CA
0	vdw	A:LYS:266:CB	A:SER:224:OG
0	vdw	A:LYS:266:CD	A:SER:224:OG
0	vdw	A:GDP:360:N2	A:LEU:269:CD2
0	vdw	A:ASN:251:OD1	A:MET:308:CB
0	vdw	A:ASN:251:CG	A:MET:308:SD
0	vdw	A:ASN:251:CG	A:MET:308:CG
0	vdw	A:ASN:251:ND2	A:LEU:306:O
0	vdw	A:ASN:251:ND2	A:MET:308:CG
0	vdw	A:ASN:251:OD1	A:MET:308:N
0	vdw	A:ASN:251:OD1	A:MET:308:CG
0	vdw	A:ASN:307:CA	A:CYS:250:SG
0	vdw	A:PHE:246:CD2	A:PHE:303:O
0	vdw	A:PHE:246:CE2	A:PHE:303:O
0	vdw	A:PHE:303:CE1	A:VAL:221:CG2
0	vdw	A:LEU:262:CD1	A:PHE:246:CD1
0	vdw	A:LEU:262:CD1	A:PHE:246:CE1
0	vdw	A:PHE:303:CE1	A:SER:242:C
0	vdw	A:PHE:219:CE1	A:PHE:246:CB
0	vdw	A:PHE:219:CZ	A:PHE:246:CB
0	vdw	A:MET:243:N	A:PHE:303:CE1
0	vdw	A:MET:243:CA	A:PHE:303:CE1
0	vdw	A:MET:243:CG	A:PHE:303:CE1
0	vdw	A:SER:242:OG	A:VAL:221:CG2
0	vdw	A:ASN:265:CB	A:VAL:221:O
0	vdw	A:GDP:360:C5	A:LYS:266:CG
0	vdw	A:GDP:360:C6	A:LYS:266:CG
0	vdw	A:ASP:146:OD2	A:LYS:266:CD
0	vdw	A:GLU:39:O	A:LYS:266:CE
0	vdw	A:ASP:146:OD2	A:LYS:266:CE
0	vdw	A:GDP:360:N2	A:LEU:269:CG
0	vdw	A:GDP:360:C2	A:LEU:269:CD1
0	vdw	A:GDP:360:N2	A:LEU:269:CD1
0	vdw	A:ARG:172:CZ	A:GDP:360:N2
0	vdw	A:ARG:172:NH1	A:GDP:360:N2
0	vdw	A:GDP:360:C2	A:THR:323:CG2
0	vdw	A:GDP:360:N3	A:THR:323:CG2
0	vdw	A:ARG:172:CZ	A:TYR:150:CD1
0	vdw	A:ARG:172:NH2	A:TYR:150:CD1
0	vdw	A:ARG:172:NE	A:TYR:150:CD1
0	vdw	A:SER:153:CA	A:TRP:127:NE1
0	vdw	A:ASN:251:CB	A:MET:308:CE
0	vdw	A:ASN:251:CG	A:MET:308:CE
0	vdw	A:ASN:251:OD1	A:MET:308:CE
0	vdw	A:CYS:250:CA	A:ILE:260:CD1
0	vdw	A:PHE:219:CG	A:PHE:246:CD1
0	vdw	A:PHE:219:CD1	A:PHE:246:CD1
0	vdw	A:PHE:219:CD2	A:PHE:246:CD1
0	vdw	A:PHE:219:CE1	A:PHE:246:CD1
0	vdw	A:LEU:35:O	A:PHE:219:CA
0	vdw	A:LEU:35:O	A:PHE:219:C
0	vdw	A:CYS:220:N	A:LEU:35:O
0	vdw	A:CYS:220:O	A:GLY:36:CA
0	vdw	A:CYS:220:O	A:SER:40:CB
0	vdw	A:ASN:265:CB	A:SER:40:O
0	vdw	A:ASN:265:CG	A:SER:40:O
0	vdw	A:ASN:265:ND2	A:SER:40:O
0	vdw	A:GDP:360:PB	A:GLY:41:C
0	vdw	A:GDP:360:O1B	A:GLY:41:C
0	vdw	A:CYS:220:CB	A:SER:40:CB
0	vdw	A:CYS:220:CB	A:SER:40:OG
0	vdw	A:CYS:220:SG	A:LYS:42:CG
0	vdw	A:GDP:360:O1A	A:GLY:41:C
0	vdw	A:ASN:265:ND2	A:GLY:41:CA
0	vdw	A:GDP:360:C8	A:GLY:41:CA
0	vdw	A:ALA:322:CB	A:ASN:265:ND2
0	vdw	A:ASN:265:ND2	A:GDP:360:N7
0	vdw	A:ALA:322:CB	A:GDP:360:N7
0	vdw	A:ALA:322:CB	A:THR:44:CB
0	vdw	A:ALA:322:CB	A:THR:44:CG2
0	vdw	A:GDP:360:C8	A:THR:44:OG1
0	vdw	A:GDP:360:PA	A:GLY:41:CA
0	vdw	A:GDP:360:O3A	A:GLY:41:CA
0	vdw	A:GDP:360:O1A	A:GLY:41:CA
0	vdw	A:GDP:360:O1B	A:GLY:41:CA
0	vdw	A:GDP:360:C4	A:THR:323:CG2
0	vdw	A:ARG:172:NE	A:TYR:150:CE1
0	vdw	A:ARG:172:CB	A:SER:147:OG
0	vdw	A:ARG:172:CB	A:TYR:151:OH
0	vdw	A:ARG:172:CD	A:SER:147:OG
0	vdw	A:ARG:172:CA	A:GDP:360:O2'
0	vdw	A:ASP:169:OD1	A:TYR:150:CE2
0	vdw	A:ASP:169:OD1	A:TYR:150:CZ
0	vdw	A:ASP:169:OD1	A:TYR:150:OH
0	vdw	A:ARG:157:NH2	A:ASP:169:OD1
0	vdw	A:ARG:157:CZ	A:ASP:169:OD1
0	vdw	A:ASP:169:CG	A:TYR:150:OH
0	vdw	A:ARG:157:NH2	A:ASP:169:CG
0	vdw	A:ARG:157:NH2	A:ASP:169:OD2
0	vdw	A:ARG:157:NH1	A:ASP:169:OD1
0	vdw	A:ILE:217:CD1	A:PHE:255:CG
0	vdw	A:ILE:217:CD1	A:PHE:255:CD1
0	vdw	A:ILE:217:CD1	A:PHE:255:CD2
0	vdw	A:ILE:217:CD1	A:PHE:255:CE1
0	vdw	A:ILE:217:CD1	A:PHE:255:CE2
0	vdw	A:ILE:217:CD1	A:PHE:255:CZ
0	vdw	A:ILE:217:CA	A:LEU:33:O
0	vdw	A:ILE:217:C	A:LEU:33:O
0	vdw	A:ILE:217:CG2	A:LEU:33:O
0	vdw	A:ILE:218:N	A:LEU:33:O
0	vdw	A:ILE:217:CG2	A:LEU:35:CG
0	vdw	A:ILE:218:CA	A:LEU:33:O
0	vdw	A:ILE:218:O	A:LEU:33:O
0	vdw	A:ILE:218:O	A:LEU:34:CA
0	vdw	A:ILE:218:CB	A:LEU:34:CD2
0	vdw	A:ILE:218:CG2	A:LEU:34:CD2
0	vdw	A:ILE:218:O	A:LEU:34:C
0	vdw	A:ILE:218:O	A:LEU:35:N
0	vdw	A:ILE:218:O	A:LEU:35:O
0	vdw	A:GDP:360:O1A	A:GLY:41:O
0	vdw	A:GDP:360:O1A	A:THR:44:CA
0	vdw	A:GDP:360:O1A	A:THR:44:CB
0	vdw	A:GDP:360:O1A	A:THR:44:OG1
0	vdw	A:GDP:360:PA	A:THR:44:OG1
0	vdw	A:GDP:360:O5'	A:THR:44:OG1
0	vdw	A:GDP:360:C2'	A:THR:44:OG1
0	vdw	A:LEU:171:CD2	A:LYS:47:CB
0	vdw	A:GDP:360:O2'	A:LEU:171:C
0	vdw	A:GDP:360:O2'	A:LEU:171:O
0	vdw	A:GLN:168:C	A:TYR:150:OH
0	vdw	A:ASP:169:N	A:TYR:150:OH
0	vdw	A:ARG:157:NH1	A:ASP:169:CG
0	vdw	A:ARG:157:NH1	A:ASP:169:OD2
0	vdw	A:ASP:169:CG	A:TYR:163:OH
0	vdw	A:ASP:169:OD2	A:TYR:163:OH
0	vdw	A:ASP:169:OD2	A:TYR:163:CE1
0	vdw	A:ARG:157:CZ	A:ASP:169:OD2
0	vdw	A:THR:258:CG2	A:VAL:214:C
0	vdw	A:THR:258:OG1	A:VAL:214:C
0	vdw	A:THR:258:CB	A:VAL:214:O
0	vdw	A:THR:258:CG2	A:VAL:214:O
0	vdw	A:THR:258:OG1	A:VAL:214:O
0	vdw	A:THR:258:CG2	A:VAL:214:CB
0	vdw	A:THR:258:CG2	A:VAL:214:CG1
0	vdw	A:ALA:216:C	A:THR:258:CG2
0	vdw	A:ALA:216:O	A:LEU:32:CA
0	vdw	A:ALA:216:O	A:LEU:33:N
0	vdw	A:ALA:216:O	A:LEU:32:C
0	vdw	A:LEU:32:O	A:MET:194:CA
0	vdw	A:LEU:32:O	A:MET:194:C
0	vdw	A:LEU:32:O	A:PHE:195:N
0	vdw	A:LEU:34:CD1	A:MET:194:SD
0	vdw	A:LEU:34:CD1	A:VAL:46:CG2
0	vdw	A:LYS:47:CB	A:TYR:57:OH
0	vdw	A:LYS:47:CG	A:TYR:57:OH
0	vdw	A:LYS:50:CD	A:TYR:57:CE1
0	vdw	A:LYS:50:CD	A:TYR:57:CZ
0	vdw	A:LYS:50:CD	A:TYR:57:OH
0	vdw	A:LYS:47:CD	A:TYR:57:OH
0	vdw	A:PHE:65:CD2	A:VAL:170:CG1
0	vdw	A:PHE:65:CE1	A:VAL:170:CG1
0	vdw	A:PHE:65:CE2	A:VAL:170:CG1
0	vdw	A:PHE:65:CZ	A:VAL:170:CG1
0	vdw	A:LYS:47:CD	A:VAL:170:CG1
0	vdw	A:GLY:213:O	A:LYS:31:CB
0	vdw	A:LYS:31:O	A:THR:215:N
0	vdw	A:GLY:213:C	A:LYS:31:CD
0	vdw	A:GLY:213:O	A:LYS:31:CD
0	vdw	A:ARG:193:N	A:VAL:30:O
0	vdw	A:ARG:193:O	A:LYS:31:CA
0	vdw	A:ARG:193:O	A:LYS:31:C
0	vdw	A:ARG:193:O	A:LEU:32:N
0	vdw	A:PHE:192:C	A:VAL:30:O
0	vdw	A:LYS:31:CG	A:PHE:195:CD2
0	vdw	A:LYS:31:CG	A:PHE:195:CE2
0	vdw	A:MET:194:N	A:THR:183:O
0	vdw	A:MET:194:CA	A:THR:183:O
0	vdw	A:MET:194:CB	A:THR:183:O
0	vdw	A:MET:194:CB	A:THR:183:CG2
0	vdw	A:MET:194:O	A:THR:183:O
0	vdw	A:MET:194:O	A:THR:183:CG2
0	vdw	A:GLY:56:C	A:LYS:50:NZ
0	vdw	A:GLY:56:O	A:LYS:50:NZ
0	vdw	A:LYS:50:CD	A:TYR:57:CE2
0	vdw	A:LYS:50:CE	A:TYR:57:CE2
0	vdw	A:GLU:61:OE1	A:LYS:50:NZ
0	vdw	A:CYS:62:SG	A:TYR:57:CB
0	vdw	A:PHE:65:CE2	A:TYR:57:CD2
0	vdw	A:ARG:193:CD	A:THR:29:CG2
0	vdw	A:GLN:184:CA	A:PHE:192:O
0	vdw	A:GLN:184:CB	A:PHE:192:O
0	vdw	A:PHE:185:N	A:PHE:192:O
0	vdw	A:ARG:193:CB	A:GLU:182:OE2
0	vdw	A:ARG:193:CG	A:GLU:182:OE2
0	vdw	A:GLN:184:C	A:GLN:54:NE2
0	vdw	A:GLN:184:O	A:GLN:54:NE2
0	vdw	A:GLY:92:CA	A:SER:130:OG
0	vdw	A:CYS:282:SG	A:HIS:240:CD2
0	vdw	A:CYS:282:O	A:HIS:240:NE2
0	vdw	A:ASN:237:ND2	A:TYR:226:C
0	vdw	A:ASN:237:ND2	A:TYR:226:O
0	vdw	A:CYS:282:SG	A:MET:239:CB
0	vdw	A:ASP:227:O	A:SER:140:CB
0	vdw	A:LEU:228:CD2	A:SER:140:CB
0	vdw	A:ASP:227:CG	A:LYS:273:NZ
0	vdw	A:ASP:227:OD1	A:LYS:273:NZ
0	vdw	A:LYS:273:NZ	A:SER:224:O
0	vdw	A:LEU:228:CD2	A:SER:140:CA
0	vdw	A:ALA:139:CB	A:LEU:144:CD2
0	vdw	A:PHE:136:CA	A:TYR:142:OH
0	vdw	A:PHE:136:CG	A:TRP:127:CH2
0	vdw	A:GLN:133:CG	A:TRP:127:O
0	vdw	A:GLN:133:NE2	A:TRP:127:O
0	vdw	A:GLN:133:NE2	A:TRP:127:CD2
0	vdw	A:GLN:133:NE2	A:TRP:127:CE2
0	vdw	A:GLN:133:NE2	A:TRP:127:CE3
0	vdw	A:GLN:133:NE2	A:TRP:127:CZ2
0	vdw	A:GLN:133:NE2	A:TRP:127:CZ3
0	vdw	A:GLN:133:NE2	A:TRP:127:CH2
0	vdw	A:ASP:225:O	A:MET:239:N
0	vdw	A:ARG:238:CB	A:ASP:225:O
0	vdw	A:ARG:238:CB	A:ASP:225:CB
0	vdw	A:ARG:238:CB	A:ASP:225:CG
0	vdw	A:ARG:238:CD	A:ASP:225:CG
0	vdw	A:ARG:238:CD	A:ASP:225:OD1
0	vdw	A:ARG:238:CG	A:LEU:228:CB
0	vdw	A:GLY:149:CA	A:PHE:136:CE1
0	vdw	A:GLY:149:CA	A:PHE:136:CZ
0	vdw	A:PHE:136:CD1	A:TRP:127:CH2
0	vdw	A:ALA:148:CB	A:SER:76:CB
0	vdw	A:ALA:148:CB	A:SER:76:OG
0	vdw	A:LEU:152:CB	A:TRP:127:CD2
0	vdw	A:LEU:152:CB	A:TRP:127:CE3
0	vdw	A:LEU:152:CB	A:TRP:127:CZ3
0	vdw	A:LEU:152:CD1	A:TRP:127:CE3
0	vdw	A:LEU:152:CD1	A:TRP:127:CZ3
0	vdw	A:PHE:219:CZ	A:PHE:246:N
0	vdw	A:PHE:219:CE2	A:PHE:246:CA
0	vdw	A:PHE:219:CZ	A:PHE:246:CA
0	vdw	A:ARG:238:CB	A:ASP:225:OD2
0	vdw	A:GLU:39:O	A:LYS:266:NZ
0	vdw	A:ASP:146:OD2	A:LYS:266:NZ
0	vdw	A:ASP:146:CG	A:LYS:266:NZ
0	vdw	A:ASP:146:OD1	A:GDP:360:C4'
0	vdw	A:ASP:146:OD1	A:GDP:360:O4'
0	vdw	A:ALA:148:CA	A:SER:76:OG
0	vdw	A:THR:73:OG1	A:TYR:151:CB
0	vdw	A:GLN:124:NE2	A:GLU:156:OE1
0	vdw	A:GLN:124:CG	A:LEU:155:CD2
0	vdw	A:ILE:249:O	A:PHE:255:CD2
0	vdw	A:ILE:249:CD1	A:LEU:35:CD1
0	vdw	A:LEU:35:CB	A:PHE:219:CD2
0	vdw	A:GLY:36:O	A:LYS:42:NZ
0	vdw	A:GLY:199:CA	A:GLY:36:O
0	vdw	A:LEU:35:C	A:LYS:42:CD
0	vdw	A:GLY:36:N	A:LYS:42:CD
0	vdw	A:GLY:36:C	A:LEU:245:CD2
0	vdw	A:ALA:37:N	A:LEU:245:CD2
0	vdw	A:ALA:37:O	A:LYS:42:NZ
0	vdw	A:GDP:360:O3B	A:GLU:39:C
0	vdw	A:GDP:360:PB	A:SER:40:N
0	vdw	A:GDP:360:O1B	A:SER:40:N
0	vdw	A:GDP:360:O3B	A:SER:40:N
0	vdw	A:GDP:360:O1B	A:SER:40:C
0	vdw	A:GDP:360:O1B	A:SER:40:OG
0	vdw	A:GDP:360:PB	A:GLY:41:N
0	vdw	A:GDP:360:O1B	A:GLY:41:N
0	vdw	A:GDP:360:PB	A:LYS:42:NZ
0	vdw	A:GDP:360:O1B	A:LYS:42:NZ
0	vdw	A:GDP:360:O3B	A:LYS:42:NZ
0	vdw	A:GDP:360:O3A	A:GLY:41:N
0	vdw	A:GDP:360:PB	A:GLU:39:CA
0	vdw	A:GDP:360:O3B	A:GLU:39:CA
0	vdw	A:GDP:360:PB	A:LYS:42:N
0	vdw	A:GDP:360:O1B	A:LYS:42:N
0	vdw	A:GDP:360:O1B	A:LYS:42:CA
0	vdw	A:GDP:360:O1B	A:LYS:42:CB
0	vdw	A:GDP:360:O1B	A:LYS:42:CG
0	vdw	A:GDP:360:O1B	A:LYS:42:CE
0	vdw	A:ALA:37:O	A:ALF:362:F3
0	vdw	A:ALF:362:F3	A:LYS:42:NZ
0	vdw	A:GDP:360:O3B	A:GLY:38:C
0	vdw	A:GDP:360:O3B	A:GLU:39:N
0	vdw	A:ALF:362:F1	A:LYS:42:NZ
0	vdw	A:GLU:39:C	A:LYS:266:NZ
0	vdw	A:GDP:360:O3A	A:GLU:39:CA
0	vdw	A:ARG:174:NH1	A:GDP:360:PA
0	vdw	A:ARG:174:NH1	A:GDP:360:O2A
0	vdw	A:ASP:146:CB	A:GDP:360:O4'
0	vdw	A:ASP:146:CG	A:GDP:360:O4'
0	vdw	A:ARG:172:O	A:GDP:360:O3'
0	vdw	A:ARG:172:O	A:GDP:360:O2'
0	vdw	A:ARG:172:O	A:SER:147:OG
0	vdw	A:ARG:172:O	A:TYR:151:OH
0	vdw	A:GDP:360:O3'	A:SER:147:OG
0	vdw	A:ARG:172:C	A:GDP:360:O2'
0	vdw	A:GDP:360:C3'	A:SER:173:O
0	vdw	A:GDP:360:O3'	A:SER:173:O
0	vdw	A:ARG:174:CB	A:GDP:360:O3'
0	vdw	A:ARG:172:O	A:SER:147:CB
0	vdw	A:ARG:172:C	A:SER:147:OG
0	vdw	A:ARG:172:C	A:TYR:151:OH
0	vdw	A:ASP:169:O	A:TYR:151:OH
0	vdw	A:SER:173:N	A:TYR:151:OH
0	vdw	A:SER:173:CA	A:TYR:151:OH
0	vdw	A:ILE:69:CG1	A:TYR:151:OH
0	vdw	A:ILE:69:CG2	A:TYR:151:CD1
0	vdw	A:ILE:69:CG2	A:TYR:151:CE1
0	vdw	A:ILE:69:CG2	A:LEU:158:CD1
0	vdw	A:LEU:158:CD1	A:TYR:151:CD1
0	vdw	A:LEU:158:CA	A:TYR:163:CD1
0	vdw	A:LEU:158:CA	A:TYR:163:CE1
0	vdw	A:LEU:158:C	A:TYR:163:CG
0	vdw	A:LEU:158:CD2	A:TYR:163:CE1
0	vdw	A:LEU:158:CD2	A:TYR:163:CZ
0	vdw	A:PHE:255:CE1	A:VAL:214:CG2
0	vdw	A:PHE:211:CD2	A:PHE:255:CZ
0	vdw	A:PHE:211:CE1	A:PHE:255:CZ
0	vdw	A:PHE:211:CG	A:PHE:255:CZ
0	vdw	A:PHE:211:CD1	A:PHE:255:CZ
0	vdw	A:LEU:34:C	A:LYS:42:CD
0	vdw	A:LEU:34:O	A:LYS:42:CD
0	vdw	A:LEU:34:CB	A:PHE:195:O
0	vdw	A:LEU:34:O	A:VAL:197:CG2
0	vdw	A:ASP:196:OD2	A:LYS:42:CB
0	vdw	A:GDP:360:O1A	A:SER:43:N
0	vdw	A:GDP:360:O2B	A:SER:43:N
0	vdw	A:LYS:42:CE	A:VAL:197:O
0	vdw	A:ALF:362:F1	A:LYS:42:CE
0	vdw	A:ALF:362:F3	A:LYS:42:CE
0	vdw	A:GDP:360:O1A	A:SER:43:C
0	vdw	A:GDP:360:O2B	A:SER:43:CB
0	vdw	A:GDP:360:O1A	A:THR:44:N
0	vdw	A:SER:43:OG	A:THR:177:CG2
0	vdw	A:LYS:47:CE	A:VAL:170:O
0	vdw	A:ASN:72:OD1	A:SER:173:C
0	vdw	A:ASN:72:OD1	A:SER:173:CA
0	vdw	A:ILE:69:CD1	A:TYR:163:OH
0	vdw	A:LEU:158:CD2	A:TYR:163:OH
0	vdw	A:ARG:157:O	A:TYR:163:CD1
0	vdw	A:LEU:158:O	A:TYR:163:CB
0	vdw	A:LEU:158:O	A:TYR:163:CG
0	vdw	A:LEU:158:O	A:TYR:163:CD2
0	vdw	A:LEU:158:O	A:TYR:163:CE2
0	vdw	A:LEU:158:O	A:TYR:70:CE1
0	vdw	A:LEU:158:O	A:TYR:70:CZ
0	vdw	A:LEU:158:O	A:TYR:70:OH
0	vdw	A:PHE:211:CB	A:TRP:254:CG
0	vdw	A:PHE:211:CB	A:TRP:254:CD2
0	vdw	A:PHE:211:C	A:TRP:254:CE3
0	vdw	A:PHE:211:O	A:TRP:254:CE3
0	vdw	A:GLU:212:CA	A:TRP:254:CZ3
0	vdw	A:GLU:212:CG	A:TRP:254:CZ3
0	vdw	A:LEU:33:CD1	A:VAL:214:CG2
0	vdw	A:CYS:210:O	A:LYS:31:CE
0	vdw	A:LEU:33:CD2	A:PHE:195:CB
0	vdw	A:LEU:34:N	A:PHE:195:O
0	vdw	A:ILE:181:O	A:PHE:195:CA
0	vdw	A:ASP:196:N	A:ILE:181:O
0	vdw	A:ASP:196:CB	A:VAL:46:CG2
0	vdw	A:ASP:196:CG	A:VAL:46:CG2
0	vdw	A:ASP:196:OD1	A:VAL:46:CG2
0	vdw	A:ASP:196:CG	A:SER:43:OG
0	vdw	A:ASP:196:OD1	A:SER:43:CA
0	vdw	A:ASP:196:OD1	A:SER:43:CB
0	vdw	A:ASP:196:OD1	A:SER:43:OG
0	vdw	A:CYS:62:O	A:PRO:165:CG
0	vdw	A:CYS:62:O	A:PRO:165:CD
0	vdw	A:ILE:66:CG1	A:PRO:165:CG
0	vdw	A:ILE:66:CG1	A:PRO:165:CD
0	vdw	A:ILE:66:CD1	A:TYR:163:O
0	vdw	A:GLU:212:O	A:LYS:31:CD
0	vdw	A:GLU:212:O	A:LYS:31:CE
0	vdw	A:LYS:31:CE	A:PHE:195:CE2
0	vdw	A:GLU:182:CB	A:PHE:195:CD1
0	vdw	A:GLU:182:CB	A:PHE:195:CE1
0	vdw	A:GLU:182:CA	A:MET:194:O
0	vdw	A:GLU:182:C	A:MET:194:O
0	vdw	A:MET:194:O	A:THR:183:N
0	vdw	A:GLU:182:CG	A:PHE:195:CE1
0	vdw	A:GLU:182:CD	A:PHE:195:CE1
0	vdw	A:GLU:182:CD	A:PHE:195:CZ
0	vdw	A:GLU:182:OE2	A:PHE:195:CZ
0	vdw	A:PHE:65:CE2	A:TYR:57:CE2
0	vdw	A:PHE:65:CZ	A:TYR:57:CE2
0	vdw	A:ARG:193:NE	A:GLU:182:OE2
0	vdw	A:ARG:193:NH2	A:GLU:182:OE2
0	vdw	A:ARG:193:CZ	A:GLU:182:CD
0	vdw	A:ARG:193:NH1	A:GLU:182:CD
0	vdw	A:ARG:193:NH1	A:GLU:182:OE1
0	vdw	A:ARG:193:CZ	A:GLU:182:OE2
0	vdw	A:ARG:193:NH1	A:GLU:182:OE2
0	vdw	A:ARG:193:NH1	A:GLN:184:OE1
0	vdw	A:ASP:129:OD2	A:TYR:91:C
0	vdw	A:ASP:129:OD1	A:GLY:92:CA
0	vdw	A:LEU:87:CD1	A:TYR:142:CD1
0	vdw	A:LEU:87:CD1	A:TYR:142:CE1
0	vdw	A:GLU:141:CB	A:LEU:87:CD2
0	vdw	A:GLU:141:OE1	A:LEU:87:CD2
0	vdw	A:CYS:135:SG	A:LEU:87:CD1
0	vdw	A:CYS:135:CA	A:ILE:89:CD1
0	vdw	A:CYS:135:CB	A:ILE:89:CD1
0	vdw	A:CYS:135:CB	A:MET:84:SD
0	vdw	A:ILE:89:CG2	A:MET:84:SD
0	vdw	A:GLY:131:C	A:MET:84:SD
0	vdw	A:GLY:131:C	A:MET:84:CE
0	vdw	A:GLY:131:O	A:MET:84:SD
0	vdw	A:ASP:129:CG	A:GLY:92:N
0	vdw	A:ASP:129:OD1	A:GLY:92:N
0	vdw	A:ASP:129:OD2	A:GLY:92:N
0	vdw	A:ASP:129:OD1	A:ASP:93:N
0	vdw	A:ASP:129:OD2	A:TYR:91:CA
0	vdw	A:ARG:96:CG	A:ASP:129:OD1
0	vdw	A:MET:236:O	A:VAL:229:CA
0	vdw	A:MET:236:O	A:VAL:229:CB
0	vdw	A:MET:236:O	A:VAL:229:CG1
0	vdw	A:ASN:237:CA	A:LEU:228:O
0	vdw	A:MET:236:O	A:VAL:229:C
0	vdw	A:LEU:230:N	A:MET:236:O
0	vdw	A:ARG:238:CG	A:LEU:228:C
0	vdw	A:ARG:238:N	A:LEU:228:O
0	vdw	A:ARG:238:CG	A:LEU:228:O
0	vdw	A:ARG:238:CG	A:VAL:229:N
0	vdw	A:ARG:238:CG	A:VAL:229:CA
0	vdw	A:GLU:234:C	A:VAL:229:CB
0	vdw	A:GLU:234:O	A:VAL:229:CB
0	vdw	A:GLU:234:O	A:VAL:229:CG1
0	vdw	A:CYS:135:O	A:TYR:142:CE1
0	vdw	A:CYS:135:SG	A:TYR:142:CE1
0	vdw	A:ALA:83:CB	A:TYR:142:CD1
0	vdw	A:ALA:83:CB	A:TYR:142:CE1
0	vdw	A:CYS:135:C	A:TYR:142:OH
0	vdw	A:CYS:135:O	A:TYR:142:CZ
0	vdw	A:CYS:135:O	A:TYR:142:OH
0	vdw	A:CYS:135:SG	A:TYR:142:CZ
0	vdw	A:CYS:135:SG	A:TYR:142:OH
0	vdw	A:CYS:135:SG	A:ILE:80:O
0	vdw	A:ALA:83:CB	A:CYS:135:SG
0	vdw	A:ALA:83:CB	A:TYR:142:CZ
0	vdw	A:ALA:83:C	A:CYS:135:SG
0	vdw	A:ILE:132:CB	A:LEU:126:O
0	vdw	A:ILE:132:CG2	A:LEU:126:O
0	vdw	A:ILE:132:CG1	A:LEU:126:C
0	vdw	A:ILE:132:CG1	A:LEU:126:O
0	vdw	A:ARG:125:O	A:ARG:96:CD
0	vdw	A:GLU:241:OE1	A:MET:236:CE
0	vdw	A:GLU:241:CB	A:LEU:230:CG
0	vdw	A:GLU:241:CB	A:LEU:230:CD2
0	vdw	A:GLU:241:CG	A:LEU:230:CD2
0	vdw	A:LEU:230:CD1	A:MET:236:CG
0	vdw	A:GLU:241:CB	A:LEU:230:CD1
0	vdw	A:ARG:201:CZ	A:GLU:241:OE1
0	vdw	A:ARG:201:NH2	A:GLU:241:OE1
0	vdw	A:GLU:241:OE1	A:LEU:230:CD1
0	vdw	A:ARG:201:NE	A:GLU:241:OE1
0	vdw	A:ASN:237:C	A:LEU:228:O
0	vdw	A:ARG:238:CG	A:VAL:229:C
0	vdw	A:ARG:238:NE	A:VAL:229:C
0	vdw	A:ARG:238:CG	A:VAL:229:O
0	vdw	A:ARG:238:CD	A:VAL:229:O
0	vdw	A:ARG:238:NE	A:VAL:229:O
0	vdw	A:ARG:238:CG	A:LEU:230:N
0	vdw	A:GLN:143:NE2	A:VAL:229:O
0	vdw	A:ARG:238:CZ	A:GLU:39:OE2
0	vdw	A:LEU:144:CD1	A:SER:76:O
0	vdw	A:ILE:80:CD1	A:LEU:152:CD1
0	vdw	A:ARG:204:NH1	A:GLU:241:CD
0	vdw	A:ARG:204:NH1	A:GLU:241:OE2
0	vdw	A:ARG:204:CZ	A:GLU:241:OE2
0	vdw	A:ARG:204:NH2	A:GLU:241:OE2
0	vdw	A:ARG:204:CZ	A:GLY:199:O
0	vdw	A:ARG:204:NH2	A:GLY:199:O
0	vdw	A:ARG:201:NE	A:GLU:241:CD
0	vdw	A:ARG:201:CG	A:GLU:241:OE2
0	vdw	A:ARG:201:NE	A:GLU:241:OE2
0	vdw	A:GLU:241:CG	A:LEU:230:CD1
0	vdw	A:ARG:201:NH2	A:GLU:241:CD
0	vdw	A:GLU:241:CD	A:LEU:230:CD1
0	vdw	A:GLU:241:OE2	A:LEU:230:CD1
0	vdw	A:ARG:238:NH1	A:GLU:39:CB
0	vdw	A:ARG:238:NH1	A:GLU:39:CD
0	vdw	A:ARG:238:NH1	A:GLU:39:OE2
0	vdw	A:ARG:238:NH2	A:GLU:39:OE2
0	vdw	A:ARG:174:CZ	A:GLU:39:CG
0	vdw	A:ARG:174:NH2	A:GLU:39:CG
0	vdw	A:ARG:238:NH2	A:GLN:143:OE1
0	vdw	A:ASN:145:CB	A:SER:76:OG
0	vdw	A:ASN:145:CG	A:SER:76:OG
0	vdw	A:ASN:145:OD1	A:SER:76:OG
0	vdw	A:ILE:123:CG2	A:LEU:152:CD2
0	vdw	A:ILE:123:CB	A:LEU:155:CD2
0	vdw	A:ILE:123:CG2	A:LEU:155:CD2
0	vdw	A:ARG:204:CD	A:LEU:245:CD1
0	vdw	A:LEU:245:CD2	A:TRP:207:CH2
0	vdw	A:ALA:37:CA	A:LEU:245:CD2
0	vdw	A:ARG:204:NE	A:GLY:199:O
0	vdw	A:ALA:37:C	A:GLY:199:CA
0	vdw	A:GLY:199:CA	A:GLY:38:N
0	vdw	A:GLY:199:CA	A:GLY:38:CA
0	vdw	A:ALF:362:F3	A:GLY:199:CA
0	vdw	A:GLY:199:C	A:GLY:38:N
0	vdw	A:GLY:199:C	A:GLY:38:CA
0	vdw	A:GLY:199:O	A:GLY:38:N
0	vdw	A:GLN:200:NE2	A:GLY:38:CA
0	vdw	A:ALF:362:F2	A:GLY:38:CA
0	vdw	A:ALF:362:F3	A:GLY:38:CA
0	vdw	A:ALF:362:F2	A:GLY:38:C
0	vdw	A:ALF:362:F3	A:GLY:38:C
0	vdw	A:ALF:362:F2	A:GLU:39:N
0	vdw	A:ALF:362:F3	A:GLU:39:N
0	vdw	A:ALF:362:F3	A:GLY:199:N
0	vdw	A:ALF:362:F2	A:GLN:200:NE2
0	vdw	A:ALF:362:F2	A:ARG:174:CZ
0	vdw	A:ALF:362:F2	A:ARG:174:NH1
0	vdw	A:ALF:362:F2	A:ARG:174:NH2
0	vdw	A:ALF:362:F2	A:GLN:200:CD
0	vdw	A:ALF:362:F2	A:GLN:200:OE1
0	vdw	A:ALF:362:F2	A:GLU:39:CG
0	vdw	A:ALF:362:F4	A:ARG:174:CZ
0	vdw	A:ALF:362:F4	A:ARG:174:NH1
0	vdw	A:ALF:362:F4	A:ARG:174:NH2
0	vdw	A:ALF:362:F4	A:VAL:175:O
0	vdw	A:ALF:362:F4	A:THR:177:N
0	vdw	A:ALF:362:F4	A:LYS:176:CA
0	vdw	A:ALF:362:F4	A:LYS:176:C
0	vdw	A:ARG:174:N	A:ASN:72:OD1
0	vdw	A:ARG:174:CA	A:ASN:72:OD1
0	vdw	A:MET:115:CG	A:VAL:159:CG1
0	vdw	A:MET:115:CB	A:TYR:70:CG
0	vdw	A:MET:115:CB	A:TYR:70:CD2
0	vdw	A:MET:115:CB	A:TYR:70:CE2
0	vdw	A:TRP:207:CD1	A:VAL:197:CB
0	vdw	A:TRP:207:NE1	A:VAL:197:CB
0	vdw	A:TRP:207:CE2	A:VAL:197:CG2
0	vdw	A:TRP:207:NE1	A:VAL:197:CG2
0	vdw	A:TRP:207:CZ2	A:VAL:197:CG2
0	vdw	A:GLY:198:O	A:TRP:207:CE2
0	vdw	A:GLY:198:O	A:TRP:207:NE1
0	vdw	A:GLY:198:O	A:TRP:207:CZ2
0	vdw	A:GLY:179:O	A:VAL:197:CA
0	vdw	A:GLY:179:O	A:GLY:198:N
0	vdw	A:GLU:203:CB	A:GLY:198:C
0	vdw	A:GLU:203:CB	A:GLY:198:O
0	vdw	A:ALF:362:F1	A:THR:177:OG1
0	vdw	A:ALF:362:F1	A:VAL:197:O
0	vdw	A:GLY:198:CA	A:THR:177:O
0	vdw	A:ALF:362:F4	A:THR:177:OG1
0	vdw	A:ILE:68:CG2	A:VAL:175:CG2
0	vdw	A:ILE:68:CD1	A:VAL:175:CG2
0	vdw	A:ARG:174:O	A:ASN:72:ND2
0	vdw	A:ALA:67:CA	A:GLY:113:O
0	vdw	A:THR:114:CA	A:TYR:70:CD2
0	vdw	A:THR:114:C	A:TYR:70:CD2
0	vdw	A:MET:115:N	A:TYR:70:CD2
0	vdw	A:GLU:212:CG	A:TRP:254:CH2
0	vdw	A:PHE:211:CD2	A:TRP:254:CD1
0	vdw	A:ASP:196:O	A:ILE:180:CA
0	vdw	A:GLY:179:O	A:VAL:197:C
0	vdw	A:ILE:180:CD1	A:LYS:206:O
0	vdw	A:ASP:196:O	A:ILE:181:N
0	vdw	A:CYS:210:SG	A:ILE:180:CG2
0	vdw	A:CYS:210:SG	A:ILE:180:CD1
0	vdw	A:ASP:196:O	A:ILE:180:C
0	vdw	A:ILE:89:N	A:MET:84:O
0	vdw	A:GLN:90:C	A:MET:84:CE
0	vdw	A:ILE:89:O	A:MET:84:O
0	vdw	A:ILE:89:CB	A:MET:84:SD
0	vdw	A:ILE:89:CA	A:MET:84:O
0	vdw	A:GLN:97:CG	A:TYR:91:CD2
0	vdw	A:ARG:96:CB	A:TYR:91:CD1
0	vdw	A:GLN:143:NE2	A:VAL:229:CG2
0	vdw	A:ALA:83:CB	A:TYR:142:CG
0	vdw	A:ALA:100:CB	A:TYR:91:OH
0	vdw	A:LEU:126:CD2	A:TYR:91:CE1
0	vdw	A:ARG:125:CZ	A:ASP:99:CG
0	vdw	A:ARG:125:NH1	A:ASP:99:CG
0	vdw	A:ARG:125:NH1	A:ASP:99:OD2
0	vdw	A:ARG:201:CZ	A:LEU:230:CD1
0	vdw	A:ARG:201:NH2	A:LEU:230:CD1
0	vdw	A:ARG:201:NE	A:LEU:230:CD1
0	vdw	A:LEU:103:CD1	A:LEU:126:CD1
0	vdw	A:ILE:122:CG2	A:LEU:103:CG
0	vdw	A:ARG:125:CZ	A:ASP:99:OD1
0	vdw	A:ARG:125:NH1	A:ASP:99:OD1
0	vdw	A:ARG:125:NH2	A:ASP:99:OD1
0	vdw	A:ILE:122:CD1	A:MET:106:SD
0	vdw	A:ASP:99:C	A:ILE:122:CG2
0	vdw	A:ASP:99:O	A:ILE:122:CG2
0	vdw	A:ILE:122:CG2	A:LEU:103:CB
0	vdw	A:GLN:200:CA	A:GLU:232:OE2
0	vdw	A:GLN:200:C	A:GLU:232:OE2
0	vdw	A:ARG:201:N	A:GLU:232:OE2
0	vdw	A:GLN:200:CB	A:GLU:232:OE2
0	vdw	A:LEU:103:CD2	A:LEU:74:CD1
0	vdw	A:LEU:74:CD1	A:MET:119:SD
0	vdw	A:LEU:74:CD1	A:MET:119:CE
0	vdw	A:ILE:77:CG2	A:LEU:103:CD1
0	vdw	A:ILE:123:CD1	A:MET:115:SD
0	vdw	A:ILE:123:CD1	A:MET:115:CE
0	vdw	A:LEU:103:CD2	A:MET:119:CE
0	vdw	A:MET:106:CE	A:MET:119:CB
0	vdw	A:GLN:200:OE1	A:LYS:176:CG
0	vdw	A:GLN:200:OE1	A:LYS:176:CD
0	vdw	A:ILE:110:CD1	A:PRO:116:CD
0	vdw	A:ILE:110:CD1	A:MET:119:SD
0	vdw	A:GLU:203:OE1	A:THR:178:CA
0	vdw	A:GLU:203:OE1	A:THR:178:OG1
0	vdw	A:GLU:203:OE1	A:THR:178:C
0	vdw	A:GLU:203:OE1	A:GLY:179:N
0	vdw	A:GLU:203:OE1	A:GLY:179:CA
0	vdw	A:GLU:203:CD	A:THR:178:CA
0	vdw	A:GLU:203:OE2	A:THR:178:CA
0	vdw	A:GLU:203:OE2	A:THR:178:CB
0	vdw	A:GLU:203:CD	A:THR:178:OG1
0	vdw	A:GLU:203:OE2	A:THR:178:OG1
0	vdw	A:GLU:203:CD	A:GLY:179:N
0	vdw	A:ALA:67:O	A:GLY:113:CA
0	vdw	A:ALA:67:CB	A:GLY:113:O
0	vdw	A:LEU:78:CD2	A:MET:104:SD
0	vdw	A:GLU:118:CG	A:MET:106:CE
0	vdw	A:GLU:118:OE1	A:MET:106:CE
0	vdw	A:GLU:118:CD	A:MET:106:CE
0	hbss	A:ASP:196:OD1	A:SER:43:OG
0	hbss	A:GLU:61:OE1	A:LYS:50:NZ
0	hbss	A:GLU:60:OE2	A:SER:58:OG
0	hbss	A:ARG:96:NE	A:ASP:99:OD2
0	hbss	A:ARG:96:NH2	A:ASP:99:OD2
0	hbss	A:ARG:101:NH2	A:ASP:98:OD2
0	hbss	A:GLN:124:NE2	A:GLU:156:OE1
0	hbss	A:ARG:138:NE	A:GLU:141:OE1
0	hbss	A:ARG:138:NE	A:GLU:141:OE2
0	hbss	A:ARG:138:NH2	A:GLU:141:OE1
0	hbss	A:ASP:169:OD1	A:TYR:150:OH
0	hbss	A:ARG:157:NE	A:ASP:154:OD2
0	hbss	A:ARG:157:NH1	A:ASP:169:OD1
0	hbss	A:ARG:157:NH1	A:ASP:169:OD2
0	hbss	A:ARG:157:NH2	A:ASP:169:OD1
0	hbss	A:ASP:169:OD2	A:TYR:163:OH
0	hbss	A:ASP:169:OD1	A:THR:166:OG1
0	hbss	A:ASP:169:OD2	A:THR:166:OG1
0	hbss	A:ARG:172:NE	A:GLN:168:OE1
0	hbss	A:GLU:203:OE1	A:THR:178:OG1
0	hbss	A:ASP:333:OD1	A:LYS:188:NZ
0	hbss	A:ASP:333:OD2	A:LYS:188:NZ
0	hbss	A:ASP:337:OD1	A:LYS:188:NZ
0	hbss	A:ARG:193:NH1	A:GLU:182:OE1
0	hbss	A:ARG:201:NE	A:GLU:241:OE2
0	hbss	A:ARG:201:NH2	A:GLU:241:OE1
0	hbss	A:ARG:204:NH1	A:GLU:241:OE2
0	hbss	A:ARG:204:NH2	A:GLU:241:OE2
0	hbss	A:GLU:203:OE1	A:LYS:206:NZ
0	hbss	A:ARG:238:NH1	A:GLU:39:OE2
0	hbss	A:ARG:238:NH2	A:GLU:39:OE2
0	hbss	A:ARG:238:NH2	A:GLN:143:OE1
0	hbss	A:ASN:251:ND2	A:ASP:247:OD2
0	hbss	A:ASP:146:OD2	A:LYS:266:NZ
0	hbss	A:GLU:271:OE1	A:LYS:267:NZ
0	hbss	A:ASP:227:OD1	A:LYS:273:NZ
0	hbss	A:GLU:272:OE1	A:LYS:275:NZ
0	hbss	A:SER:289:OG	A:THR:291:OG1
0	hbss	A:ARG:309:NH2	A:ASP:311:OD1
0	hbsb	A:ARG:28:NH1	A:THR:29:N
0	hbsb	A:LYS:31:N	A:THR:215:OG1
0	hbsb	A:SER:40:N	A:SER:40:OG
0	hbsb	A:GLY:36:O	A:LYS:42:NZ
0	hbsb	A:ALA:37:O	A:LYS:42:NZ
0	hbsb	A:ALA:322:O	A:GLN:48:NE2
0	hbsb	A:GLN:48:NE2	A:THR:323:O
0	hbsb	A:GLN:48:NE2	A:THR:325:N
0	hbsb	A:GLN:184:O	A:GLN:54:NE2
0	hbsb	A:GLU:61:OE1	A:SER:58:N
0	hbsb	A:GLU:60:N	A:SER:58:OG
0	hbsb	A:GLU:61:N	A:SER:58:OG
0	hbsb	A:LEU:158:O	A:TYR:70:OH
0	hbsb	A:ARG:174:O	A:ASN:72:ND2
0	hbsb	A:ILE:69:O	A:THR:73:OG1
0	hbsb	A:ARG:82:O	A:THR:86:OG1
0	hbsb	A:ASP:129:OD1	A:GLY:92:N
0	hbsb	A:ASP:129:OD2	A:GLY:92:N
0	hbsb	A:ASP:129:OD1	A:ASP:93:N
0	hbsb	A:ALA:95:N	A:ASP:93:OD2
0	hbsb	A:ILE:110:N	A:THR:109:OG1
0	hbsb	A:GLU:111:O	A:THR:114:OG1
0	hbsb	A:ASP:121:N	A:SER:120:OG
0	hbsb	A:ARG:125:NE	A:ASP:121:O
0	hbsb	A:GLY:131:N	A:SER:130:OG
0	hbsb	A:ASP:129:OD2	A:GLY:131:N
0	hbsb	A:ASP:129:OD2	A:ILE:132:N
0	hbsb	A:GLN:133:NE2	A:TRP:127:O
0	hbsb	A:GLU:141:N	A:SER:140:OG
0	hbsb	A:GLN:143:NE2	A:VAL:229:O
0	hbsb	A:ASN:145:N	A:ASN:145:OD1
0	hbsb	A:ASP:146:N	A:ASP:146:OD1
0	hbsb	A:ARG:172:O	A:SER:147:OG
0	hbsb	A:ASP:169:N	A:TYR:150:OH
0	hbsb	A:ASP:169:OD2	A:THR:166:N
0	hbsb	A:GLN:168:NE2	A:THR:323:O
0	hbsb	A:ASP:169:N	A:THR:166:OG1
0	hbsb	A:ARG:174:N	A:ASN:72:OD1
0	hbsb	A:GLY:179:N	A:THR:178:OG1
0	hbsb	A:GLU:203:OE1	A:GLY:179:N
0	hbsb	A:GLN:200:N	A:GLN:200:OE1
0	hbsb	A:ARG:201:N	A:GLU:232:OE2
0	hbsb	A:GLU:203:N	A:SER:202:OG
0	hbsb	A:ARG:204:NE	A:GLY:199:O
0	hbsb	A:ARG:204:NH2	A:GLY:199:O
0	hbsb	A:GLY:198:O	A:TRP:207:NE1
0	hbsb	A:ASP:227:N	A:ASP:227:OD1
0	hbsb	A:ALA:231:N	A:GLU:232:OE1
0	hbsb	A:GLU:232:N	A:GLU:232:OE1
0	hbsb	A:ASP:233:OD1	A:GLU:235:N
0	hbsb	A:ASN:237:ND2	A:TYR:226:O
0	hbsb	A:ARG:238:NE	A:VAL:229:O
0	hbsb	A:ASN:237:OD1	A:MET:239:N
0	hbsb	A:ASN:237:OD1	A:HIS:240:N
0	hbsb	A:CYS:282:O	A:HIS:240:NE2
0	hbsb	A:ASN:251:ND2	A:ASP:247:O
0	hbsb	A:ASN:251:ND2	A:LEU:306:O
0	hbsb	A:ASN:252:OD1	A:TRP:254:N
0	hbsb	A:LYS:313:NZ	A:THR:258:N
0	hbsb	A:SER:259:OG	A:THR:215:O
0	hbsb	A:ASN:265:ND2	A:SER:40:O
0	hbsb	A:ASN:265:OD1	A:LYS:266:N
0	hbsb	A:GLU:39:O	A:LYS:266:NZ
0	hbsb	A:ASP:268:N	A:ASP:268:OD1
0	hbsb	A:ASP:268:OD1	A:LEU:269:N
0	hbsb	A:LYS:273:NZ	A:SER:224:O
0	hbsb	A:ASN:290:OD1	A:LEU:279:N
0	hbsb	A:GLU:285:N	A:GLU:285:OE1
0	hbsb	A:GLU:294:O	A:TYR:286:OH
0	hbsb	A:GLU:294:OE1	A:SER:289:N
0	hbsb	A:SER:289:O	A:SER:289:OG
0	hbsb	A:GLN:302:NE2	A:TYR:298:O
0	hbsb	A:ASN:307:ND2	A:MET:308:N
0	hbsb	A:ASN:251:OD1	A:MET:308:N
0	hbsb	A:ARG:309:N	A:ASN:307:ND2
0	hbsb	A:LYS:313:NZ	A:PHE:255:O
0	hbsb	A:LYS:313:NZ	A:THR:256:O
0	hbsb	A:ASN:327:OD1	A:CYS:321:N
0	hbsb	A:ALA:322:N	A:ASN:265:OD1
0	hbsb	A:ASP:324:OD1	A:GLN:326:N
0	hbsb	A:ASN:327:N	A:ASP:324:OD1
0	hbsb	A:LEU:344:O	A:LYS:345:NZ
0	hbbb	A:ASN:191:O	A:VAL:30:N
0	hbbb	A:ARG:193:O	A:LEU:32:N
0	hbbb	A:ALA:216:O	A:LEU:33:N
0	hbbb	A:LEU:34:N	A:PHE:195:O
0	hbbb	A:ILE:218:O	A:LEU:35:N
0	hbbb	A:GLY:41:O	A:THR:44:N
0	hbbb	A:GLY:41:O	A:ILE:45:N
0	hbbb	A:ILE:45:N	A:LYS:42:O
0	hbbb	A:LYS:42:O	A:VAL:46:N
0	hbbb	A:LYS:47:N	A:SER:43:O
0	hbbb	A:LYS:47:N	A:THR:44:O
0	hbbb	A:GLN:48:N	A:THR:44:O
0	hbbb	A:GLN:48:N	A:ILE:45:O
0	hbbb	A:ILE:45:O	A:MET:49:N
0	hbbb	A:MET:49:N	A:VAL:46:O
0	hbbb	A:LYS:50:N	A:VAL:46:O
0	hbbb	A:LYS:47:O	A:LYS:50:N
0	hbbb	A:ILE:51:N	A:LYS:47:O
0	hbbb	A:GLN:48:O	A:ILE:51:N
0	hbbb	A:GLN:48:O	A:ILE:52:N
0	hbbb	A:ILE:52:N	A:MET:49:O
0	hbbb	A:HIS:53:N	A:MET:49:O
0	hbbb	A:GLN:54:N	A:LYS:50:O
0	hbbb	A:GLY:56:N	A:LYS:50:O
0	hbbb	A:GLU:61:N	A:SER:58:O
0	hbbb	A:CYS:62:N	A:SER:58:O
0	hbbb	A:LEU:59:O	A:LEU:63:N
0	hbbb	A:GLU:60:O	A:GLU:64:N
0	hbbb	A:GLU:61:O	A:GLU:64:N
0	hbbb	A:CYS:62:O	A:PHE:65:N
0	hbbb	A:ILE:66:N	A:LEU:63:O
0	hbbb	A:ILE:68:N	A:PHE:65:O
0	hbbb	A:ILE:69:N	A:PHE:65:O
0	hbbb	A:ILE:66:O	A:ILE:69:N
0	hbbb	A:ILE:66:O	A:TYR:70:N
0	hbbb	A:ALA:67:O	A:TYR:70:N
0	hbbb	A:ALA:67:O	A:GLY:71:N
0	hbbb	A:GLY:71:N	A:ILE:68:O
0	hbbb	A:ASN:72:N	A:ILE:68:O
0	hbbb	A:ASN:72:N	A:ILE:69:O
0	hbbb	A:ILE:69:O	A:THR:73:N
0	hbbb	A:LEU:74:N	A:TYR:70:O
0	hbbb	A:GLN:75:N	A:GLY:71:O
0	hbbb	A:ASN:72:O	A:SER:76:N
0	hbbb	A:SER:76:N	A:THR:73:O
0	hbbb	A:ILE:77:N	A:THR:73:O
0	hbbb	A:LEU:74:O	A:LEU:78:N
0	hbbb	A:ALA:79:N	A:GLN:75:O
0	hbbb	A:ALA:79:N	A:SER:76:O
0	hbbb	A:ILE:80:N	A:SER:76:O
0	hbbb	A:ILE:77:O	A:VAL:81:N
0	hbbb	A:ARG:82:N	A:LEU:78:O
0	hbbb	A:ALA:79:O	A:ALA:83:N
0	hbbb	A:ALA:83:N	A:ILE:80:O
0	hbbb	A:ILE:80:O	A:MET:84:N
0	hbbb	A:MET:84:N	A:VAL:81:O
0	hbbb	A:ARG:82:O	A:THR:85:N
0	hbbb	A:ARG:82:O	A:THR:86:N
0	hbbb	A:ALA:83:O	A:LEU:87:N
0	hbbb	A:ASN:88:N	A:THR:85:O
0	hbbb	A:ILE:89:N	A:MET:84:O
0	hbbb	A:ARG:96:N	A:ASP:93:O
0	hbbb	A:GLN:97:N	A:SER:94:O
0	hbbb	A:ALA:95:O	A:ASP:98:N
0	hbbb	A:ALA:100:N	A:ARG:96:O
0	hbbb	A:ALA:100:N	A:GLN:97:O
0	hbbb	A:ARG:101:N	A:GLN:97:O
0	hbbb	A:ASP:98:O	A:LYS:102:N
0	hbbb	A:ASP:99:O	A:LEU:103:N
0	hbbb	A:ALA:100:O	A:LEU:103:N
0	hbbb	A:ALA:100:O	A:MET:104:N
0	hbbb	A:ARG:101:O	A:HIS:105:N
0	hbbb	A:HIS:105:N	A:LYS:102:O
0	hbbb	A:LYS:102:O	A:MET:106:N
0	hbbb	A:ALA:107:N	A:LEU:103:O
0	hbbb	A:ALA:107:N	A:MET:104:O
0	hbbb	A:ASP:108:N	A:HIS:105:O
0	hbbb	A:HIS:105:O	A:THR:109:N
0	hbbb	A:MET:106:O	A:THR:109:N
0	hbbb	A:ILE:110:N	A:MET:106:O
0	hbbb	A:GLU:111:O	A:THR:114:N
0	hbbb	A:MET:119:N	A:PRO:116:O
0	hbbb	A:PRO:116:O	A:SER:120:N
0	hbbb	A:ASP:121:N	A:LYS:117:O
0	hbbb	A:GLU:118:O	A:ILE:122:N
0	hbbb	A:ILE:122:N	A:MET:119:O
0	hbbb	A:ILE:123:N	A:MET:119:O
0	hbbb	A:ILE:123:N	A:SER:120:O
0	hbbb	A:GLN:124:N	A:SER:120:O
0	hbbb	A:ARG:125:N	A:ASP:121:O
0	hbbb	A:ARG:125:N	A:ILE:122:O
0	hbbb	A:ILE:122:O	A:LEU:126:N
0	hbbb	A:ILE:123:O	A:LEU:126:N
0	hbbb	A:ILE:123:O	A:TRP:127:N
0	hbbb	A:GLN:124:O	A:LYS:128:N
0	hbbb	A:ARG:125:O	A:LYS:128:N
0	hbbb	A:ARG:125:O	A:ASP:129:N
0	hbbb	A:ASP:129:N	A:LEU:126:O
0	hbbb	A:ASP:129:O	A:ILE:132:N
0	hbbb	A:ASP:129:O	A:GLN:133:N
0	hbbb	A:ALA:134:N	A:SER:130:O
0	hbbb	A:CYS:135:N	A:GLY:131:O
0	hbbb	A:CYS:135:N	A:ILE:132:O
0	hbbb	A:ILE:132:O	A:PHE:136:N
0	hbbb	A:ASP:137:N	A:GLN:133:O
0	hbbb	A:ALA:134:O	A:ASP:137:N
0	hbbb	A:ALA:134:O	A:ARG:138:N
0	hbbb	A:ARG:138:N	A:CYS:135:O
0	hbbb	A:ALA:139:N	A:PHE:136:O
0	hbbb	A:ARG:138:O	A:GLU:141:N
0	hbbb	A:ALA:139:O	A:TYR:142:N
0	hbbb	A:ALA:148:N	A:ASN:145:O
0	hbbb	A:ALA:148:N	A:ASP:146:O
0	hbbb	A:SER:147:O	A:TYR:150:N
0	hbbb	A:SER:147:O	A:TYR:151:N
0	hbbb	A:ALA:148:O	A:TYR:151:N
0	hbbb	A:ALA:148:O	A:LEU:152:N
0	hbbb	A:GLY:149:O	A:SER:153:N
0	hbbb	A:ASP:154:N	A:TYR:151:O
0	hbbb	A:ARG:157:N	A:ASP:154:O
0	hbbb	A:ASP:154:O	A:LEU:158:N
0	hbbb	A:LEU:155:O	A:LEU:158:N
0	hbbb	A:LEU:155:O	A:VAL:159:N
0	hbbb	A:GLU:156:O	A:VAL:159:N
0	hbbb	A:ARG:157:O	A:THR:160:N
0	hbbb	A:THR:160:O	A:TYR:163:N
0	hbbb	A:ASP:169:N	A:THR:166:O
0	hbbb	A:THR:166:O	A:VAL:170:N
0	hbbb	A:GLU:167:O	A:VAL:170:N
0	hbbb	A:GLU:167:O	A:LEU:171:N
0	hbbb	A:ARG:172:N	A:GLN:168:O
0	hbbb	A:ARG:172:N	A:ASP:169:O
0	hbbb	A:ASP:169:O	A:SER:173:N
0	hbbb	A:SER:173:N	A:VAL:170:O
0	hbbb	A:ASP:196:O	A:ILE:181:N
0	hbbb	A:MET:194:O	A:THR:183:N
0	hbbb	A:PHE:185:N	A:PHE:192:O
0	hbbb	A:LEU:190:O	A:PHE:187:N
0	hbbb	A:LEU:190:N	A:PHE:187:O
0	hbbb	A:ARG:28:O	A:ASN:191:N
0	hbbb	A:PHE:185:O	A:PHE:192:N
0	hbbb	A:ARG:193:N	A:VAL:30:O
0	hbbb	A:MET:194:N	A:THR:183:O
0	hbbb	A:LEU:32:O	A:PHE:195:N
0	hbbb	A:ASP:196:N	A:ILE:181:O
0	hbbb	A:GLY:179:O	A:GLY:198:N
0	hbbb	A:GLN:200:O	A:GLU:203:N
0	hbbb	A:ARG:204:N	A:GLN:200:O
0	hbbb	A:ARG:201:O	A:ARG:204:N
0	hbbb	A:GLU:203:O	A:LYS:206:N
0	hbbb	A:ARG:204:O	A:TRP:207:N
0	hbbb	A:HIS:209:N	A:LYS:206:O
0	hbbb	A:CYS:210:N	A:TRP:207:O
0	hbbb	A:LYS:31:O	A:THR:215:N
0	hbbb	A:ALA:216:N	A:LYS:31:O
0	hbbb	A:ILE:217:N	A:SER:259:O
0	hbbb	A:ILE:218:N	A:LEU:33:O
0	hbbb	A:ILE:261:O	A:PHE:219:N
0	hbbb	A:CYS:220:N	A:LEU:35:O
0	hbbb	A:PHE:263:O	A:VAL:221:N
0	hbbb	A:ASN:265:O	A:LEU:223:N
0	hbbb	A:ALA:222:O	A:ASP:225:N
0	hbbb	A:ASP:225:O	A:LEU:228:N
0	hbbb	A:LEU:230:N	A:MET:236:O
0	hbbb	A:ASP:233:O	A:GLU:235:N
0	hbbb	A:ASP:233:O	A:MET:236:N
0	hbbb	A:ARG:238:N	A:LEU:228:O
0	hbbb	A:ASN:237:O	A:HIS:240:N
0	hbbb	A:ASN:237:O	A:GLU:241:N
0	hbbb	A:ARG:238:O	A:SER:242:N
0	hbbb	A:MET:239:O	A:MET:243:N
0	hbbb	A:HIS:240:O	A:LYS:244:N
0	hbbb	A:GLU:241:O	A:LYS:244:N
0	hbbb	A:GLU:241:O	A:LEU:245:N
0	hbbb	A:LEU:245:N	A:SER:242:O
0	hbbb	A:PHE:246:N	A:SER:242:O
0	hbbb	A:ASP:247:N	A:MET:243:O
0	hbbb	A:LYS:244:O	A:SER:248:N
0	hbbb	A:LEU:245:O	A:SER:248:N
0	hbbb	A:ILE:249:N	A:LEU:245:O
0	hbbb	A:ILE:249:N	A:PHE:246:O
0	hbbb	A:CYS:250:N	A:PHE:246:O
0	hbbb	A:ASN:252:O	A:PHE:255:N
0	hbbb	A:PHE:255:O	A:THR:258:N
0	hbbb	A:SER:259:N	A:THR:215:O
0	hbbb	A:ILE:217:O	A:ILE:261:N
0	hbbb	A:LEU:262:N	A:TYR:316:O
0	hbbb	A:PHE:219:O	A:PHE:263:N
0	hbbb	A:HIS:318:O	A:LEU:264:N
0	hbbb	A:ASN:265:N	A:VAL:221:O
0	hbbb	A:LYS:266:N	A:THR:320:O
0	hbbb	A:LYS:267:N	A:THR:320:O
0	hbbb	A:LEU:269:N	A:LYS:266:O
0	hbbb	A:LYS:266:O	A:PHE:270:N
0	hbbb	A:GLU:271:N	A:LYS:267:O
0	hbbb	A:GLU:272:N	A:LEU:269:O
0	hbbb	A:LEU:269:O	A:LYS:273:N
0	hbbb	A:ILE:274:N	A:PHE:270:O
0	hbbb	A:GLU:272:O	A:LYS:275:N
0	hbbb	A:LYS:273:O	A:LYS:276:N
0	hbbb	A:LYS:273:O	A:SER:277:N
0	hbbb	A:ILE:281:N	A:PRO:278:O
0	hbbb	A:CYS:282:N	A:LEU:279:O
0	hbbb	A:LEU:279:O	A:TYR:283:N
0	hbbb	A:TYR:283:O	A:TYR:286:N
0	hbbb	A:SER:289:O	A:THR:291:N
0	hbbb	A:ALA:295:N	A:THR:291:O
0	hbbb	A:GLY:296:N	A:TYR:292:O
0	hbbb	A:ASN:297:N	A:GLU:293:O
0	hbbb	A:ASN:297:N	A:GLU:294:O
0	hbbb	A:GLU:294:O	A:TYR:298:N
0	hbbb	A:ALA:295:O	A:TYR:298:N
0	hbbb	A:ALA:295:O	A:ILE:299:N
0	hbbb	A:GLY:296:O	A:ILE:299:N
0	hbbb	A:GLY:296:O	A:LYS:300:N
0	hbbb	A:ASN:297:O	A:VAL:301:N
0	hbbb	A:TYR:298:O	A:VAL:301:N
0	hbbb	A:GLN:302:N	A:TYR:298:O
0	hbbb	A:ILE:299:O	A:PHE:303:N
0	hbbb	A:LYS:300:O	A:PHE:303:N
0	hbbb	A:LEU:304:N	A:LYS:300:O
0	hbbb	A:GLU:305:N	A:VAL:301:O
0	hbbb	A:LEU:306:N	A:PHE:303:O
0	hbbb	A:LEU:304:O	A:LEU:306:N
0	hbbb	A:ASN:307:N	A:LEU:304:O
0	hbbb	A:ARG:309:O	A:VAL:312:N
0	hbbb	A:ARG:309:O	A:LYS:313:N
0	hbbb	A:ILE:260:O	A:TYR:316:N
0	hbbb	A:HIS:318:N	A:LEU:262:O
0	hbbb	A:LEU:264:O	A:THR:320:N
0	hbbb	A:ASP:324:N	A:CYS:321:O
0	hbbb	A:ASP:324:O	A:VAL:328:N
0	hbbb	A:LYS:329:N	A:THR:325:O
0	hbbb	A:GLN:326:O	A:PHE:330:N
0	hbbb	A:ASN:327:O	A:PHE:330:N
0	hbbb	A:ASN:327:O	A:VAL:331:N
0	hbbb	A:PHE:332:N	A:VAL:328:O
0	hbbb	A:ASP:333:N	A:LYS:329:O
0	hbbb	A:ASP:333:N	A:PHE:330:O
0	hbbb	A:ALA:334:N	A:PHE:330:O
0	hbbb	A:ALA:334:N	A:VAL:331:O
0	hbbb	A:VAL:331:O	A:VAL:335:N
0	hbbb	A:PHE:332:O	A:VAL:335:N
0	hbbb	A:PHE:332:O	A:THR:336:N
0	hbbb	A:ASP:333:O	A:ASP:337:N
0	hbbb	A:ALA:334:O	A:ASP:337:N
0	hbbb	A:ALA:334:O	A:ILE:338:N
0	hbbb	A:ILE:339:N	A:VAL:335:O
0	hbbb	A:ILE:340:N	A:THR:336:O
0	hbbb	A:ASP:337:O	A:LYS:341:N
0	hbbb	A:ILE:338:O	A:LYS:341:N
0	hbbb	A:GLU:342:N	A:ILE:338:O
0	hbbb	A:ASN:343:N	A:ILE:339:O
0	hbbb	A:LEU:344:N	A:LYS:341:O
0	hbbb	A:ASN:343:O	A:LYS:345:N
0	wb	A:ALA:231:N	A:GLU:232:OE1	A:HOH:370:O
0	wb	A:ALA:37:N	A:SER:242:OG	A:HOH:383:O
0	wb	A:ARG:204:NH2	A:GLU:232:OE2	A:HOH:378:O
0	wb	A:ARG:204:NH2	A:GLY:199:O	A:HOH:378:O
0	wb	A:ARG:204:NH2	A:GLY:38:N	A:HOH:378:O
0	wb	A:ARG:238:NH1	A:ASP:225:OD2	A:HOH:375:O
0	wb	A:ARG:238:NH1	A:LYS:266:NZ	A:HOH:375:O
0	wb	A:ARG:96:NH1	A:ASP:129:OD1	A:HOH:393:O
0	wb	A:ASP:137:O	A:SER:140:N	A:HOH:385:O
0	wb	A:ASP:137:O	A:SER:140:OG	A:HOH:385:O
0	wb	A:ASP:196:OD1	A:SER:43:OG	A:HOH:365:O
0	wb	A:ASP:196:OD1	A:THR:177:OG1	A:HOH:365:O
0	wb	A:ASP:225:OD2	A:LYS:266:NZ	A:HOH:375:O
0	wb	A:GLN:200:NE2	A:GLU:39:OE2	A:HOH:400:O
0	wb	A:GLU:118:OE1	A:LYS:102:NZ	A:HOH:377:O
0	wb	A:GLU:232:OE2	A:GLY:199:O	A:HOH:378:O
0	wb	A:GLU:232:OE2	A:GLY:38:N	A:HOH:378:O
0	wb	A:GLU:314:O	A:ILE:260:N	A:HOH:396:O
0	wb	A:GLY:199:O	A:GLY:38:N	A:HOH:378:O
0	wb	A:SER:140:N	A:SER:140:OG	A:HOH:385:O
0	wb	A:SER:173:O	A:SER:173:OG	A:HOH:398:O
0	wb	A:SER:202:N	A:SER:202:OG	A:HOH:405:O
0	wb	A:SER:43:OG	A:THR:177:OG1	A:HOH:365:O
0	wb2	A:ALA:222:N	A:ALA:37:N	A:HOH:383:O	A:HOH:409:O
0	wb2	A:ARG:172:NH2	A:GLN:168:OE1	A:HOH:392:O	A:HOH:386:O
0	wb2	A:ASP:146:N	A:SER:147:N	A:HOH:381:O	A:HOH:368:O
0	wb2	A:LYS:47:NZ	A:SER:173:O	A:HOH:408:O	A:HOH:398:O
0	wb2	A:LYS:47:NZ	A:SER:173:OG	A:HOH:408:O	A:HOH:398:O
0	wb2	A:SER:173:O	A:VAL:175:N	A:HOH:398:O	A:HOH:366:O
0	wb2	A:SER:173:OG	A:VAL:175:N	A:HOH:398:O	A:HOH:366:O
0	wb2	A:ALA:222:N	A:SER:242:OG	A:HOH:383:O	A:HOH:409:O
0	wb2	A:LYS:47:NZ	A:VAL:175:N	A:HOH:366:O	A:HOH:408:O
0	hls	A:GDP:360:O1B	A:SER:40:OG
0	hls	A:GDP:360:O1B	A:LYS:42:NZ
0	hls	A:GDP:360:O3B	A:LYS:42:NZ
0	hls	A:ALF:362:F3	A:LYS:42:NZ
0	hls	A:GDP:360:O3'	A:SER:147:OG
0	hls	A:ARG:174:NH1	A:GDP:360:O2A
0	hls	A:ALF:362:F4	A:ARG:174:NH1
0	hls	A:ALF:362:F2	A:ARG:174:NH2
0	hls	A:ALF:362:F4	A:ARG:174:NH2
0	hls	A:ALF:362:F1	A:THR:177:OG1
0	hls	A:ALF:362:F4	A:THR:177:OG1
0	hls	A:ALF:362:F2	A:GLN:200:NE2
0	hls	A:ASN:265:ND2	A:GDP:360:N7
0	hls	A:ARG:172:NH1	A:GDP:360:N2
0	hls	A:ASP:268:OD2	A:GDP:360:N2
0	hlb	A:GDP:360:O3B	A:GLU:39:N
0	hlb	A:ALF:362:F2	A:GLU:39:N
0	hlb	A:ALF:362:F3	A:GLU:39:N
0	hlb	A:GDP:360:O1B	A:SER:40:N
0	hlb	A:GDP:360:O3B	A:SER:40:N
0	hlb	A:GDP:360:PB	A:GLY:41:N
0	hlb	A:GDP:360:O1B	A:GLY:41:N
0	hlb	A:GDP:360:O3A	A:GLY:41:N
0	hlb	A:GDP:360:PB	A:LYS:42:N
0	hlb	A:GDP:360:O1B	A:LYS:42:N
0	hlb	A:GDP:360:O2B	A:SER:43:N
0	hlb	A:GDP:360:O1A	A:THR:44:N
0	hlb	A:ALF:362:F4	A:THR:177:N
0	hlb	A:ALF:362:F3	A:GLY:199:N
0	hlb	A:GDP:360:O6	A:LYS:266:N
0	hlb	A:ALA:322:N	A:GDP:360:O6
0	lwb	A:ALF:362:AL	A:GLY:199:N	A:HOH:363:O
0	lwb	A:ALF:362:F3	A:GLY:199:N	A:HOH:363:O
0	lwb	A:ALF:362:F4	A:ARG:174:NH1	A:HOH:364:O
0	lwb	A:ALF:362:F4	A:GLY:199:N	A:HOH:363:O
0	lwb	A:ARG:172:NH1	A:GDP:360:N2	A:HOH:382:O
