A:TIM:401	Ligand	white
A:TRP:32	h1.1x31	#78C5D5
A:VAL:33	h1.1x32	#78C5D5
A:VAL:34	h1.1x33	#78C5D5
A:GLY:35	h1.1x34	#78C5D5
A:MET:36	h1.1x35	#78C5D5
A:GLY:37	h1.1x36	#78C5D5
A:ILE:38	h1.1x37	#78C5D5
A:VAL:39	h1.1x38	#78C5D5
A:MET:40	h1.1x39	#78C5D5
A:SER:41	h1.1x40	#78C5D5
A:LEU:42	h1.1x41	#78C5D5
A:ILE:43	h1.1x42	#78C5D5
A:VAL:44	h1.1x43	#78C5D5
A:LEU:45	h1.1x44	#78C5D5
A:ALA:46	h1.1x45	#78C5D5
A:ILE:47	h1.1x46	#78C5D5
A:VAL:48	h1.1x47	#78C5D5
A:PHE:49	h1.1x48	#78C5D5
A:GLY:50	h1.1x49	#78C5D5
A:ASN:51	h1.1x50	#78C5D5
A:VAL:52	h1.1x51	#78C5D5
A:LEU:53	h1.1x52	#78C5D5
A:VAL:54	h1.1x53	#78C5D5
A:ILE:55	h1.1x54	#78C5D5
A:THR:56	h1.1x55	#78C5D5
A:ALA:57	h1.1x56	#78C5D5
A:ILE:58	h1.1x57	#78C5D5
A:ALA:59	h1.1x58	#78C5D5
A:LYS:60	h1.1x59	#78C5D5
A:PHE:61	h1.1x60	#78C5D5
A:GLU:62	h12.12x48	white
A:ARG:63	h12.12x49	white
A:LEU:64	h12.12x50	white
A:GLN:65	h12.12x51	white
A:THR:66	h2.2x37	#459BA8
A:VAL:67	h2.2x38	#459BA8
A:THR:68	h2.2x39	#459BA8
A:ASN:69	h2.2x40	#459BA8
A:TYR:70	h2.2x41	#459BA8
A:PHE:71	h2.2x42	#459BA8
A:ILE:72	h2.2x43	#459BA8
A:THR:73	h2.2x44	#459BA8
A:SER:74	h2.2x45	#459BA8
A:LEU:75	h2.2x46	#459BA8
A:ALA:76	h2.2x47	#459BA8
A:CYS:77	h2.2x48	#459BA8
A:ALA:78	h2.2x49	#459BA8
A:ASP:79	h2.2x50	#459BA8
A:LEU:80	h2.2x51	#459BA8
A:VAL:81	h2.2x52	#459BA8
A:MET:82	h2.2x53	#459BA8
A:GLY:83	h2.2x54	#459BA8
A:LEU:84	h2.2x55	#459BA8
A:ALA:85	h2.2x551	#459BA8
A:VAL:86	h2.2x56	#459BA8
A:VAL:87	h2.2x57	#459BA8
A:PRO:88	h2.2x58	#459BA8
A:PHE:89	h2.2x59	#459BA8
A:GLY:90	h2.2x60	#459BA8
A:ALA:91	h2.2x61	#459BA8
A:ALA:92	h2.2x62	#459BA8
A:HIS:93	h2.2x63	#459BA8
A:ILE:94	h2.2x64	#459BA8
A:LEU:95	h2.2x65	#459BA8
A:MET:96	h2.2x66	#459BA8
A:MET:98	h23.23x49	white
A:TRP:99	h23.23x50	white
A:THR:100	h23.23x51	white
A:PHE:101	h23.23x52	white
A:GLY:102	h3.3x21	#79C268
A:ASN:103	h3.3x22	#79C268
A:PHE:104	h3.3x23	#79C268
A:TRP:105	h3.3x24	#79C268
A:CYS:106	h3.3x25	#79C268
A:GLU:107	h3.3x26	#79C268
A:PHE:108	h3.3x27	#79C268
A:TRP:109	h3.3x28	#79C268
A:THR:110	h3.3x29	#79C268
A:SER:111	h3.3x30	#79C268
A:ILE:112	h3.3x31	#79C268
A:ASP:113	h3.3x32	#79C268
A:VAL:114	h3.3x33	#79C268
A:LEU:115	h3.3x34	#79C268
A:CYS:116	h3.3x35	#79C268
A:VAL:117	h3.3x36	#79C268
A:THR:118	h3.3x37	#79C268
A:ALA:119	h3.3x38	#79C268
A:SER:120	h3.3x39	#79C268
A:ILE:121	h3.3x40	#79C268
A:TRP:122	h3.3x41	#79C268
A:THR:123	h3.3x42	#79C268
A:LEU:124	h3.3x43	#79C268
A:CYS:125	h3.3x44	#79C268
A:VAL:126	h3.3x45	#79C268
A:ILE:127	h3.3x46	#79C268
A:ALA:128	h3.3x47	#79C268
A:VAL:129	h3.3x48	#79C268
A:ASP:130	h3.3x49	#79C268
A:ARG:131	h3.3x50	#79C268
A:TYR:132	h3.3x51	#79C268
A:PHE:133	h3.3x52	#79C268
A:ALA:134	h3.3x53	#79C268
A:ILE:135	h3.3x54	#79C268
A:THR:136	h3.3x55	#79C268
A:SER:137	h3.3x56	#79C268
A:PRO:138	h34.34x50	white
A:PHE:139	h34.34x51	white
A:LYS:140	h34.34x52	white
A:TYR:141	h34.34x53	white
A:GLN:142	h34.34x54	white
A:SER:143	h34.34x55	white
A:LEU:144	h34.34x56	white
A:LEU:145	h34.34x57	white
A:THR:146	h4.4x38	#C5D846
A:LYS:147	h4.4x39	#C5D846
A:ASN:148	h4.4x40	#C5D846
A:LYS:149	h4.4x41	#C5D846
A:ALA:150	h4.4x42	#C5D846
A:ARG:151	h4.4x43	#C5D846
A:VAL:152	h4.4x44	#C5D846
A:ILE:153	h4.4x45	#C5D846
A:ILE:154	h4.4x46	#C5D846
A:LEU:155	h4.4x47	#C5D846
A:MET:156	h4.4x48	#C5D846
A:VAL:157	h4.4x49	#C5D846
A:TRP:158	h4.4x50	#C5D846
A:ILE:159	h4.4x51	#C5D846
A:VAL:160	h4.4x52	#C5D846
A:SER:161	h4.4x53	#C5D846
A:GLY:162	h4.4x54	#C5D846
A:LEU:163	h4.4x55	#C5D846
A:THR:164	h4.4x56	#C5D846
A:SER:165	h4.4x57	#C5D846
A:PHE:166	h4.4x58	#C5D846
A:LEU:167	h4.4x59	#C5D846
A:PRO:168	h4.4x60	#C5D846
A:ILE:169	h4.4x61	#C5D846
A:GLN:170	h4.4x62	#C5D846
A:MET:171	h4.4x63	#C5D846
A:HIS:172	h4.4x64	#C5D846
A:CYS:191	h45.45x50	white
A:ASP:192	h45.45x51	white
A:PHE:193	h45.45x52	white
A:ASN:196	h5.5x36	#F5D63D
A:GLN:197	h5.5x37	#F5D63D
A:ALA:198	h5.5x38	#F5D63D
A:TYR:199	h5.5x39	#F5D63D
A:ALA:200	h5.5x40	#F5D63D
A:ILE:201	h5.5x41	#F5D63D
A:ALA:202	h5.5x42	#F5D63D
A:SER:203	h5.5x43	#F5D63D
A:SER:204	h5.5x44	#F5D63D
A:ILE:205	h5.5x45	#F5D63D
A:VAL:206	h5.5x46	#F5D63D
A:SER:207	h5.5x461	#F5D63D
A:PHE:208	h5.5x47	#F5D63D
A:TYR:209	h5.5x48	#F5D63D
A:VAL:210	h5.5x49	#F5D63D
A:PRO:211	h5.5x50	#F5D63D
A:LEU:212	h5.5x51	#F5D63D
A:VAL:213	h5.5x52	#F5D63D
A:ILE:214	h5.5x53	#F5D63D
A:MET:215	h5.5x54	#F5D63D
A:VAL:216	h5.5x55	#F5D63D
A:PHE:217	h5.5x56	#F5D63D
A:VAL:218	h5.5x57	#F5D63D
A:TYR:219	h5.5x58	#F5D63D
A:SER:220	h5.5x59	#F5D63D
A:ARG:221	h5.5x60	#F5D63D
A:VAL:222	h5.5x61	#F5D63D
A:PHE:223	h5.5x62	#F5D63D
A:GLN:224	h5.5x63	#F5D63D
A:GLU:225	h5.5x64	#F5D63D
A:ALA:226	h5.5x65	#F5D63D
A:LYS:227	h5.5x66	#F5D63D
A:ARG:228	h5.5x67	#F5D63D
A:GLN:229	h5.5x68	#F5D63D
A:LEU:230	h5.5x69	#F5D63D
A:PHE:264	h6.6x26	#F18B32
A:CYS:265	h6.6x27	#F18B32
A:LEU:266	h6.6x28	#F18B32
A:LYS:267	h6.6x29	#F18B32
A:GLU:268	h6.6x30	#F18B32
A:HIS:269	h6.6x31	#F18B32
A:LYS:270	h6.6x32	#F18B32
A:ALA:271	h6.6x33	#F18B32
A:LEU:272	h6.6x34	#F18B32
A:LYS:273	h6.6x35	#F18B32
A:THR:274	h6.6x36	#F18B32
A:LEU:275	h6.6x37	#F18B32
A:GLY:276	h6.6x38	#F18B32
A:ILE:277	h6.6x39	#F18B32
A:ILE:278	h6.6x40	#F18B32
A:MET:279	h6.6x41	#F18B32
A:GLY:280	h6.6x42	#F18B32
A:THR:281	h6.6x43	#F18B32
A:PHE:282	h6.6x44	#F18B32
A:THR:283	h6.6x45	#F18B32
A:LEU:284	h6.6x46	#F18B32
A:CYS:285	h6.6x47	#F18B32
A:TRP:286	h6.6x48	#F18B32
A:LEU:287	h6.6x49	#F18B32
A:PRO:288	h6.6x50	#F18B32
A:PHE:289	h6.6x51	#F18B32
A:PHE:290	h6.6x52	#F18B32
A:ILE:291	h6.6x53	#F18B32
A:VAL:292	h6.6x54	#F18B32
A:ASN:293	h6.6x55	#F18B32
A:ILE:294	h6.6x56	#F18B32
A:VAL:295	h6.6x57	#F18B32
A:HIS:296	h6.6x58	#F18B32
A:VAL:297	h6.6x59	#F18B32
A:ILE:298	h6.6x60	#F18B32
A:GLN:299	h6.6x61	#F18B32
A:ARG:304	h7.7x30	#E868A1
A:LYS:305	h7.7x31	#E868A1
A:GLU:306	h7.7x32	#E868A1
A:VAL:307	h7.7x33	#E868A1
A:TYR:308	h7.7x34	#E868A1
A:ILE:309	h7.7x35	#E868A1
A:LEU:310	h7.7x36	#E868A1
A:LEU:311	h7.7x37	#E868A1
A:ASN:312	h7.7x38	#E868A1
A:TRP:313	h7.7x39	#E868A1
A:ILE:314	h7.7x40	#E868A1
A:GLY:315	h7.7x41	#E868A1
A:TYR:316	h7.7x42	#E868A1
A:VAL:317	h7.7x43	#E868A1
A:ASN:318	h7.7x45	#E868A1
A:SER:319	h7.7x46	#E868A1
A:GLY:320	h7.7x47	#E868A1
A:PHE:321	h7.7x48	#E868A1
A:ASN:322	h7.7x49	#E868A1
A:PRO:323	h7.7x50	#E868A1
A:LEU:324	h7.7x51	#E868A1
A:ILE:325	h7.7x52	#E868A1
A:TYR:326	h7.7x53	#E868A1
A:CYS:327	h7.7x54	#E868A1
A:ARG:328	h7.7x55	#E868A1
A:SER:329	h8.8x47	#C063A6
A:PRO:330	h8.8x48	#C063A6
A:ASP:331	h8.8x49	#C063A6
A:PHE:332	h8.8x50	#C063A6
A:ARG:333	h8.8x51	#C063A6
A:ILE:334	h8.8x52	#C063A6
A:ALA:335	h8.8x53	#C063A6
A:PHE:336	h8.8x54	#C063A6
A:GLN:337	h8.8x55	#C063A6
A:GLU:338	h8.8x56	#C063A6
A:LEU:339	h8.8x57	#C063A6
A:LEU:340	h8.8x58	#C063A6
A:CYS:341	h8.8x59	#C063A6
