137:R:PRO	h1.1x32	#78C5D5
138:R:GLU	h1.1x33	#78C5D5
139:R:GLU	h1.1x34	#78C5D5
140:R:GLN	h1.1x35	#78C5D5
141:R:LEU	h1.1x36	#78C5D5
142:R:LEU	h1.1x37	#78C5D5
143:R:PHE	h1.1x38	#78C5D5
144:R:LEU	h1.1x39	#78C5D5
145:R:TYR	h1.1x40	#78C5D5
146:R:ILE	h1.1x41	#78C5D5
147:R:ILE	h1.1x42	#78C5D5
148:R:TYR	h1.1x43	#78C5D5
149:R:THR	h1.1x44	#78C5D5
150:R:VAL	h1.1x45	#78C5D5
151:R:GLY	h1.1x46	#78C5D5
152:R:TYR	h1.1x47	#78C5D5
153:R:ALA	h1.1x48	#78C5D5
154:R:LEU	h1.1x49	#78C5D5
155:R:SER	h1.1x50	#78C5D5
156:R:PHE	h1.1x51	#78C5D5
157:R:SER	h1.1x52	#78C5D5
158:R:ALA	h1.1x53	#78C5D5
159:R:LEU	h1.1x54	#78C5D5
160:R:VAL	h1.1x55	#78C5D5
161:R:ILE	h1.1x56	#78C5D5
162:R:ALA	h1.1x57	#78C5D5
163:R:SER	h1.1x58	#78C5D5
164:R:ALA	h1.1x59	#78C5D5
165:R:ILE	h1.1x60	#78C5D5
166:R:LEU	h1.1x61	#78C5D5
167:R:LEU	h1.1x62	#78C5D5
168:R:GLY	h1.1x63	#78C5D5
169:R:PHE	h1.1x64	#78C5D5
170:R:ARG	h12.12x48	white
171:R:HIS	h12.12x49	white
172:R:LEU	h12.12x50	white
173:R:HIS	h12.12x51	white
174:R:CYS	h2.2x44	#459BA8
175:R:THR	h2.2x45	#459BA8
176:R:ARG	h2.2x46	#459BA8
177:R:ASN	h2.2x47	#459BA8
178:R:TYR	h2.2x48	#459BA8
179:R:ILE	h2.2x49	#459BA8
180:R:HIS	h2.2x50	#459BA8
181:R:LEU	h2.2x51	#459BA8
182:R:ASN	h2.2x52	#459BA8
183:R:LEU	h2.2x53	#459BA8
184:R:PHE	h2.2x54	#459BA8
185:R:ALA	h2.2x55	#459BA8
186:R:SER	h2.2x56	#459BA8
187:R:PHE	h2.2x57	#459BA8
188:R:ILE	h2.2x58	#459BA8
189:R:LEU	h2.2x59	#459BA8
190:R:ARG	h2.2x60	#459BA8
191:R:ALA	h2.2x61	#459BA8
192:R:LEU	h2.2x62	#459BA8
193:R:SER	h2.2x63	#459BA8
194:R:VAL	h2.2x64	#459BA8
195:R:PHE	h2.2x65	#459BA8
196:R:ILE	h2.2x66	#459BA8
197:R:LYS	h2.2x67	#459BA8
198:R:ASP	h2.2x68	#459BA8
199:R:ALA	h2.2x69	#459BA8
200:R:ALA	h2.2x70	#459BA8
201:R:LEU	h2.2x71	#459BA8
202:R:LYS	h2.2x72	#459BA8
203:R:TRP	h2.2x73	#459BA8
204:R:MET	h2.2x74	#459BA8
205:R:TYR	h2.2x75	#459BA8
206:R:SER	h2.2x76	#459BA8
207:R:THR	h2.2x77	#459BA8
208:R:ALA	h2.2x78	#459BA8
209:R:ALA	h2.2x79	#459BA8
210:R:GLN	h2.2x80	#459BA8
211:R:GLN	h2.2x81	#459BA8
224:R:LEU	h3.3x27	#79C268
225:R:SER	h3.3x28	#79C268
226:R:CYS	h3.3x29	#79C268
227:R:ARG	h3.3x30	#79C268
228:R:LEU	h3.3x31	#79C268
229:R:VAL	h3.3x32	#79C268
230:R:PHE	h3.3x33	#79C268
231:R:LEU	h3.3x34	#79C268
232:R:LEU	h3.3x35	#79C268
233:R:MET	h3.3x36	#79C268
234:R:GLN	h3.3x37	#79C268
235:R:TYR	h3.3x38	#79C268
236:R:CYS	h3.3x39	#79C268
237:R:VAL	h3.3x40	#79C268
238:R:ALA	h3.3x41	#79C268
239:R:ALA	h3.3x42	#79C268
240:R:ASN	h3.3x43	#79C268
241:R:TYR	h3.3x44	#79C268
242:R:TYR	h3.3x45	#79C268
243:R:TRP	h3.3x46	#79C268
244:R:LEU	h3.3x47	#79C268
245:R:LEU	h3.3x48	#79C268
246:R:VAL	h3.3x49	#79C268
247:R:GLU	h3.3x50	#79C268
248:R:GLY	h3.3x51	#79C268
249:R:VAL	h3.3x52	#79C268
250:R:TYR	h3.3x53	#79C268
251:R:LEU	h3.3x54	#79C268
252:R:TYR	h3.3x55	#79C268
253:R:THR	h3.3x56	#79C268
254:R:LEU	h3.3x57	#79C268
255:R:LEU	h3.3x58	#79C268
256:R:ALA	h3.3x59	#79C268
257:R:PHE	h3.3x60	#79C268
261:R:SER	h4.4x38	#C5D846
262:R:GLU	h4.4x39	#C5D846
263:R:GLN	h4.4x40	#C5D846
264:R:TRP	h4.4x41	#C5D846
265:R:ILE	h4.4x42	#C5D846
266:R:PHE	h4.4x43	#C5D846
267:R:ARG	h4.4x44	#C5D846
268:R:LEU	h4.4x45	#C5D846
269:R:TYR	h4.4x46	#C5D846
270:R:VAL	h4.4x47	#C5D846
271:R:SER	h4.4x48	#C5D846
272:R:ILE	h4.4x49	#C5D846
273:R:GLY	h4.4x491	#C5D846
274:R:TRP	h4.4x50	#C5D846
275:R:GLY	h4.4x51	#C5D846
276:R:VAL	h4.4x52	#C5D846
277:R:PRO	h4.4x53	#C5D846
278:R:LEU	h4.4x54	#C5D846
279:R:LEU	h4.4x55	#C5D846
280:R:PHE	h4.4x56	#C5D846
281:R:VAL	h4.4x57	#C5D846
282:R:VAL	h4.4x58	#C5D846
283:R:PRO	h4.4x59	#C5D846
284:R:TRP	h4.4x60	#C5D846
285:R:GLY	h4.4x61	#C5D846
286:R:ILE	h4.4x62	#C5D846
287:R:VAL	h4.4x63	#C5D846
288:R:LYS	h4.4x64	#C5D846
289:R:TYR	h4.4x65	#C5D846
290:R:LEU	h4.4x66	#C5D846
291:R:TYR	h4.4x67	#C5D846
292:R:GLU	h4.4x68	#C5D846
296:R:CYS	h45.45x50	white
297:R:TRP	h45.45x51	white
298:R:THR	h45.45x52	white
305:R:TYR	h5.5x36	#F5D63D
306:R:TRP	h5.5x37	#F5D63D
307:R:LEU	h5.5x38	#F5D63D
308:R:ILE	h5.5x381	#F5D63D
309:R:ILE	h5.5x39	#F5D63D
310:R:ARG	h5.5x40	#F5D63D
311:R:LEU	h5.5x41	#F5D63D
312:R:PRO	h5.5x42	#F5D63D
313:R:ILE	h5.5x43	#F5D63D
314:R:LEU	h5.5x44	#F5D63D
315:R:PHE	h5.5x45	#F5D63D
316:R:ALA	h5.5x46	#F5D63D
317:R:ILE	h5.5x47	#F5D63D
318:R:GLY	h5.5x48	#F5D63D
319:R:VAL	h5.5x49	#F5D63D
320:R:ASN	h5.5x50	#F5D63D
321:R:PHE	h5.5x51	#F5D63D
322:R:LEU	h5.5x52	#F5D63D
323:R:ILE	h5.5x53	#F5D63D
324:R:PHE	h5.5x54	#F5D63D
325:R:VAL	h5.5x55	#F5D63D
326:R:ARG	h5.5x56	#F5D63D
327:R:VAL	h5.5x57	#F5D63D
328:R:ILE	h5.5x58	#F5D63D
329:R:CYS	h5.5x59	#F5D63D
330:R:ILE	h5.5x60	#F5D63D
331:R:VAL	h5.5x61	#F5D63D
332:R:VAL	h5.5x62	#F5D63D
333:R:SER	h5.5x63	#F5D63D
334:R:LYS	h5.5x64	#F5D63D
335:R:LEU	h5.5x65	#F5D63D
336:R:LYS	h5.5x66	#F5D63D
337:R:ALA	h5.5x67	#F5D63D
346:R:LYS	h6.6x35	#F18B32
347:R:CYS	h6.6x36	#F18B32
348:R:ARG	h6.6x37	#F18B32
349:R:LEU	h6.6x38	#F18B32
350:R:ALA	h6.6x39	#F18B32
351:R:LYS	h6.6x40	#F18B32
352:R:SER	h6.6x41	#F18B32
353:R:THR	h6.6x42	#F18B32
354:R:LEU	h6.6x43	#F18B32
355:R:THR	h6.6x44	#F18B32
356:R:LEU	h6.6x45	#F18B32
357:R:ILE	h6.6x46	#F18B32
358:R:PRO	h6.6x47	#F18B32
359:R:LEU	h6.6x48	#F18B32
360:R:LEU	h6.6x49	#F18B32
361:R:GLY	h6.6x50	#F18B32
362:R:THR	h6.6x51	#F18B32
363:R:HIS	h6.6x52	#F18B32
364:R:GLU	h6.6x53	#F18B32
365:R:VAL	h6.6x54	#F18B32
366:R:ILE	h6.6x55	#F18B32
367:R:PHE	h6.6x56	#F18B32
368:R:ALA	h6.6x57	#F18B32
369:R:PHE	h6.6x58	#F18B32
379:R:LEU	h7.7x33	#E868A1
380:R:ARG	h7.7x34	#E868A1
381:R:PHE	h7.7x35	#E868A1
382:R:ILE	h7.7x36	#E868A1
383:R:LYS	h7.7x37	#E868A1
384:R:LEU	h7.7x38	#E868A1
385:R:PHE	h7.7x39	#E868A1
386:R:THR	h7.7x40	#E868A1
387:R:GLU	h7.7x41	#E868A1
388:R:LEU	h7.7x42	#E868A1
389:R:SER	h7.7x43	#E868A1
390:R:PHE	h7.7x44	#E868A1
391:R:THR	h7.7x45	#E868A1
392:R:SER	h7.7x46	#E868A1
393:R:PHE	h7.7x47	#E868A1
394:R:GLN	h7.7x49	#E868A1
395:R:GLY	h7.7x50	#E868A1
396:R:LEU	h7.7x51	#E868A1
397:R:MET	h7.7x52	#E868A1
398:R:VAL	h7.7x53	#E868A1
399:R:ALA	h7.7x54	#E868A1
400:R:ILE	h7.7x55	#E868A1
401:R:LEU	h7.7x56	#E868A1
402:R:TYR	h7.7x57	#E868A1
403:R:CYS	h7.7x58	#E868A1
404:R:PHE	h7.7x59	#E868A1
405:R:VAL	h7.7x60	#E868A1
406:R:ASN	h8.8x47	#C063A6
407:R:ASN	h8.8x48	#C063A6
408:R:GLU	h8.8x49	#C063A6
409:R:VAL	h8.8x50	#C063A6
410:R:GLN	h8.8x51	#C063A6
411:R:LEU	h8.8x52	#C063A6
412:R:GLU	h8.8x53	#C063A6
413:R:PHE	h8.8x54	#C063A6
414:R:ARG	h8.8x55	#C063A6
415:R:LYS	h8.8x56	#C063A6
416:R:SER	h8.8x57	#C063A6
417:R:TRP	h8.8x58	#C063A6
418:R:GLU	h8.8x59	#C063A6
419:R:ARG	h8.8x60	#C063A6
420:R:TRP	h8.8x61	#C063A6
421:R:ARG	h8.8x62	#C063A6
422:R:LEU	h8.8x63	#C063A6
423:R:GLU	h8.8x64	#C063A6
