# total_frames:1 beg:0 end:0 stride:1 interaction_types:hp,sb,pc,ps,ts,vdw,hb
# Columns: frame, interaction_type, atom_1, atom_2[, atom_3[, atom_4]]
0	sb	A:GLU:161:OE1	A:HIS:185:ND1
0	sb	A:ARG:156:NH2	A:GLU:187:OE1
0	sb	A:ARG:95:NH1	A:ASP:142:OD1
0	sb	A:ASP:262:OD2	A:LYS:244:NZ
0	sb	A:GLU:223:OE1	A:LYS:225:NZ
0	sb	A:ARG:95:NH2	A:ASP:142:OD2
0	sb	A:GLU:55:OE1	A:LYS:38:NZ
0	sb	A:ARG:253:NH2	A:GLU:177:OE2
0	sb	A:GLU:85:OE1	A:LYS:145:NZ
0	sb	A:ASP:213:OD1	A:LYS:222:NZ
0	sb	A:ASP:220:OD2	A:LYS:225:NZ
0	sb	A:ARG:29:NH2	A:ASP:8:OD2
0	sb	A:GLU:161:OE2	A:HIS:185:ND1
0	sb	A:GLU:85:OE2	A:LYS:145:NZ
0	sb	A:ASP:213:OD2	A:LYS:222:NZ
0	sb	A:GLU:55:OE2	A:LYS:38:NZ
0	sb	A:ASP:258:OD2	A:LYS:261:NZ
0	sb	A:ASP:190:OD2	A:HIS:122:NE2
0	sb	A:ASP:130:OD1	A:LYS:132:NZ
0	sb	A:GLU:187:OE1	A:HIS:122:ND1
0	sb	A:GLU:205:OE2	A:LYS:233:NZ
0	sb	A:ARG:253:NH1	A:GLU:177:OE2
0	sb	A:ARG:182:NH2	A:GLU:183:OE1
0	sb	A:GLU:248:OE1	A:LYS:222:NZ
0	sb	A:ASP:99:OD1	A:LYS:233:NZ
0	sb	A:GLU:65:OE2	A:HIS:64:NE2
0	sb	A:ASP:130:OD2	A:LYS:132:NZ
0	sb	A:ARG:253:NH1	A:GLU:177:OE1
0	sb	A:GLU:248:OE2	A:LYS:222:NZ
0	sb	A:ARG:95:NH2	A:ASP:142:OD1
0	sb	A:GLU:65:OE1	A:HIS:64:NE2
0	sb	A:ASP:148:OD2	A:LYS:38:NZ
0	sb	A:ARG:182:NH1	A:GLU:183:OE1
0	sb	A:ARG:253:NH2	A:GLU:177:OE1
0	pc	A:HIS:122:NE2	A:PHE:155:CE1
0	pc	A:HIS:64:NE2	A:TYR:120:CE1
0	pc	A:ARG:156:NH1	A:PHE:155:CE1
0	pc	A:HIS:122:ND1	A:PHE:155:CE1
0	pc	A:ARG:162:NH2	A:TYR:157:CE1
0	pc	A:HIS:112:ND1	A:TYR:265:CE1
0	pc	A:HIS:243:ND1	A:TRP:221:CD2
0	pc	A:HIS:112:NE2	A:TYR:265:CE1
0	pc	A:HIS:64:ND1	A:TYR:120:CE1
0	pc	A:HIS:243:NE2	A:TRP:221:CD2
0	pc	A:HIS:128:NE2	A:PHE:149:CE1
0	pc	A:LYS:222:NZ	A:TYR:218:CE1
0	pc	A:ARG:109:NH1	A:PHE:110:CE1
0	ps	A:HIS:243:CD2	A:TRP:221:CD2
0	ps	A:HIS:64:CD2	A:TYR:120:CE1
0	ts	A:TRP:208:CD2	A:TYR:218:CE1
0	ts	A:HIS:112:CD2	A:TYR:265:CE1
0	vdw	A:ASN:159:N	A:HOH:2039:O
0	vdw	A:ASN:158:N	A:HOH:2039:O
0	vdw	A:GLY:123:O	A:HOH:2023:O
0	vdw	A:HOH:2023:O	A:HOH:2036:O
0	vdw	A:ARG:156:CD	A:HOH:2036:O
0	vdw	A:HOH:2023:O	A:HOH:2039:O
0	vdw	A:ARG:156:NH1	A:HOH:2036:O
0	vdw	A:HOH:2023:O	A:ILE:124:C
0	vdw	A:HOH:2023:O	A:ILE:124:CA
0	vdw	A:ARG:156:NE	A:HOH:2035:O
0	vdw	A:ARG:156:CB	A:GLY:125:CA
0	vdw	A:GLU:161:CA	A:PHE:155:O
0	vdw	A:GLU:161:C	A:PHE:155:O
0	vdw	A:HOH:2003:O	A:HOH:2019:O
0	vdw	A:HOH:2003:O	A:TYR:120:CA
0	vdw	A:HOH:2020:O	A:HOH:2037:O
0	vdw	A:GLY:123:CA	A:HOH:2019:O
0	vdw	A:GLY:123:N	A:HOH:2020:O
0	vdw	A:GLY:123:CA	A:HOH:2020:O
0	vdw	A:HOH:2019:O	A:VAL:119:O
0	vdw	A:HOH:2020:O	A:VAL:119:CA
0	vdw	A:HOH:2020:O	A:VAL:119:C
0	vdw	A:HOH:2020:O	A:VAL:119:O
0	vdw	A:HOH:2020:O	A:VAL:119:CG1
0	vdw	A:ARG:156:NH2	A:HOH:2037:O
0	vdw	A:ARG:156:NH2	A:HOH:2035:O
0	vdw	A:ARG:156:NH2	A:HIS:122:O
0	vdw	A:HIS:122:C	A:HOH:2037:O
0	vdw	A:HIS:122:O	A:HOH:2037:O
0	vdw	A:GLU:187:OE1	A:HOH:2037:O
0	vdw	A:GLU:187:OE2	A:HOH:2035:O
0	vdw	A:GLU:161:OE2	A:HIS:185:ND1
0	vdw	A:HIS:185:ND1	A:LEU:163:CD2
0	vdw	A:HIS:185:CE1	A:LEU:163:CD2
0	vdw	A:HIS:185:NE2	A:LEU:163:CD2
0	vdw	A:HIS:185:ND1	A:HOH:2044:O
0	vdw	A:HOH:2021:O	A:TYR:120:CD1
0	vdw	A:HOH:2021:O	A:TYR:120:O
0	vdw	A:GLY:123:CA	A:HOH:2021:O
0	vdw	A:GLY:123:C	A:HOH:2021:O
0	vdw	A:HOH:2021:O	A:ILE:124:N
0	vdw	A:HOH:2021:O	A:TYR:120:CA
0	vdw	A:HOH:2021:O	A:ILE:124:CG2
0	vdw	A:HOH:2021:O	A:TYR:120:C
0	vdw	A:ASN:63:O	A:TYR:120:CE1
0	vdw	A:ARG:156:CZ	A:HIS:122:O
0	vdw	A:ARG:156:NH1	A:HIS:122:O
0	vdw	A:HIS:122:O	A:PHE:155:CZ
0	vdw	A:ARG:156:CZ	A:HOH:2035:O
0	vdw	A:HIS:122:CA	A:PHE:155:CZ
0	vdw	A:GLU:187:CG	A:PHE:155:CE2
0	vdw	A:GLU:187:CD	A:PHE:155:CE2
0	vdw	A:GLU:187:CG	A:PHE:155:CZ
0	vdw	A:GLU:161:OE1	A:HOH:2045:O
0	vdw	A:GLU:161:CD	A:HIS:185:ND1
0	vdw	A:GLU:161:CD	A:HIS:185:CE1
0	vdw	A:GLU:161:OE1	A:HIS:185:ND1
0	vdw	A:GLU:161:OE1	A:HIS:185:CE1
0	vdw	A:GLU:161:OE1	A:HIS:185:CG
0	vdw	A:LEU:163:CB	A:PHE:184:O
0	vdw	A:HIS:185:CG	A:LEU:163:CD2
0	vdw	A:HIS:185:CD2	A:LEU:163:CD2
0	vdw	A:MET:61:O	A:TYR:120:OH
0	vdw	A:ASN:63:N	A:TYR:120:CZ
0	vdw	A:ASN:63:C	A:TYR:120:CZ
0	vdw	A:ASN:63:O	A:TYR:120:CZ
0	vdw	A:ASN:63:N	A:TYR:120:OH
0	vdw	A:ASN:63:CA	A:TYR:120:OH
0	vdw	A:ASN:63:C	A:TYR:120:OH
0	vdw	A:ASN:63:O	A:TYR:120:OH
0	vdw	A:ILE:124:CD1	A:LEU:62:CD2
0	vdw	A:GLY:125:O	A:PHE:155:N
0	vdw	A:ARG:156:N	A:GLY:125:O
0	vdw	A:GLY:125:O	A:VAL:154:CA
0	vdw	A:GLY:125:O	A:VAL:154:C
0	vdw	A:GLY:125:C	A:PHE:155:CD1
0	vdw	A:GLY:125:O	A:PHE:155:CD1
0	vdw	A:ILE:126:N	A:PHE:155:CD1
0	vdw	A:GLY:125:CA	A:PHE:155:CZ
0	vdw	A:GLY:125:CA	A:PHE:155:CE1
0	vdw	A:GLY:125:C	A:PHE:155:CE1
0	vdw	A:GLY:125:O	A:PHE:155:CE1
0	vdw	A:ILE:126:N	A:PHE:155:CE1
0	vdw	A:ILE:126:N	A:LEU:121:O
0	vdw	A:ARG:162:N	A:PHE:155:O
0	vdw	A:ARG:162:O	A:HOH:2045:O
0	vdw	A:LEU:163:CA	A:PHE:184:O
0	vdw	A:ILE:126:CD1	A:MET:61:SD
0	vdw	A:ILE:126:CD1	A:MET:61:CE
0	vdw	A:HOH:2054:O	A:LYS:260:CE
0	vdw	A:HOH:2054:O	A:LYS:260:NZ
0	vdw	A:ALA:116:CA	A:HOH:2054:O
0	vdw	A:ILE:256:CG2	A:VAL:119:CG2
0	vdw	A:HOH:2022:O	A:HOH:2053:O
0	vdw	A:HOH:2053:O	A:ILE:256:N
0	vdw	A:HOH:2053:O	A:ILE:256:CB
0	vdw	A:HOH:2053:O	A:ILE:256:CG1
0	vdw	A:HOH:2053:O	A:THR:255:CB
0	vdw	A:HOH:2053:O	A:THR:255:CA
0	vdw	A:HOH:2010:O	A:HOH:2044:O
0	vdw	A:HOH:2010:O	A:PRO:188:CG
0	vdw	A:HOH:2010:O	A:PRO:188:CD
0	vdw	A:HIS:122:ND1	A:HOH:2022:O
0	vdw	A:GLU:187:CG	A:HIS:122:ND1
0	vdw	A:GLU:187:CD	A:HOH:2022:O
0	vdw	A:GLU:187:OE1	A:HOH:2022:O
0	vdw	A:HIS:122:CG	A:HOH:2022:O
0	vdw	A:HIS:122:CE1	A:HOH:2022:O
0	vdw	A:HOH:2022:O	A:ILE:256:CD1
0	vdw	A:GLU:187:CB	A:HIS:122:CE1
0	vdw	A:GLU:187:CG	A:HIS:122:CE1
0	vdw	A:HIS:185:CB	A:HOH:2044:O
0	vdw	A:HIS:185:CG	A:HOH:2044:O
0	vdw	A:HIS:185:CB	A:HOH:2043:O
0	vdw	A:GLU:65:OE1	A:HOH:2006:O
0	vdw	A:HIS:64:CB	A:TYR:120:CG
0	vdw	A:HIS:64:CB	A:TYR:120:CD2
0	vdw	A:HIS:64:CG	A:TYR:120:CG
0	vdw	A:HIS:64:CD2	A:TYR:120:CB
0	vdw	A:HIS:64:CD2	A:TYR:120:CG
0	vdw	A:HIS:64:CB	A:TYR:120:CE2
0	vdw	A:ILE:126:O	A:LEU:121:C
0	vdw	A:ILE:126:CA	A:LEU:121:O
0	vdw	A:ILE:126:O	A:LEU:121:O
0	vdw	A:ILE:126:CB	A:LEU:121:O
0	vdw	A:ILE:126:O	A:LEU:121:CB
0	vdw	A:HIS:122:CA	A:PHE:155:CE1
0	vdw	A:GLU:187:CG	A:HIS:122:CG
0	vdw	A:ALA:186:CB	A:PHE:155:CG
0	vdw	A:HIS:185:CA	A:HOH:2045:O
0	vdw	A:HIS:185:C	A:HOH:2045:O
0	vdw	A:ALA:186:N	A:HOH:2045:O
0	vdw	A:ALA:186:CA	A:HOH:2045:O
0	vdw	A:ALA:186:CB	A:HOH:2045:O
0	vdw	A:ALA:186:CA	A:LEU:164:CD1
0	vdw	A:ALA:186:CB	A:LEU:164:CD1
0	vdw	A:ALA:186:CA	A:HOH:2024:O
0	vdw	A:HIS:185:CA	A:HOH:2043:O
0	vdw	A:HIS:185:C	A:HOH:2043:O
0	vdw	A:LEU:164:O	A:PHE:184:N
0	vdw	A:LEU:163:C	A:PHE:184:O
0	vdw	A:LEU:164:N	A:PHE:184:O
0	vdw	A:HIS:185:N	A:HOH:2043:O
0	vdw	A:HOH:2030:O	A:LYS:69:NZ
0	vdw	A:ASN:63:CA	A:HOH:2005:O
0	vdw	A:ASN:63:C	A:HOH:2005:O
0	vdw	A:HIS:64:N	A:HOH:2005:O
0	vdw	A:HIS:64:CA	A:HOH:2005:O
0	vdw	A:HIS:64:C	A:HOH:2005:O
0	vdw	A:HIS:64:O	A:HOH:2005:O
0	vdw	A:HOH:2005:O	A:VAL:67:C
0	vdw	A:HOH:2005:O	A:VAL:67:O
0	vdw	A:HOH:2005:O	A:VAL:67:CB
0	vdw	A:HOH:2005:O	A:LYS:69:CG
0	vdw	A:LEU:121:CD2	A:PHE:149:CE2
0	vdw	A:ILE:126:C	A:PHE:155:CD1
0	vdw	A:PHE:155:CD1	A:THR:127:N
0	vdw	A:ILE:126:CA	A:THR:153:O
0	vdw	A:THR:127:N	A:THR:153:O
0	vdw	A:ILE:126:CA	A:PHE:155:CE1
0	vdw	A:ILE:126:C	A:PHE:155:CE1
0	vdw	A:ILE:126:O	A:PHE:155:CE1
0	vdw	A:THR:127:CG2	A:THR:153:O
0	vdw	A:THR:127:CG2	A:THR:153:CG2
0	vdw	A:ALA:186:CB	A:PHE:155:CB
0	vdw	A:GLU:183:CA	A:LEU:164:O
0	vdw	A:GLU:183:CB	A:LEU:164:O
0	vdw	A:GLU:183:CG	A:LEU:164:O
0	vdw	A:HOH:2040:O	A:LEU:164:CA
0	vdw	A:HOH:2040:O	A:LEU:164:C
0	vdw	A:HOH:2040:O	A:LEU:164:CB
0	vdw	A:LEU:164:CB	A:PHE:184:CE1
0	vdw	A:HOH:2026:O	A:LEU:164:CB
0	vdw	A:GLU:183:C	A:LEU:164:O
0	vdw	A:ASN:165:CB	A:GLU:183:CG
0	vdw	A:ILE:126:CD1	A:LEU:62:CD2
0	vdw	A:LEU:62:CD1	A:PHE:149:CD1
0	vdw	A:LEU:62:CD1	A:PHE:149:CE1
0	vdw	A:LEU:62:CD1	A:PHE:149:CE2
0	vdw	A:LEU:62:CD1	A:PHE:149:CZ
0	vdw	A:LEU:121:CD2	A:LEU:62:CD2
0	vdw	A:ILE:126:CD1	A:ILE:58:CG2
0	vdw	A:LYS:54:NZ	A:THR:153:OG1
0	vdw	A:ARG:129:NE	A:THR:153:CG2
0	vdw	A:ARG:129:CZ	A:THR:153:CB
0	vdw	A:ARG:129:NH2	A:THR:153:CB
0	vdw	A:ARG:129:CZ	A:THR:153:CG2
0	vdw	A:ARG:129:NH2	A:THR:153:CG2
0	vdw	A:LEU:164:CD2	A:THR:153:CG2
0	vdw	A:THR:127:O	A:THR:153:N
0	vdw	A:HOH:2040:O	A:LYS:166:N
0	vdw	A:HOH:2040:O	A:LYS:166:CB
0	vdw	A:ASN:165:N	A:HOH:2040:O
0	vdw	A:ARG:182:O	A:ASN:165:CB
0	vdw	A:ASN:59:O	A:PHE:70:CB
0	vdw	A:ASN:59:CB	A:PHE:70:CB
0	vdw	A:ASN:59:CB	A:PHE:70:CG
0	vdw	A:ASN:59:OD1	A:PHE:70:CB
0	vdw	A:PHE:70:C	A:PHE:83:O
0	vdw	A:ASN:59:CB	A:PHE:70:CD1
0	vdw	A:ALA:152:O	A:ILE:58:CD1
0	vdw	A:ALA:152:C	A:ILE:58:CD1
0	vdw	A:HOH:2034:O	A:LYS:54:CE
0	vdw	A:HOH:2034:O	A:LYS:54:NZ
0	vdw	A:PHE:83:O	A:TYR:71:CA
0	vdw	A:GLY:72:N	A:PHE:83:O
0	vdw	A:ASN:266:ND2	A:LYS:260:O
0	vdw	A:ASN:266:ND2	A:LYS:261:CA
0	vdw	A:ASN:266:CG	A:LYS:260:O
0	vdw	A:ASN:266:ND2	A:LYS:261:C
0	vdw	A:ASN:266:ND2	A:LYS:261:O
0	vdw	A:HOH:2017:O	A:TYR:265:OH
0	vdw	A:HIS:112:CD2	A:TYR:265:OH
0	vdw	A:HIS:112:CA	A:TYR:265:OH
0	vdw	A:MET:115:CB	A:TYR:265:OH
0	vdw	A:LYS:260:CA	A:TYR:265:CD1
0	vdw	A:ILE:254:CD1	A:ILE:259:N
0	vdw	A:ILE:254:CD1	A:ILE:259:CA
0	vdw	A:ILE:254:N	A:LYS:244:O
0	vdw	A:ILE:254:O	A:VAL:191:CG1
0	vdw	A:ARG:253:C	A:HOH:2052:O
0	vdw	A:ARG:253:O	A:HOH:2052:O
0	vdw	A:ALA:252:C	A:VAL:247:CG1
0	vdw	A:ALA:252:CB	A:VAL:247:CG1
0	vdw	A:HOH:2017:O	A:LYS:260:NZ
0	vdw	A:ALA:116:N	A:HOH:2017:O
0	vdw	A:HIS:112:O	A:HOH:2017:O
0	vdw	A:ILE:256:CG1	A:VAL:191:CG2
0	vdw	A:HOH:2052:O	A:PRO:250:O
0	vdw	A:HOH:2052:O	A:PRO:188:CG
0	vdw	A:ARG:253:CB	A:HOH:2052:O
0	vdw	A:ARG:181:NH2	A:PRO:250:CG
0	vdw	A:ARG:181:NH2	A:PRO:250:CD
0	vdw	A:HOH:2043:O	A:PRO:250:CB
0	vdw	A:ARG:181:CZ	A:PRO:250:CG
0	vdw	A:GLU:177:CD	A:PRO:250:CB
0	vdw	A:GLU:177:OE2	A:PRO:250:CB
0	vdw	A:GLU:177:OE2	A:PRO:250:CG
0	vdw	A:GLU:177:OE2	A:PRO:250:CD
0	vdw	A:ALA:116:CB	A:ASN:66:OD1
0	vdw	A:ASN:66:OD1	A:HOH:2007:O
0	vdw	A:ASN:66:CG	A:HOH:2007:O
0	vdw	A:ALA:116:CB	A:HOH:2017:O
0	vdw	A:HOH:2007:O	A:HOH:2018:O
0	vdw	A:ILE:256:CD1	A:VAL:118:CG1
0	vdw	A:GLU:187:CA	A:HIS:122:CE1
0	vdw	A:ASP:190:CB	A:HIS:122:CE1
0	vdw	A:HOH:2043:O	A:PRO:188:CB
0	vdw	A:ARG:253:NH2	A:PRO:188:C
0	vdw	A:ARG:253:NH2	A:PRO:188:CB
0	vdw	A:GLU:177:CD	A:HOH:2043:O
0	vdw	A:GLU:177:OE1	A:HOH:2043:O
0	vdw	A:GLU:65:O	A:LYS:145:CE
0	vdw	A:GLU:65:O	A:LYS:145:NZ
0	vdw	A:GLU:65:O	A:LYS:145:CD
0	vdw	A:ASN:66:CB	A:GLY:117:CA
0	vdw	A:ASN:66:CA	A:LEU:144:O
0	vdw	A:ASN:66:CB	A:GLN:113:O
0	vdw	A:ASN:66:CG	A:GLN:113:O
0	vdw	A:GLY:117:C	A:ILE:146:CD1
0	vdw	A:ILE:131:CD1	A:VAL:118:CG2
0	vdw	A:CYS:194:SG	A:VAL:118:CG2
0	vdw	A:ASP:190:CB	A:HIS:122:NE2
0	vdw	A:ASP:190:CG	A:HIS:122:NE2
0	vdw	A:ASP:190:OD2	A:HIS:122:NE2
0	vdw	A:ASP:190:OD2	A:THR:127:CA
0	vdw	A:ASP:190:CG	A:THR:127:OG1
0	vdw	A:ASP:190:OD2	A:THR:127:CB
0	vdw	A:ASP:190:OD2	A:THR:127:OG1
0	vdw	A:ALA:186:C	A:HOH:2024:O
0	vdw	A:ALA:186:O	A:HOH:2024:O
0	vdw	A:HOH:2024:O	A:THR:127:CB
0	vdw	A:HOH:2024:O	A:THR:127:OG1
0	vdw	A:ARG:129:CG	A:HOH:2024:O
0	vdw	A:HOH:2004:O	A:HOH:2024:O
0	vdw	A:HOH:2024:O	A:VAL:189:CB
0	vdw	A:HOH:2024:O	A:VAL:189:CG1
0	vdw	A:HIS:185:O	A:HOH:2043:O
0	vdw	A:PHE:184:CD1	A:VAL:189:CG2
0	vdw	A:HIS:64:O	A:HOH:2030:O
0	vdw	A:HOH:2030:O	A:VAL:67:O
0	vdw	A:HOH:2030:O	A:LYS:69:CG
0	vdw	A:HOH:2030:O	A:LYS:69:CE
0	vdw	A:HOH:2030:O	A:LYS:145:NZ
0	vdw	A:GLU:85:CD	A:HOH:2030:O
0	vdw	A:GLU:85:OE2	A:HOH:2030:O
0	vdw	A:PHE:149:CE1	A:VAL:67:CG1
0	vdw	A:PHE:149:CZ	A:VAL:67:CG1
0	vdw	A:LEU:121:CD1	A:PHE:149:CE2
0	vdw	A:ALA:152:CA	A:THR:127:O
0	vdw	A:ALA:152:CB	A:THR:127:O
0	vdw	A:ALA:152:C	A:THR:127:O
0	vdw	A:ARG:129:CG	A:HOH:2004:O
0	vdw	A:ARG:129:CD	A:HOH:2004:O
0	vdw	A:ARG:129:CD	A:HOH:2026:O
0	vdw	A:ASP:190:OD1	A:THR:127:OG1
0	vdw	A:HOH:2004:O	A:LEU:164:CD1
0	vdw	A:HOH:2026:O	A:LEU:164:CD1
0	vdw	A:HOH:2004:O	A:HOH:2026:O
0	vdw	A:ARG:129:CZ	A:HOH:2026:O
0	vdw	A:ARG:129:NH1	A:HOH:2026:O
0	vdw	A:HOH:2004:O	A:VAL:189:CG1
0	vdw	A:HOH:2026:O	A:LYS:166:O
0	vdw	A:ARG:182:O	A:ASN:165:CA
0	vdw	A:LEU:178:CG	A:PHE:184:CZ
0	vdw	A:LEU:178:CA	A:PHE:184:CE2
0	vdw	A:GLU:85:CB	A:LYS:69:CB
0	vdw	A:GLU:85:OE2	A:LYS:69:CB
0	vdw	A:GLU:85:OE2	A:LYS:69:CG
0	vdw	A:HOH:2002:O	A:VAL:68:O
0	vdw	A:GLU:85:CB	A:LYS:69:N
0	vdw	A:GLU:85:OE2	A:LYS:69:N
0	vdw	A:HOH:2032:O	A:PHE:149:CA
0	vdw	A:ALA:152:N	A:HIS:128:O
0	vdw	A:ALA:152:N	A:HOH:2032:O
0	vdw	A:ALA:152:CA	A:HIS:128:O
0	vdw	A:ARG:129:NE	A:LEU:151:O
0	vdw	A:ARG:129:CZ	A:LEU:151:O
0	vdw	A:ARG:129:NH2	A:LEU:151:O
0	vdw	A:HOH:2034:O	A:LEU:151:C
0	vdw	A:HOH:2034:O	A:LEU:151:O
0	vdw	A:ARG:129:NE	A:HOH:2026:O
0	vdw	A:HIS:128:O	A:LEU:151:C
0	vdw	A:ARG:129:NH2	A:LYS:166:CE
0	vdw	A:ARG:129:NH2	A:LYS:166:NZ
0	vdw	A:GLU:85:CA	A:TYR:71:OH
0	vdw	A:GLU:85:CB	A:TYR:71:OH
0	vdw	A:LEU:84:C	A:TYR:71:CE2
0	vdw	A:LEU:84:O	A:TYR:71:CE2
0	vdw	A:GLU:85:N	A:TYR:71:CE2
0	vdw	A:GLU:85:CA	A:TYR:71:CE2
0	vdw	A:GLU:85:CA	A:TYR:71:CZ
0	vdw	A:TYR:71:CE2	A:VAL:35:CG1
0	vdw	A:LEU:84:CA	A:LYS:69:O
0	vdw	A:LEU:84:C	A:LYS:69:O
0	vdw	A:GLU:85:N	A:LYS:69:O
0	vdw	A:GLU:85:CB	A:LYS:69:O
0	vdw	A:ASN:59:CG	A:HOH:2002:O
0	vdw	A:ASN:59:OD1	A:HOH:2002:O
0	vdw	A:HOH:2002:O	A:LEU:84:CD2
0	vdw	A:LEU:84:CD2	A:PHE:70:CD1
0	vdw	A:HOH:2032:O	A:PHE:149:C
0	vdw	A:ALA:152:O	A:HOH:2034:O
0	vdw	A:ARG:129:NH2	A:HOH:2034:O
0	vdw	A:PHE:83:O	A:TYR:71:CB
0	vdw	A:PHE:83:O	A:TYR:71:CD2
0	vdw	A:GLY:72:O	A:PHE:83:CB
0	vdw	A:TYR:71:CD2	A:VAL:35:CG1
0	vdw	A:LEU:84:C	A:TYR:71:CD2
0	vdw	A:PHE:83:O	A:TYR:71:N
0	vdw	A:GLY:72:O	A:PHE:83:N
0	vdw	A:ILE:56:CG1	A:LEU:82:CD2
0	vdw	A:ASN:28:ND2	A:GLU:7:CA
0	vdw	A:GLY:72:C	A:PHE:83:CD2
0	vdw	A:GLY:72:O	A:PHE:83:CD2
0	vdw	A:HIS:73:CA	A:PHE:83:CD2
0	vdw	A:ILE:56:CG1	A:LEU:82:CG
0	vdw	A:ILE:52:CD1	A:LEU:82:CD1
0	vdw	A:ARG:263:N	A:HOH:2049:O
0	vdw	A:HOH:2049:O	A:LYS:244:NZ
0	vdw	A:ASP:262:OD2	A:LYS:244:NZ
0	vdw	A:ASP:262:OD2	A:HOH:2049:O
0	vdw	A:ARG:263:CB	A:HOH:2049:O
0	vdw	A:ILE:259:O	A:TYR:265:CB
0	vdw	A:GLN:108:NE2	A:TYR:265:C
0	vdw	A:GLN:108:NE2	A:TYR:265:O
0	vdw	A:ASP:262:CB	A:LEU:241:CD1
0	vdw	A:ASP:262:CG	A:LEU:241:CD1
0	vdw	A:ASP:262:CG	A:LEU:241:CB
0	vdw	A:ASP:262:CA	A:HOH:2049:O
0	vdw	A:ASP:262:OD2	A:LYS:244:CE
0	vdw	A:ILE:254:CD1	A:ILE:259:CG1
0	vdw	A:ASP:262:OD1	A:LEU:241:CD1
0	vdw	A:HIS:112:CE1	A:TYR:265:O
0	vdw	A:HIS:112:NE2	A:TYR:265:O
0	vdw	A:HIS:112:CD2	A:TYR:265:CD2
0	vdw	A:HIS:112:CD2	A:TYR:265:CE1
0	vdw	A:HIS:112:CD2	A:TYR:265:CE2
0	vdw	A:HIS:112:CD2	A:TYR:265:CZ
0	vdw	A:MET:115:CG	A:TYR:265:CE2
0	vdw	A:ILE:259:O	A:TYR:265:CG
0	vdw	A:PHE:111:CD2	A:TYR:265:CD2
0	vdw	A:PHE:111:CE2	A:TYR:265:CD2
0	vdw	A:PHE:111:CD2	A:TYR:265:CE2
0	vdw	A:PHE:111:CE2	A:TYR:265:CE2
0	vdw	A:ILE:254:CG2	A:ILE:259:CG1
0	vdw	A:ILE:254:CG2	A:LYS:244:C
0	vdw	A:ILE:254:CB	A:LYS:244:O
0	vdw	A:ILE:254:CG2	A:LYS:244:O
0	vdw	A:ILE:245:CA	A:ILE:254:CG2
0	vdw	A:ILE:245:CG1	A:ILE:254:CG2
0	vdw	A:ASN:249:CB	A:HOH:2051:O
0	vdw	A:GLU:248:CB	A:HOH:2051:O
0	vdw	A:CYS:194:SG	A:MET:115:CE
0	vdw	A:CYS:194:CB	A:MET:115:CE
0	vdw	A:ILE:245:CG2	A:VAL:191:CG1
0	vdw	A:ARG:253:NE	A:VAL:247:O
0	vdw	A:ARG:253:CZ	A:VAL:247:O
0	vdw	A:ARG:253:CG	A:ILE:245:O
0	vdw	A:ARG:253:CD	A:ILE:245:O
0	vdw	A:ARG:253:CZ	A:TRP:192:CE3
0	vdw	A:ARG:253:CZ	A:GLU:177:OE2
0	vdw	A:ARG:253:NH1	A:VAL:247:O
0	vdw	A:ARG:253:NH1	A:GLU:248:O
0	vdw	A:ARG:253:NH1	A:GLU:177:CD
0	vdw	A:ARG:253:NH1	A:GLU:177:OE2
0	vdw	A:GLU:248:O	A:HOH:2050:O
0	vdw	A:ASN:249:N	A:HOH:2051:O
0	vdw	A:TRP:192:CZ3	A:VAL:247:O
0	vdw	A:ARG:253:NH1	A:TRP:192:CE3
0	vdw	A:ASN:143:OD1	A:GLN:113:NE2
0	vdw	A:GLN:113:NE2	A:HOH:2018:O
0	vdw	A:ASN:143:OD1	A:HOH:2018:O
0	vdw	A:GLN:113:CG	A:HOH:2018:O
0	vdw	A:GLN:113:CD	A:HOH:2018:O
0	vdw	A:ARG:109:NH2	A:ASN:143:OD1
0	vdw	A:LEU:114:CA	A:LEU:144:CD2
0	vdw	A:CYS:194:SG	A:LEU:114:CG
0	vdw	A:CYS:194:SG	A:ILE:131:CD1
0	vdw	A:CYS:194:SG	A:LEU:114:CD2
0	vdw	A:ARG:253:NH2	A:PRO:188:O
0	vdw	A:ARG:253:CD	A:PRO:188:O
0	vdw	A:ILE:245:CG2	A:VAL:191:O
0	vdw	A:ARG:253:NH2	A:GLU:177:CD
0	vdw	A:ARG:253:NH2	A:GLU:177:OE1
0	vdw	A:ALA:175:CB	A:TRP:192:CB
0	vdw	A:ALA:175:CB	A:TRP:192:CG
0	vdw	A:ARG:253:NH2	A:TRP:192:CB
0	vdw	A:GLU:177:N	A:HOH:2050:O
0	vdw	A:GLU:177:CB	A:HOH:2050:O
0	vdw	A:GLU:177:CA	A:HOH:2050:O
0	vdw	A:GLU:248:CG	A:HOH:2050:O
0	vdw	A:ASN:66:ND2	A:LEU:144:O
0	vdw	A:LEU:137:O	A:LEU:144:C
0	vdw	A:ASN:66:O	A:ILE:146:CG1
0	vdw	A:ASN:66:O	A:ILE:146:N
0	vdw	A:ASN:66:O	A:ILE:146:CB
0	vdw	A:HOH:2028:O	A:ILE:131:CG1
0	vdw	A:ASP:190:OD1	A:HOH:2028:O
0	vdw	A:HOH:2025:O	A:VAL:189:CG1
0	vdw	A:ARG:129:N	A:ASP:190:OD1
0	vdw	A:ARG:129:C	A:HOH:2025:O
0	vdw	A:ARG:129:O	A:HOH:2025:O
0	vdw	A:ARG:129:CA	A:HOH:2028:O
0	vdw	A:ARG:129:C	A:HOH:2028:O
0	vdw	A:ASP:130:N	A:HOH:2028:O
0	vdw	A:HOH:2042:O	A:VAL:189:O
0	vdw	A:HOH:2025:O	A:HOH:2042:O
0	vdw	A:HOH:2028:O	A:SER:193:CB
0	vdw	A:HOH:2028:O	A:ILE:131:CB
0	vdw	A:HOH:2028:O	A:SER:193:OG
0	vdw	A:ASP:130:CA	A:HOH:2028:O
0	vdw	A:ASP:130:C	A:HOH:2028:O
0	vdw	A:HOH:2028:O	A:ILE:131:N
0	vdw	A:HOH:2028:O	A:ILE:131:CA
0	vdw	A:GLU:177:OE1	A:VAL:189:CG2
0	vdw	A:HOH:2042:O	A:VAL:189:CG1
0	vdw	A:ASP:139:OD1	A:LYS:145:CE
0	vdw	A:GLU:85:OE1	A:LYS:145:CE
0	vdw	A:GLU:85:CD	A:LYS:145:NZ
0	vdw	A:GLU:85:OE1	A:LYS:145:NZ
0	vdw	A:GLU:85:OE2	A:LYS:145:NZ
0	vdw	A:LYS:145:CB	A:VAL:68:CG2
0	vdw	A:LEU:137:O	A:LYS:145:CA
0	vdw	A:ASN:66:O	A:LYS:145:CA
0	vdw	A:ASN:135:O	A:SER:147:N
0	vdw	A:HIS:128:CD2	A:ILE:146:CG2
0	vdw	A:ASP:148:O	A:HIS:128:CD2
0	vdw	A:HIS:128:CD2	A:HOH:2032:O
0	vdw	A:HIS:128:CG	A:HOH:2032:O
0	vdw	A:HIS:128:ND1	A:HOH:2032:O
0	vdw	A:HIS:128:CE1	A:HOH:2032:O
0	vdw	A:ASN:135:ND2	A:HIS:128:CE1
0	vdw	A:ARG:129:O	A:GLY:169:CA
0	vdw	A:CYS:168:O	A:LEU:178:CD1
0	vdw	A:LEU:178:O	A:MET:167:CG
0	vdw	A:LEU:178:O	A:MET:167:SD
0	vdw	A:LEU:178:CD2	A:MET:167:CG
0	vdw	A:SER:147:CA	A:VAL:68:CG2
0	vdw	A:SER:147:CB	A:VAL:68:CG2
0	vdw	A:VAL:68:CG1	A:ZYQ:1270:CAE
0	vdw	A:ILE:146:O	A:VAL:68:N
0	vdw	A:ILE:146:O	A:VAL:68:CB
0	vdw	A:ILE:146:C	A:VAL:68:CG2
0	vdw	A:ILE:146:O	A:VAL:68:CG2
0	vdw	A:ASN:135:O	A:SER:147:CA
0	vdw	A:ASP:148:C	A:HIS:128:NE2
0	vdw	A:ASP:148:O	A:HIS:128:NE2
0	vdw	A:HIS:128:NE2	A:HOH:2032:O
0	vdw	A:ASP:148:C	A:HOH:2032:O
0	vdw	A:ASP:148:O	A:HOH:2032:O
0	vdw	A:ASP:148:CA	A:HOH:2001:O
0	vdw	A:HIS:128:NE2	A:SER:147:O
0	vdw	A:ASP:148:O	A:HIS:128:CE1
0	vdw	A:HIS:128:O	A:HOH:2032:O
0	vdw	A:HOH:2032:O	A:LEU:151:N
0	vdw	A:CYS:168:SG	A:LEU:151:CB
0	vdw	A:CYS:168:SG	A:LEU:151:CD1
0	vdw	A:ALA:36:O	A:LEU:84:O
0	vdw	A:GLU:85:O	A:ZYQ:1270:CAE
0	vdw	A:GLU:85:O	A:ZYQ:1270:CAL
0	vdw	A:GLU:85:O	A:ZYQ:1270:NAH
0	vdw	A:GLU:85:O	A:ZYQ:1270:OAC
0	vdw	A:ALA:36:N	A:LEU:84:O
0	vdw	A:ALA:36:CA	A:LEU:84:O
0	vdw	A:ALA:36:CB	A:LEU:84:O
0	vdw	A:HOH:2031:O	A:LEU:84:CD1
0	vdw	A:ASP:148:OD2	A:LYS:38:NZ
0	vdw	A:GLU:55:CD	A:HOH:2001:O
0	vdw	A:GLU:55:OE2	A:HOH:2001:O
0	vdw	A:CYS:168:SG	A:LEU:151:CG
0	vdw	A:CYS:168:SG	A:LEU:151:CD2
0	vdw	A:ASN:28:CB	A:GLU:33:N
0	vdw	A:ASN:28:CB	A:GLU:33:O
0	vdw	A:GLU:33:O	A:TRP:9:CZ3
0	vdw	A:GLU:32:C	A:VAL:27:CG1
0	vdw	A:GLU:33:O	A:VAL:27:CA
0	vdw	A:GLU:33:O	A:VAL:27:C
0	vdw	A:ASN:28:N	A:GLU:33:O
0	vdw	A:TRP:9:CZ3	A:VAL:35:CG1
0	vdw	A:TRP:9:CH2	A:VAL:35:CG1
0	vdw	A:ALA:26:O	A:VAL:35:CA
0	vdw	A:TYR:86:CB	A:VAL:35:CA
0	vdw	A:ALA:26:CB	A:VAL:35:CG2
0	vdw	A:ALA:26:O	A:VAL:35:CG2
0	vdw	A:ALA:36:O	A:LEU:82:O
0	vdw	A:ALA:36:O	A:PHE:83:CA
0	vdw	A:ALA:36:O	A:LEU:84:N
0	vdw	A:LEU:82:O	A:VAL:37:CA
0	vdw	A:LEU:82:O	A:VAL:37:C
0	vdw	A:LEU:82:O	A:VAL:37:CG1
0	vdw	A:LEU:82:O	A:LYS:38:N
0	vdw	A:GLU:55:CD	A:LYS:38:NZ
0	vdw	A:GLU:55:OE1	A:LYS:38:NZ
0	vdw	A:GLU:55:OE2	A:LYS:38:NZ
0	vdw	A:GLU:55:CD	A:GLY:150:CA
0	vdw	A:ASN:28:CA	A:TRP:9:CE3
0	vdw	A:ASN:28:CB	A:TRP:9:CE3
0	vdw	A:ASN:28:CB	A:TRP:9:CZ3
0	vdw	A:ALA:26:C	A:TRP:9:CE3
0	vdw	A:TRP:9:CE3	A:VAL:35:CG2
0	vdw	A:TRP:9:CZ3	A:VAL:35:CG2
0	vdw	A:TRP:9:CE3	A:VAL:27:C
0	vdw	A:ASN:28:N	A:TRP:9:CE3
0	vdw	A:ASN:28:N	A:TRP:9:CZ3
0	vdw	A:ALA:26:O	A:TRP:9:CE3
0	vdw	A:ALA:26:O	A:TRP:9:CZ3
0	vdw	A:LEU:82:N	A:LYS:38:O
0	vdw	A:TYR:20:CB	A:VAL:40:CG1
0	vdw	A:ARG:29:CB	A:ASP:8:O
0	vdw	A:TRP:9:CA	A:VAL:27:O
0	vdw	A:ARG:29:CZ	A:ASP:8:CB
0	vdw	A:ARG:29:NH2	A:ASP:8:CB
0	vdw	A:ARG:29:NH2	A:ASP:8:CG
0	vdw	A:ARG:29:NH2	A:ASP:8:OD2
0	vdw	A:GLN:108:NE2	A:LYS:267:C
0	vdw	A:GLN:108:CD	A:LYS:267:O
0	vdw	A:GLN:108:NE2	A:LYS:267:O
0	vdw	A:GLN:108:OE1	A:LYS:267:O
0	vdw	A:GLN:108:NE2	A:TRP:264:O
0	vdw	A:GLN:108:CD	A:LEU:269:CD1
0	vdw	A:GLN:108:NE2	A:LEU:269:CD1
0	vdw	A:GLN:108:OE1	A:LEU:269:CD1
0	vdw	A:ASP:262:OD1	A:LEU:241:CB
0	vdw	A:ASP:262:OD1	A:LEU:241:CD2
0	vdw	A:ALA:237:O	A:TRP:264:CB
0	vdw	A:ASP:262:OD1	A:LEU:241:CG
0	vdw	A:ALA:237:C	A:TRP:264:CB
0	vdw	A:ALA:237:CB	A:TRP:264:CB
0	vdw	A:HIS:243:CA	A:TRP:221:CZ2
0	vdw	A:GLN:108:CB	A:TRP:264:CZ2
0	vdw	A:GLN:108:CA	A:TRP:264:CH2
0	vdw	A:LEU:241:CD2	A:TRP:264:CE3
0	vdw	A:LEU:198:CD2	A:TRP:264:CZ3
0	vdw	A:LEU:242:O	A:TRP:221:CZ2
0	vdw	A:LEU:246:CA	A:TRP:192:CZ3
0	vdw	A:LEU:246:C	A:TRP:192:CZ3
0	vdw	A:LEU:246:O	A:TRP:221:NE1
0	vdw	A:ARG:109:CG	A:HOH:2016:O
0	vdw	A:ARG:109:CD	A:HOH:2016:O
0	vdw	A:ARG:109:CB	A:HOH:2016:O
0	vdw	A:CYS:194:O	A:PHE:111:CE1
0	vdw	A:GLY:195:CA	A:ILE:245:CG2
0	vdw	A:PRO:176:CD	A:TRP:192:CE3
0	vdw	A:PRO:176:CG	A:TRP:192:CZ3
0	vdw	A:PRO:176:CD	A:TRP:192:CZ3
0	vdw	A:PRO:176:CG	A:TRP:192:CH2
0	vdw	A:PRO:176:CD	A:TRP:192:CH2
0	vdw	A:TRP:192:CH2	A:TYR:218:CE1
0	vdw	A:GLU:248:CB	A:TYR:218:OH
0	vdw	A:GLU:248:OE2	A:LYS:180:CE
0	vdw	A:GLU:248:CD	A:LYS:222:CE
0	vdw	A:GLU:248:OE1	A:LYS:222:CE
0	vdw	A:GLU:248:CG	A:TYR:218:OH
0	vdw	A:GLU:248:CD	A:TYR:218:OH
0	vdw	A:ARG:109:NH2	A:ARG:141:O
0	vdw	A:ARG:109:CZ	A:ASP:142:O
0	vdw	A:ARG:109:NH1	A:ASP:142:O
0	vdw	A:ARG:109:NH2	A:ASP:142:C
0	vdw	A:ARG:109:NH2	A:ASP:142:O
0	vdw	A:ARG:109:NH1	A:HOH:2016:O
0	vdw	A:GLN:113:OE1	A:LEU:144:N
0	vdw	A:GLN:113:OE1	A:LEU:144:CA
0	vdw	A:GLN:113:OE1	A:LEU:144:CB
0	vdw	A:LEU:144:CD1	A:PHE:110:O
0	vdw	A:CYS:194:CB	A:LEU:114:CD2
0	vdw	A:SER:193:CA	A:TYR:173:O
0	vdw	A:ALA:175:CA	A:TRP:192:CG
0	vdw	A:ALA:175:CA	A:TRP:192:CD1
0	vdw	A:ALA:175:CA	A:TRP:192:CD2
0	vdw	A:ALA:175:CA	A:TRP:192:CE2
0	vdw	A:PRO:176:CD	A:TRP:192:CD2
0	vdw	A:PRO:176:CD	A:TRP:192:CE2
0	vdw	A:TRP:192:CD1	A:VAL:174:C
0	vdw	A:TRP:192:CD1	A:VAL:174:O
0	vdw	A:ALA:175:N	A:TRP:192:CD1
0	vdw	A:TRP:192:NE1	A:VAL:174:C
0	vdw	A:TRP:192:NE1	A:VAL:174:O
0	vdw	A:HOH:2041:O	A:TRP:192:NE1
0	vdw	A:ALA:175:C	A:PRO:211:CG
0	vdw	A:PRO:176:CA	A:PRO:211:CG
0	vdw	A:PRO:176:CD	A:TRP:192:CZ2
0	vdw	A:PRO:176:CG	A:TYR:218:OH
0	vdw	A:LYS:180:NZ	A:PRO:211:O
0	vdw	A:ASN:143:O	A:LEU:138:C
0	vdw	A:ASN:143:O	A:LEU:137:O
0	vdw	A:ASN:143:O	A:LEU:138:CA
0	vdw	A:ASN:143:CA	A:GLN:113:OE1
0	vdw	A:ASN:143:C	A:GLN:113:OE1
0	vdw	A:ASP:142:O	A:PHE:110:CE1
0	vdw	A:LEU:137:O	A:LEU:144:CA
0	vdw	A:LEU:138:CD2	A:LEU:144:CA
0	vdw	A:ILE:131:CB	A:SER:193:OG
0	vdw	A:ILE:131:O	A:SER:193:CB
0	vdw	A:ILE:131:O	A:TYR:173:CB
0	vdw	A:SER:193:CB	A:TYR:173:O
0	vdw	A:HOH:2042:O	A:TYR:173:O
0	vdw	A:HOH:2042:O	A:SER:193:CB
0	vdw	A:HOH:2042:O	A:VAL:174:CA
0	vdw	A:HOH:2042:O	A:VAL:174:C
0	vdw	A:ALA:175:N	A:HOH:2042:O
0	vdw	A:HOH:2042:O	A:TYR:173:C
0	vdw	A:TRP:192:CD1	A:TYR:173:O
0	vdw	A:PRO:211:CD	A:VAL:174:O
0	vdw	A:HOH:2041:O	A:VAL:174:C
0	vdw	A:HOH:2041:O	A:VAL:174:O
0	vdw	A:PRO:211:CG	A:VAL:174:O
0	vdw	A:GLU:140:OE1	A:HOH:2008:O
0	vdw	A:CYS:87:CB	A:LEU:138:C
0	vdw	A:GLY:89:N	A:LEU:138:C
0	vdw	A:GLY:89:CA	A:LEU:138:C
0	vdw	A:LEU:137:C	A:LYS:145:N
0	vdw	A:LEU:137:O	A:LYS:145:N
0	vdw	A:CYS:87:SG	A:LEU:137:CB
0	vdw	A:GLY:90:O	A:LEU:137:CA
0	vdw	A:GLY:90:O	A:LEU:137:C
0	vdw	A:GLY:90:O	A:LEU:137:CB
0	vdw	A:LEU:136:CA	A:LYS:145:O
0	vdw	A:LEU:136:C	A:LYS:145:O
0	vdw	A:LEU:137:N	A:LYS:145:O
0	vdw	A:ASN:135:O	A:SER:147:CB
0	vdw	A:ASN:135:O	A:SER:147:O
0	vdw	A:ASN:135:CA	A:HOH:2029:O
0	vdw	A:ASN:135:CB	A:SER:147:O
0	vdw	A:ASN:135:ND2	A:ASP:130:O
0	vdw	A:ASP:130:OD2	A:HOH:2027:O
0	vdw	A:ASP:130:OD2	A:THR:170:CB
0	vdw	A:HOH:2027:O	A:THR:170:CB
0	vdw	A:ASP:130:OD2	A:GLY:169:CA
0	vdw	A:ASP:130:OD2	A:GLY:169:C
0	vdw	A:ASP:130:OD2	A:THR:170:N
0	vdw	A:HOH:2027:O	A:THR:170:N
0	vdw	A:ASP:130:OD2	A:THR:170:OG1
0	vdw	A:HOH:2027:O	A:TYR:173:CB
0	vdw	A:HOH:2008:O	A:TYR:86:C
0	vdw	A:HOH:2008:O	A:TYR:86:O
0	vdw	A:HOH:2008:O	A:SER:88:N
0	vdw	A:TYR:86:C	A:ZYQ:1270:OAC
0	vdw	A:CYS:87:N	A:ZYQ:1270:OAC
0	vdw	A:CYS:87:CB	A:LEU:137:CB
0	vdw	A:CYS:87:CA	A:LEU:138:O
0	vdw	A:CYS:87:CB	A:LEU:138:O
0	vdw	A:CYS:87:SG	A:LEU:137:CD1
0	vdw	A:LEU:137:CG	A:SER:147:CB
0	vdw	A:LEU:137:CD1	A:SER:147:CB
0	vdw	A:LEU:137:CD1	A:SER:147:OG
0	vdw	A:LEU:137:CD1	A:ZYQ:1270:CAE
0	vdw	A:LEU:137:CD1	A:ZYQ:1270:CAL
0	vdw	A:LEU:137:CD1	A:ZYQ:1270:NAH
0	vdw	A:LEU:137:CD1	A:ZYQ:1270:CAD
0	vdw	A:LEU:137:CD1	A:ZYQ:1270:CAM
0	vdw	A:LEU:137:CD1	A:ZYQ:1270:CAO
0	vdw	A:HOH:2029:O	A:SER:147:OG
0	vdw	A:SER:147:OG	A:ZYQ:1270:CAD
0	vdw	A:HOH:2031:O	A:SER:147:OG
0	vdw	A:ASN:135:CG	A:SER:147:O
0	vdw	A:ASN:135:CG	A:HOH:2029:O
0	vdw	A:ASN:135:OD1	A:ASP:148:CB
0	vdw	A:ASN:135:OD1	A:HOH:2029:O
0	vdw	A:ASP:148:CB	A:HOH:2029:O
0	vdw	A:ASN:135:ND2	A:ASP:130:OD1
0	vdw	A:ASP:130:CB	A:LEU:151:CD1
0	vdw	A:ASP:130:CG	A:LEU:151:CD1
0	vdw	A:ASP:130:CG	A:THR:170:OG1
0	vdw	A:ALA:34:CB	A:TYR:86:CD2
0	vdw	A:LEU:25:CD1	A:TYR:86:CD2
0	vdw	A:TYR:86:CA	A:ZYQ:1270:OAC
0	vdw	A:TYR:86:CD1	A:ZYQ:1270:OAC
0	vdw	A:TYR:86:CB	A:VAL:35:C
0	vdw	A:LEU:25:CD1	A:TYR:86:CG
0	vdw	A:LEU:25:CD1	A:TYR:86:CD1
0	vdw	A:HOH:2031:O	A:ZYQ:1270:CAE
0	vdw	A:ALA:36:CB	A:ZYQ:1270:CAL
0	vdw	A:ALA:36:CB	A:ZYQ:1270:NAH
0	vdw	A:ALA:36:CB	A:ZYQ:1270:OAC
0	vdw	A:HOH:2031:O	A:ZYQ:1270:CAD
0	vdw	A:HOH:2031:O	A:ZYQ:1270:CAF
0	vdw	A:VAL:23:CG1	A:ZYQ:1270:CAF
0	vdw	A:ASP:148:OD1	A:HOH:2033:O
0	vdw	A:GLU:32:CG	A:VAL:27:CG1
0	vdw	A:GLU:32:O	A:VAL:27:CG1
0	vdw	A:ALA:26:O	A:ALA:34:CA
0	vdw	A:ALA:26:O	A:ALA:34:C
0	vdw	A:ALA:26:O	A:VAL:35:N
0	vdw	A:ALA:26:O	A:VAL:35:O
0	vdw	A:ALA:36:CA	A:GLN:24:O
0	vdw	A:ALA:36:C	A:GLN:24:O
0	vdw	A:GLN:24:O	A:VAL:37:N
0	vdw	A:ALA:26:N	A:VAL:35:O
0	vdw	A:LEU:25:CA	A:VAL:35:O
0	vdw	A:GLN:24:O	A:VAL:37:CA
0	vdw	A:LEU:25:C	A:VAL:35:O
0	vdw	A:LEU:25:CD1	A:VAL:35:O
0	vdw	A:ALA:36:CB	A:LEU:15:CD1
0	vdw	A:ASP:10:N	A:VAL:27:O
0	vdw	A:ALA:26:CA	A:ASP:10:O
0	vdw	A:ALA:26:C	A:ASP:10:O
0	vdw	A:ASP:10:O	A:VAL:27:N
0	vdw	A:ALA:26:CB	A:ASP:10:O
0	vdw	A:ASP:10:O	A:LEU:25:O
0	vdw	A:ALA:26:CA	A:VAL:35:O
0	vdw	A:ALA:26:CB	A:VAL:37:CG2
0	vdw	A:GLN:24:N	A:VAL:37:O
0	vdw	A:VAL:23:C	A:VAL:37:O
0	vdw	A:VAL:23:CG1	A:VAL:37:O
0	vdw	A:VAL:23:CA	A:VAL:37:O
0	vdw	A:VAL:23:CB	A:VAL:37:O
0	vdw	A:GLU:22:O	A:ILE:39:N
0	vdw	A:GLU:22:O	A:ILE:39:CA
0	vdw	A:TYR:20:O	A:VAL:40:CG2
0	vdw	A:TYR:20:C	A:VAL:40:CG2
0	vdw	A:GLY:21:CA	A:ILE:39:C
0	vdw	A:GLY:21:N	A:ILE:39:O
0	vdw	A:GLY:21:CA	A:ILE:39:O
0	vdw	A:GLY:21:C	A:ILE:39:O
0	vdw	A:GLU:22:N	A:ILE:39:O
0	vdw	A:GLU:22:O	A:ILE:39:CB
0	vdw	A:GLU:22:O	A:ILE:39:CG1
0	vdw	A:HOH:2015:O	A:LYS:267:CD
0	vdw	A:HOH:2015:O	A:LYS:267:NZ
0	vdw	A:HOH:2015:O	A:TRP:264:CD1
0	vdw	A:ASP:235:OD1	A:HOH:2015:O
0	vdw	A:GLU:104:CD	A:HOH:2015:O
0	vdw	A:GLU:104:OE1	A:HOH:2015:O
0	vdw	A:HOH:2055:O	A:LEU:269:O
0	vdw	A:PRO:238:N	A:TRP:264:CD1
0	vdw	A:PRO:238:CG	A:TRP:264:CD1
0	vdw	A:PRO:238:CD	A:TRP:264:CD1
0	vdw	A:PRO:238:CG	A:TRP:264:CE2
0	vdw	A:PRO:238:CG	A:TRP:264:NE1
0	vdw	A:GLU:104:OE1	A:TRP:264:CD1
0	vdw	A:GLU:104:CD	A:TRP:264:NE1
0	vdw	A:GLU:104:OE1	A:TRP:264:NE1
0	vdw	A:ALA:237:CB	A:TRP:264:CD1
0	vdw	A:PRO:238:N	A:TRP:264:CG
0	vdw	A:PRO:238:CA	A:TRP:264:CG
0	vdw	A:PRO:238:CA	A:TRP:264:CD2
0	vdw	A:PRO:238:CG	A:TRP:264:CG
0	vdw	A:LEU:202:CD1	A:PRO:238:CB
0	vdw	A:GLU:104:CD	A:PRO:238:CG
0	vdw	A:GLU:104:OE2	A:PRO:238:CG
0	vdw	A:ILE:234:CG2	A:LEU:239:N
0	vdw	A:HIS:243:NE2	A:THR:226:CG2
0	vdw	A:HIS:243:ND1	A:TRP:221:CH2
0	vdw	A:HIS:243:CE1	A:TRP:221:CH2
0	vdw	A:HIS:243:CE1	A:THR:226:CG2
0	vdw	A:HIS:243:CE1	A:TRP:221:CZ3
0	vdw	A:LEU:198:CD1	A:TRP:264:CH2
0	vdw	A:LEU:198:CD2	A:LEU:242:CD2
0	vdw	A:GLY:195:O	A:LEU:242:CD2
0	vdw	A:ILE:234:CD1	A:LEU:242:CD1
0	vdw	A:LEU:242:CD2	A:THR:199:OG1
0	vdw	A:TRP:208:CH2	A:TRP:221:CD1
0	vdw	A:LEU:246:CB	A:TRP:221:CE2
0	vdw	A:LEU:246:CB	A:TRP:221:NE1
0	vdw	A:LEU:246:CB	A:TRP:221:CZ2
0	vdw	A:TRP:208:CZ3	A:TRP:221:CD1
0	vdw	A:ASP:106:CA	A:HOH:2016:O
0	vdw	A:ASP:106:O	A:HOH:2016:O
0	vdw	A:HOH:2016:O	A:PHE:110:CD1
0	vdw	A:HOH:2016:O	A:PHE:110:CD2
0	vdw	A:HOH:2016:O	A:PHE:110:CE1
0	vdw	A:HOH:2016:O	A:PHE:110:CE2
0	vdw	A:HOH:2016:O	A:PHE:110:CZ
0	vdw	A:ALA:107:N	A:MET:102:SD
0	vdw	A:ALA:107:O	A:MET:201:CE
0	vdw	A:ALA:107:CB	A:LEU:202:CD2
0	vdw	A:LEU:246:CD1	A:TRP:231:CH2
0	vdw	A:TRP:208:CZ2	A:TYR:218:CD1
0	vdw	A:TRP:208:CH2	A:TYR:218:CD1
0	vdw	A:TRP:192:CZ2	A:TRP:208:CZ2
0	vdw	A:TRP:208:CH2	A:TRP:221:CG
0	vdw	A:TRP:208:CE3	A:TYR:218:CD1
0	vdw	A:TRP:208:CZ3	A:TYR:218:CD1
0	vdw	A:ASP:213:CG	A:LYS:222:NZ
0	vdw	A:ASP:213:OD2	A:LYS:222:NZ
0	vdw	A:PRO:211:O	A:TYR:218:CD2
0	vdw	A:PRO:211:O	A:TYR:218:CE2
0	vdw	A:SER:212:O	A:TYR:218:CD2
0	vdw	A:ARG:95:NH2	A:ASP:142:OD2
0	vdw	A:MET:201:SD	A:PHE:110:CB
0	vdw	A:LEU:138:CD2	A:PHE:110:CE1
0	vdw	A:MET:102:SD	A:PHE:110:CD2
0	vdw	A:MET:102:SD	A:PHE:110:CE2
0	vdw	A:LEU:92:CD1	A:PHE:110:CG
0	vdw	A:LEU:92:CD1	A:PHE:110:CD2
0	vdw	A:LEU:92:CD1	A:PHE:110:CE2
0	vdw	A:LEU:92:CD2	A:MET:201:SD
0	vdw	A:ILE:196:CG2	A:PRO:172:O
0	vdw	A:ILE:196:CD1	A:TRP:208:CZ2
0	vdw	A:ILE:196:CG2	A:LEU:206:CD2
0	vdw	A:HOH:2041:O	A:PRO:172:C
0	vdw	A:HOH:2041:O	A:PRO:172:O
0	vdw	A:HOH:2041:O	A:VAL:174:N
0	vdw	A:HOH:2041:O	A:TRP:208:CD1
0	vdw	A:HOH:2041:O	A:TRP:208:NE1
0	vdw	A:HOH:2041:O	A:PRO:211:CD
0	vdw	A:PRO:211:CA	A:TYR:218:CD2
0	vdw	A:PRO:211:C	A:TYR:218:CD2
0	vdw	A:PRO:211:C	A:TYR:218:CE2
0	vdw	A:PRO:211:CA	A:TYR:218:CG
0	vdw	A:ARG:95:NH2	A:ASP:142:CG
0	vdw	A:ARG:95:CZ	A:ASP:142:OD1
0	vdw	A:ARG:95:NH1	A:ASP:142:OD1
0	vdw	A:ARG:95:NH2	A:ASP:142:OD1
0	vdw	A:ARG:95:CG	A:LEU:138:CD1
0	vdw	A:ARG:95:NE	A:LEU:138:CD1
0	vdw	A:ARG:95:CZ	A:LEU:138:CD1
0	vdw	A:ARG:95:NH1	A:LEU:138:CD1
0	vdw	A:LEU:136:O	A:LEU:92:CA
0	vdw	A:LEU:136:O	A:LEU:92:CB
0	vdw	A:PRO:133:CD	A:TYR:173:CE1
0	vdw	A:PRO:133:CD	A:TYR:173:CZ
0	vdw	A:PRO:133:CD	A:TYR:173:OH
0	vdw	A:LYS:132:CB	A:TYR:173:CE1
0	vdw	A:LEU:206:CD2	A:TYR:173:CE1
0	vdw	A:ILE:196:CB	A:TYR:173:CD1
0	vdw	A:ILE:196:CG2	A:TYR:173:CD1
0	vdw	A:ILE:196:CG2	A:TYR:173:CE1
0	vdw	A:HOH:2041:O	A:TYR:173:CA
0	vdw	A:HOH:2041:O	A:TYR:173:C
0	vdw	A:LEU:171:O	A:PRO:211:CD
0	vdw	A:PRO:211:CD	A:VAL:174:CG1
0	vdw	A:ASP:209:O	A:LEU:171:C
0	vdw	A:GLN:210:CA	A:LEU:171:O
0	vdw	A:ASP:139:O	A:GLY:89:CA
0	vdw	A:GLY:89:N	A:LEU:138:O
0	vdw	A:GLY:89:CA	A:LEU:138:O
0	vdw	A:GLY:89:CA	A:LEU:138:CB
0	vdw	A:GLY:89:C	A:LEU:138:O
0	vdw	A:GLY:90:N	A:LEU:138:O
0	vdw	A:CYS:87:C	A:LEU:138:O
0	vdw	A:CYS:87:O	A:LEU:138:O
0	vdw	A:GLY:90:O	A:LEU:138:N
0	vdw	A:GLY:90:O	A:LEU:137:CD2
0	vdw	A:LEU:92:N	A:PRO:133:O
0	vdw	A:LEU:136:O	A:LEU:92:N
0	vdw	A:GLU:91:CA	A:LEU:136:O
0	vdw	A:GLU:91:C	A:LEU:136:O
0	vdw	A:PHE:93:CB	A:PRO:133:O
0	vdw	A:PHE:93:N	A:PRO:133:O
0	vdw	A:PHE:93:CB	A:PRO:133:C
0	vdw	A:GLU:134:CA	A:GLU:91:OE2
0	vdw	A:LYS:132:CD	A:THR:170:OG1
0	vdw	A:LYS:132:CB	A:TYR:173:CD2
0	vdw	A:LYS:132:CB	A:TYR:173:CZ
0	vdw	A:LYS:132:CB	A:TYR:173:CE2
0	vdw	A:GLN:210:CB	A:LEU:171:CD2
0	vdw	A:LYS:132:CE	A:THR:170:OG1
0	vdw	A:LYS:132:NZ	A:THR:170:OG1
0	vdw	A:LEU:25:CD1	A:TYR:86:CE2
0	vdw	A:LEU:25:CD1	A:TYR:86:CZ
0	vdw	A:LEU:15:CD1	A:TYR:86:CE1
0	vdw	A:VAL:12:CG2	A:VAL:27:CG2
0	vdw	A:LEU:25:CD1	A:TYR:86:CE1
0	vdw	A:LEU:15:CG	A:LEU:25:N
0	vdw	A:LEU:15:CG	A:LEU:25:CB
0	vdw	A:GLN:24:C	A:LEU:15:CD1
0	vdw	A:LEU:15:CD1	A:LEU:25:N
0	vdw	A:LEU:15:CD1	A:LEU:25:CA
0	vdw	A:LEU:15:CD1	A:LEU:25:CB
0	vdw	A:GLN:13:O	A:GLN:24:C
0	vdw	A:GLN:13:O	A:LEU:25:N
0	vdw	A:THR:14:C	A:VAL:23:O
0	vdw	A:LEU:15:N	A:VAL:23:O
0	vdw	A:GLY:16:N	A:VAL:23:O
0	vdw	A:GLY:16:O	A:VAL:23:O
0	vdw	A:THR:14:CA	A:VAL:23:O
0	vdw	A:GLY:16:O	A:VAL:23:N
0	vdw	A:GLY:16:O	A:VAL:23:CA
0	vdw	A:LEU:25:O	A:VAL:12:N
0	vdw	A:GLN:24:NE2	A:LEU:11:CB
0	vdw	A:LEU:11:CA	A:LEU:25:O
0	vdw	A:GLN:13:C	A:GLN:24:NE2
0	vdw	A:GLN:24:CG	A:THR:14:CA
0	vdw	A:GLN:24:CG	A:THR:14:OG1
0	vdw	A:GLN:13:O	A:GLN:24:CA
0	vdw	A:GLN:13:O	A:GLN:24:CB
0	vdw	A:GLN:13:C	A:GLN:24:CG
0	vdw	A:GLN:13:O	A:GLN:24:CG
0	vdw	A:GLU:22:CB	A:GLY:16:O
0	vdw	A:LEU:11:C	A:LEU:25:O
0	vdw	A:GLN:24:OE1	A:LEU:11:CD1
0	vdw	A:GLN:24:CD	A:LEU:11:CB
0	vdw	A:ASP:235:CB	A:HOH:2014:O
0	vdw	A:GLU:104:OE2	A:HOH:2014:O
0	vdw	A:GLU:104:CG	A:LEU:202:CD2
0	vdw	A:ASP:235:CB	A:GLU:104:OE2
0	vdw	A:ASP:235:N	A:HOH:2014:O
0	vdw	A:HOH:2014:O	A:HOH:2046:O
0	vdw	A:ILE:234:CG2	A:LEU:239:CB
0	vdw	A:LEU:239:CD1	A:TRP:231:CE3
0	vdw	A:TRP:221:CE3	A:TRP:231:CD2
0	vdw	A:TRP:221:CZ3	A:TRP:231:CD2
0	vdw	A:TRP:221:CZ3	A:TRP:231:CE3
0	vdw	A:TRP:221:CD2	A:TRP:231:CZ2
0	vdw	A:TRP:221:CE3	A:TRP:231:CE2
0	vdw	A:TRP:221:CE3	A:TRP:231:CZ2
0	vdw	A:TRP:221:CZ3	A:TRP:231:CE2
0	vdw	A:TRP:208:CZ3	A:TRP:221:CG
0	vdw	A:PRO:207:CB	A:TRP:231:CZ2
0	vdw	A:TRP:208:CZ3	A:TRP:231:CZ2
0	vdw	A:TRP:221:CE3	A:TRP:231:NE1
0	vdw	A:ASP:220:O	A:LYS:225:N
0	vdw	A:ASP:220:O	A:LYS:225:CB
0	vdw	A:ASP:220:O	A:LYS:225:CG
0	vdw	A:MET:102:CG	A:MET:201:O
0	vdw	A:GLY:101:CA	A:MET:201:O
0	vdw	A:GLY:101:C	A:MET:201:O
0	vdw	A:MET:102:N	A:MET:201:O
0	vdw	A:PRO:230:CG	A:THR:199:CG2
0	vdw	A:THR:199:CG2	A:TRP:231:CZ3
0	vdw	A:THR:199:OG1	A:TRP:231:CZ3
0	vdw	A:PRO:207:CB	A:TRP:231:CH2
0	vdw	A:TRP:208:CE3	A:TYR:218:CA
0	vdw	A:TRP:208:CE3	A:TYR:218:CB
0	vdw	A:TRP:208:CZ3	A:TRP:221:CB
0	vdw	A:ASP:213:O	A:SER:219:OG
0	vdw	A:ARG:95:O	A:MET:102:CE
0	vdw	A:CYS:215:SG	A:TRP:208:CB
0	vdw	A:CYS:215:CB	A:GLN:210:O
0	vdw	A:CYS:215:SG	A:GLN:210:O
0	vdw	A:ARG:95:NH1	A:GLY:89:O
0	vdw	A:ARG:95:NE	A:HOH:2009:O
0	vdw	A:ARG:95:CG	A:HOH:2009:O
0	vdw	A:ARG:95:CD	A:HOH:2009:O
0	vdw	A:PHE:93:N	A:PRO:133:CB
0	vdw	A:PHE:93:CA	A:PRO:133:CB
0	vdw	A:PHE:93:CB	A:PRO:133:CB
0	vdw	A:LEU:206:CD2	A:TYR:173:CZ
0	vdw	A:LEU:206:CD2	A:TYR:173:OH
0	vdw	A:LEU:206:CD1	A:TYR:173:CZ
0	vdw	A:LEU:206:CD1	A:TYR:173:OH
0	vdw	A:LEU:206:CD1	A:PRO:172:CB
0	vdw	A:PRO:172:CB	A:TRP:208:O
0	vdw	A:ASP:209:O	A:PRO:172:N
0	vdw	A:ASP:209:O	A:PRO:172:CA
0	vdw	A:ASP:209:O	A:PRO:172:CG
0	vdw	A:ASP:209:O	A:LEU:171:CB
0	vdw	A:ASP:209:O	A:PRO:172:CD
0	vdw	A:GLY:89:O	A:HOH:2009:O
0	vdw	A:GLU:91:O	A:HOH:2009:O
0	vdw	A:GLU:91:C	A:HOH:2009:O
0	vdw	A:ASP:94:CB	A:HOH:2009:O
0	vdw	A:LEU:15:O	A:ZYQ:1270:CAA
0	vdw	A:HOH:2046:O	A:LYS:233:O
0	vdw	A:THR:226:O	A:TRP:231:C
0	vdw	A:LYS:232:N	A:THR:226:O
0	vdw	A:THR:226:O	A:TRP:231:CB
0	vdw	A:LYS:232:CA	A:THR:226:O
0	vdw	A:ASP:220:CB	A:LYS:225:CD
0	vdw	A:ASP:220:CG	A:LYS:225:CD
0	vdw	A:ASP:220:OD2	A:LYS:225:CD
0	vdw	A:ASP:220:OD2	A:LYS:225:CE
0	vdw	A:ASP:220:OD2	A:LYS:225:NZ
0	vdw	A:HOH:2046:O	A:LEU:202:O
0	vdw	A:HOH:2046:O	A:LEU:202:C
0	vdw	A:HOH:2046:O	A:LYS:233:C
0	vdw	A:GLU:205:OE2	A:PRO:230:CA
0	vdw	A:GLY:101:CA	A:GLY:204:N
0	vdw	A:GLY:101:CA	A:GLY:204:CA
0	vdw	A:ALA:203:C	A:ILE:100:C
0	vdw	A:GLY:101:N	A:GLY:204:N
0	vdw	A:ALA:203:CB	A:PRO:230:CB
0	vdw	A:GLU:205:CG	A:PRO:230:CB
0	vdw	A:PRO:207:CA	A:PRO:230:CD
0	vdw	A:GLU:205:CD	A:PRO:230:CB
0	vdw	A:ALA:200:O	A:ILE:96:CG2
0	vdw	A:GLY:204:CA	A:ILE:96:CG2
0	vdw	A:ASP:99:N	A:GLY:204:CA
0	vdw	A:GLU:97:O	A:GLY:204:CA
0	vdw	A:GLY:101:N	A:GLY:204:CA
0	vdw	A:ASP:99:N	A:GLY:204:C
0	vdw	A:HOH:2047:O	A:LEU:206:N
0	vdw	A:HOH:2047:O	A:LEU:206:CB
0	vdw	A:GLU:217:CB	A:PRO:207:O
0	vdw	A:GLU:217:CG	A:PRO:207:O
0	vdw	A:HOH:2012:O	A:HOH:2047:O
0	vdw	A:ASP:94:OD1	A:HOH:2011:O
0	vdw	A:LYS:232:CB	A:TYR:227:O
0	vdw	A:LYS:232:CD	A:TYR:227:O
0	vdw	A:LYS:232:CB	A:TYR:227:C
0	vdw	A:ASN:229:CB	A:GLU:205:OE2
0	vdw	A:ASN:229:CG	A:GLU:205:OE2
0	vdw	A:ALA:203:O	A:ASP:99:C
0	vdw	A:ALA:203:O	A:ASP:99:O
0	vdw	A:ALA:203:O	A:ILE:100:N
0	vdw	A:ASP:99:O	A:LYS:233:NZ
0	vdw	A:ALA:203:O	A:LYS:233:CE
0	vdw	A:ALA:203:O	A:LYS:233:NZ
0	vdw	A:ALA:203:O	A:ASP:99:CA
0	vdw	A:ASP:99:O	A:LYS:233:CD
0	vdw	A:GLU:205:OE2	A:LYS:233:CE
0	vdw	A:GLU:205:CD	A:LYS:233:NZ
0	vdw	A:GLU:205:OE2	A:LYS:233:NZ
0	vdw	A:ASP:99:OD1	A:LYS:233:NZ
0	vdw	A:ASP:99:N	A:GLY:204:O
0	vdw	A:ASP:99:N	A:HOH:2013:O
0	vdw	A:ASP:99:CB	A:HOH:2013:O
0	vdw	A:ASP:99:OD1	A:HOH:2013:O
0	hbss	A:ASP:213:OD2	A:LYS:222:NZ
0	hbbb	A:GLY:123:O	A:ILE:124:N
0	hbbb	A:ALA:26:N	A:VAL:27:N
0	hbbb	A:GLU:22:N	A:ILE:39:O
0	hbbb	A:ASP:209:N	A:GLN:210:N
0	hbbb	A:LEU:11:N	A:VAL:12:N
0	hbbb	A:GLU:104:N	A:PRO:105:N
0	hbbb	A:ASP:130:N	A:ILE:131:N
0	hbbb	A:ASN:135:N	A:GLU:134:N
0	hbss	A:ARG:253:NH2	A:GLU:177:OE1
0	hbbb	A:CYS:194:N	A:SER:193:O
0	hbbb	A:GLY:117:N	A:VAL:118:N
0	hbbb	A:ASN:165:N	A:LYS:166:N
0	hbbb	A:CYS:168:N	A:MET:167:N
0	hbsb	A:ASN:63:O	A:TYR:120:OH
0	hbsb	A:ARG:253:NH1	A:GLU:248:O
0	hbbb	A:GLU:55:N	A:LYS:54:O
0	hbbb	A:ASP:258:O	A:LYS:260:N
0	hbsb	A:HIS:128:NE2	A:SER:147:O
0	hbsb	A:ASN:66:ND2	A:LEU:144:O
0	hbbb	A:ILE:52:O	A:LYS:53:N
0	hbbb	A:GLY:89:N	A:LEU:138:O
0	hbbb	A:GLN:113:O	A:LEU:114:N
0	hbbb	A:ARG:129:O	A:ASP:130:N
0	hbbb	A:LEU:92:O	A:PHE:93:N
0	hbbb	A:ASN:66:O	A:VAL:67:N
0	hbbb	A:ASN:28:O	A:VAL:30:N
0	hbbb	A:ASN:59:O	A:MET:61:N
0	hbbb	A:ASP:130:O	A:LYS:132:N
0	hbsb	A:TRP:192:NE1	A:VAL:174:O
0	hbbb	A:ALA:186:N	A:HIS:185:O
0	hbbb	A:GLN:13:O	A:THR:14:N
0	hbsb	A:GLN:108:NE2	A:TYR:265:O
0	hbbb	A:ASP:190:O	A:VAL:191:N
0	hbbb	A:ASP:258:N	A:PRO:257:O
0	hbbb	A:GLU:223:N	A:LYS:222:N
0	hbbb	A:ASP:94:N	A:PHE:93:N
0	hbbb	A:HIS:122:N	A:TYR:120:O
0	hbbb	A:LEU:164:N	A:PHE:184:O
0	hbbb	A:ILE:196:N	A:TRP:192:O
0	hbbb	A:LEU:239:O	A:LEU:242:N
0	hbbb	A:ALA:252:N	A:SER:251:O
0	hbbb	A:GLY:89:O	A:GLY:90:N
0	hbbb	A:LYS:38:N	A:VAL:37:N
0	hbbb	A:ARG:263:O	A:ASN:266:N
0	hbbb	A:VAL:118:N	A:VAL:119:N
0	hbbb	A:GLY:125:N	A:HIS:122:O
0	hbbb	A:GLY:72:O	A:HIS:73:N
0	hbbb	A:LEU:241:N	A:LEU:242:N
0	hbbb	A:GLY:21:N	A:TYR:20:N
0	hbbb	A:ALA:200:N	A:THR:199:N
0	hbbb	A:LEU:136:O	A:LEU:92:N
0	hbbb	A:LEU:228:N	A:TYR:227:N
0	hbbb	A:ALA:34:O	A:VAL:35:N
0	hbbb	A:LYS:145:O	A:SER:147:N
0	hbbb	A:ASN:59:O	A:LYS:60:N
0	hbsb	A:ASN:28:OD1	A:THR:31:N
0	hbbb	A:ALA:237:N	A:ASP:235:O
0	hbbb	A:ARG:109:O	A:HIS:112:N
0	hbbb	A:ASP:258:O	A:ILE:259:N
0	hbbb	A:GLN:216:O	A:TYR:218:N
0	hbbb	A:ILE:259:N	A:THR:255:O
0	hbbb	A:ASP:220:O	A:GLU:223:N
0	hbbb	A:ASP:106:N	A:PRO:103:O
0	hbbb	A:GLY:150:N	A:PHE:149:O
0	hbbb	A:ARG:95:N	A:PHE:93:O
0	hbbb	A:GLY:72:O	A:PHE:83:N
0	hbbb	A:ASP:10:O	A:LEU:11:N
0	hbbb	A:ILE:234:N	A:LYS:233:N
0	hbbb	A:ILE:254:O	A:THR:255:N
0	hbbb	A:ALA:240:O	A:HIS:243:N
0	hbbb	A:GLU:55:N	A:LYS:54:N
0	hbbb	A:LYS:232:N	A:TRP:231:O
0	hbbb	A:ASN:28:N	A:VAL:27:N
0	hbbb	A:ILE:245:N	A:LYS:244:N
0	hbbb	A:ASP:99:O	A:ILE:100:N
0	hbbb	A:ARG:160:O	A:TYR:157:N
0	hbbb	A:ALA:26:N	A:VAL:35:O
0	hbbb	A:LEU:163:O	A:LEU:164:N
0	hbbb	A:ASN:135:O	A:SER:147:N
0	hbbb	A:ALA:240:N	A:LEU:239:O
0	hbbb	A:ILE:196:O	A:VAL:197:N
0	hbbb	A:LYS:222:N	A:TRP:221:N
0	hbsb	A:ASN:63:N	A:TYR:120:OH
0	hbss	A:ARG:182:NH2	A:GLU:183:OE1
0	hbbb	A:GLY:89:N	A:GLY:90:N
0	hbbb	A:PRO:172:N	A:TYR:173:N
0	hbbb	A:CYS:87:N	A:TYR:86:O
0	hbbb	A:GLY:195:O	A:THR:199:N
0	hbbb	A:HIS:122:N	A:LEU:121:N
0	hbsb	A:ASN:66:N	A:HIS:64:ND1
0	hbbb	A:ARG:162:N	A:LEU:163:N
0	hbsb	A:ALA:237:N	A:ASP:235:OD1
0	hbsb	A:GLU:33:N	A:THR:31:OG1
0	hbbb	A:LEU:84:O	A:TYR:86:N
0	hbbb	A:ILE:146:N	A:SER:147:N
0	hbbb	A:ALA:186:N	A:GLU:187:N
0	hbbb	A:ASN:143:N	A:ASP:142:N
0	hbbb	A:ASN:59:N	A:ILE:58:O
0	hbbb	A:ILE:131:O	A:LYS:132:N
0	hbbb	A:ILE:196:N	A:SER:193:O
0	hbbb	A:LYS:224:N	A:LYS:225:N
0	hbbb	A:GLY:117:N	A:MET:115:O
0	hbbb	A:GLN:13:O	A:LEU:25:N
0	hbbb	A:ASN:266:N	A:LYS:267:N
0	hbsb	A:THR:153:OG1	A:VAL:154:N
0	hbsb	A:GLU:65:O	A:LYS:145:NZ
0	hbbb	A:GLY:90:N	A:LEU:138:O
0	hbbb	A:GLN:216:N	A:GLU:217:N
0	hbbb	A:LEU:242:N	A:PRO:238:O
0	hbbb	A:ALA:186:O	A:ASP:190:N
0	hbbb	A:LYS:166:O	A:MET:167:N
0	hbbb	A:ILE:96:N	A:PHE:93:O
0	hbbb	A:LEU:202:N	A:MET:201:N
0	hbsb	A:ASN:165:OD1	A:LYS:166:N
0	hbbb	A:ARG:263:O	A:TRP:264:N
0	hbbb	A:ALA:26:N	A:LEU:25:N
0	hbbb	A:THR:127:N	A:THR:153:O
0	hbbb	A:GLY:89:N	A:SER:88:N
0	hbbb	A:ASP:148:O	A:PHE:149:N
0	hbbb	A:ARG:156:N	A:TYR:157:N
0	hbbb	A:GLY:72:N	A:TYR:71:O
0	hbbb	A:CYS:215:N	A:SER:212:O
0	hbbb	A:GLY:101:N	A:MET:102:N
0	hbsb	A:ASP:213:N	A:SER:212:OG
0	hbbb	A:ASP:262:O	A:TRP:264:N
0	hbbb	A:ASP:235:O	A:SER:236:N
0	hbsb	A:ASN:59:ND2	A:GLU:55:O
0	hbbb	A:ARG:129:N	A:ASP:130:N
0	hbbb	A:ARG:160:O	A:GLU:161:N
0	hbbb	A:ARG:29:N	A:VAL:30:N
0	hbbb	A:LEU:241:N	A:PRO:238:O
0	hbbb	A:GLU:91:O	A:PHE:93:N
0	hbbb	A:ASP:220:N	A:GLN:216:O
0	hbss	A:ASP:220:OD2	A:GLN:216:NE2
0	hbbb	A:VAL:67:N	A:VAL:68:N
0	hbbb	A:ALA:252:O	A:ARG:253:N
0	hbbb	A:LYS:225:N	A:THR:226:N
0	hbbb	A:ILE:234:N	A:LYS:232:O
0	hbbb	A:HIS:128:N	A:THR:127:O
0	hbbb	A:TYR:173:N	A:VAL:174:N
0	hbbb	A:ALA:240:N	A:PRO:238:O
0	hbbb	A:ALA:26:N	A:LEU:25:O
0	hbss	A:ARG:95:NH2	A:ASP:142:OD2
0	hbbb	A:ASP:99:N	A:PRO:98:O
0	hbbb	A:LEU:121:N	A:TYR:120:N
0	hbbb	A:ARG:162:N	A:GLU:161:O
0	hbsb	A:CYS:194:N	A:SER:193:OG
0	hbbb	A:ALA:203:O	A:GLY:204:N
0	hbbb	A:TRP:264:N	A:TYR:265:N
0	hbbb	A:GLN:108:O	A:PHE:110:N
0	hblb	A:CYS:87:N	A:ZYQ:1270:OAC
0	hbbb	A:ASP:220:O	A:LYS:224:N
0	hbbb	A:LYS:69:O	A:PHE:70:N
0	hbbb	A:ALA:240:O	A:LYS:244:N
0	hbbb	A:ARG:141:N	A:GLU:140:N
0	hbbb	A:ASP:148:N	A:PHE:149:N
0	hbbb	A:ASP:106:O	A:GLN:108:N
0	hbbb	A:GLN:216:N	A:SER:214:O
0	hbbb	A:GLU:223:N	A:LYS:224:N
0	hbbb	A:LEU:239:N	A:PRO:238:N
0	hbbb	A:GLY:101:O	A:MET:102:N
0	hbbb	A:ARG:162:O	A:LEU:163:N
0	hbss	A:GLU:55:OE2	A:LYS:38:NZ
0	hbbb	A:LEU:241:O	A:LYS:244:N
0	hbbb	A:ASN:66:N	A:HIS:64:O
0	hbbb	A:LEU:114:O	A:VAL:118:N
0	hbss	A:SER:212:OG	A:SER:214:OG
0	hbbb	A:PRO:230:N	A:TRP:231:N
0	hbbb	A:LEU:198:N	A:VAL:197:O
0	hbbb	A:ILE:39:N	A:VAL:40:N
0	hbbb	A:ASP:106:N	A:PRO:105:O
0	hbbb	A:ILE:124:N	A:LEU:121:O
0	hbbb	A:LEU:15:N	A:THR:14:N
0	hbbb	A:TRP:192:N	A:VAL:191:O
0	hbbb	A:ALA:252:N	A:ASN:249:O
0	hbbb	A:ASN:249:N	A:VAL:247:O
0	hbbb	A:LEU:82:N	A:LYS:38:O
0	hbsb	A:ALA:203:O	A:LYS:233:NZ
0	hbbb	A:PHE:110:O	A:PHE:111:N
0	hbbb	A:LYS:69:N	A:VAL:68:N
0	hbsb	A:ARG:109:NH2	A:ASP:142:O
0	hbbb	A:ASP:8:N	A:TRP:9:N
0	hbbb	A:GLN:24:N	A:VAL:37:O
0	hbbb	A:ASP:99:N	A:ILE:100:N
0	hbbb	A:ALA:240:N	A:LEU:239:N
0	hbbb	A:ILE:196:N	A:VAL:197:N
0	hbbb	A:LYS:267:N	A:TRP:264:O
0	hbbb	A:GLY:150:O	A:LEU:151:N
0	hbbb	A:ALA:34:N	A:GLU:33:N
0	hbbb	A:PRO:188:O	A:VAL:189:N
0	hbbb	A:GLN:113:O	A:GLY:117:N
0	hbsb	A:ASN:266:ND2	A:LYS:260:O
0	hbbb	A:ARG:29:N	A:ASN:28:O
0	hbbb	A:PHE:93:N	A:PRO:133:O
0	hbbb	A:GLU:205:O	A:LEU:206:N
0	hbbb	A:SER:219:N	A:TYR:218:O
0	hbbb	A:CYS:57:N	A:LYS:53:O
0	hbbb	A:ASN:66:N	A:VAL:67:N
0	hbbb	A:ASP:190:N	A:VAL:191:N
0	hbsb	A:ASP:148:N	A:SER:147:OG
0	hbbb	A:LEU:178:O	A:LEU:179:N
0	hbbb	A:ASP:258:O	A:LYS:261:N
0	hbbb	A:ASN:249:N	A:GLU:248:N
0	hbss	A:ASN:143:OD1	A:GLN:113:NE2
0	hbbb	A:LEU:178:N	A:LEU:179:N
0	hbbb	A:GLU:33:N	A:THR:31:O
0	hbbb	A:LEU:239:O	A:LEU:241:N
0	hbbb	A:LEU:136:N	A:PRO:133:O
0	hbbb	A:LEU:246:O	A:VAL:247:N
0	hbbb	A:GLU:85:O	A:TYR:86:N
0	hbbb	A:GLY:16:N	A:VAL:23:O
0	hbbb	A:ASP:220:N	A:SER:219:N
0	hbbb	A:LYS:233:N	A:PRO:230:O
0	hbbb	A:THR:153:O	A:VAL:154:N
0	hbbb	A:MET:115:N	A:PHE:111:O
0	hbbb	A:GLU:32:N	A:GLU:33:N
0	hbbb	A:GLY:101:N	A:ILE:100:N
0	hbbb	A:HIS:122:O	A:ILE:124:N
0	hbbb	A:GLN:24:O	A:LEU:25:N
0	hbbb	A:GLU:97:N	A:PRO:98:N
0	hbbb	A:GLU:32:N	A:THR:31:O
0	hbbb	A:ALA:116:N	A:MET:115:O
0	hbbb	A:SER:219:N	A:TYR:218:N
0	hbbb	A:GLU:97:O	A:GLY:101:N
0	hbbb	A:ASN:143:N	A:ASP:142:O
0	hbbb	A:LEU:114:N	A:PHE:110:O
0	hbbb	A:ASN:135:N	A:GLU:134:O
0	hbsb	A:ARG:253:NH1	A:VAL:247:O
0	hbbb	A:ARG:109:N	A:PRO:105:O
0	hbbb	A:LYS:224:N	A:TRP:221:O
0	hbbb	A:THR:199:N	A:VAL:197:O
0	hbbb	A:LYS:232:N	A:THR:226:O
0	hbbb	A:GLY:123:N	A:ILE:124:N
0	hbsb	A:ARG:129:NE	A:LEU:151:O
0	hbbb	A:ALA:152:N	A:PHE:149:O
0	hbbb	A:LEU:92:N	A:PHE:93:N
0	hbbb	A:ALA:107:O	A:GLN:108:N
0	hbbb	A:PHE:110:N	A:PHE:111:N
0	hbbb	A:GLU:55:O	A:ILE:58:N
0	hbbb	A:MET:102:N	A:MET:201:O
0	hbbb	A:LEU:11:O	A:VAL:12:N
0	hbbb	A:ASP:209:O	A:GLN:210:N
0	hbbb	A:ILE:146:N	A:LYS:145:N
0	hbbb	A:ARG:182:O	A:GLU:183:N
0	hbbb	A:GLU:217:O	A:TYR:218:N
0	hbbb	A:LYS:60:N	A:MET:61:N
0	hbsb	A:GLY:89:N	A:SER:88:OG
0	hbbb	A:ASN:266:N	A:TYR:265:N
0	hbss	A:GLU:104:OE1	A:TRP:264:NE1
0	hbbb	A:LEU:171:N	A:PRO:172:N
0	hbsb	A:HIS:128:N	A:THR:127:OG1
0	hbbb	A:ASP:220:O	A:LYS:222:N
0	hbbb	A:LEU:121:N	A:TYR:120:O
0	hbbb	A:ALA:200:N	A:LEU:198:O
0	hbbb	A:HIS:112:O	A:MET:115:N
0	hbbb	A:GLU:177:N	A:PRO:176:N
0	hbbb	A:ASN:135:O	A:LEU:136:N
0	hbbb	A:LEU:62:N	A:MET:61:N
0	hbbb	A:CYS:168:N	A:MET:167:O
0	hbbb	A:ASN:158:O	A:ASN:159:N
0	hbbb	A:GLY:123:N	A:TYR:120:O
0	hbbb	A:GLY:169:O	A:THR:170:N
0	hbbb	A:GLU:134:N	A:PRO:133:N
0	hbbb	A:GLY:101:N	A:GLY:204:N
0	hbbb	A:THR:226:N	A:TYR:227:N
0	hbbb	A:ASP:262:O	A:TYR:265:N
0	hbbb	A:PHE:70:O	A:TYR:71:N
0	hbbb	A:ASN:51:N	A:ILE:52:N
0	hbbb	A:GLN:108:N	A:GLU:104:O
0	hbbb	A:ILE:52:N	A:LYS:53:N
0	hbbb	A:ARG:129:N	A:HIS:128:O
0	hbss	A:ARG:129:NH2	A:LYS:166:NZ
0	hbbb	A:LYS:260:N	A:LYS:261:N
0	hbbb	A:ILE:124:N	A:TYR:120:O
0	hbbb	A:ASP:262:N	A:LYS:261:O
0	hbss	A:GLU:85:OE1	A:LYS:145:NZ
0	hbbb	A:GLU:217:N	A:TYR:218:N
0	hbbb	A:ALA:116:N	A:GLY:117:N
0	hbsb	A:ASN:135:ND2	A:ASP:130:O
0	hbbb	A:LEU:198:N	A:VAL:197:N
0	hbbb	A:LEU:136:N	A:LYS:132:O
0	hbbb	A:ASP:106:N	A:PRO:105:N
0	hbsb	A:ARG:253:NH2	A:PRO:188:O
0	hbbb	A:HIS:112:N	A:PHE:111:O
0	hbbb	A:CYS:215:O	A:GLN:216:N
0	hbbb	A:ASN:59:N	A:GLU:55:O
0	hbbb	A:GLY:123:N	A:HIS:122:N
0	hbbb	A:ASP:258:N	A:PRO:257:N
0	hbbb	A:TRP:192:N	A:VAL:191:N
0	hbsb	A:ASP:190:O	A:SER:193:OG
0	hbbb	A:GLY:195:N	A:ILE:196:N
0	hbbb	A:ASN:28:N	A:VAL:27:O
0	hbbb	A:CYS:87:O	A:GLY:89:N
0	hbbb	A:CYS:168:O	A:GLY:169:N
0	hbbb	A:ILE:234:N	A:TRP:231:O
0	hbbb	A:LEU:171:N	A:THR:170:N
0	hbbb	A:ILE:245:N	A:LEU:241:O
0	hbbb	A:ILE:259:O	A:LYS:260:N
0	hbbb	A:ARG:141:O	A:ASP:142:N
0	hbbb	A:GLU:134:N	A:LYS:132:O
0	hbbb	A:GLY:21:N	A:TYR:20:O
0	hbbb	A:ASP:8:N	A:GLU:7:N
0	hbbb	A:ARG:156:N	A:PHE:155:N
0	hbbb	A:ALA:34:N	A:GLU:33:O
0	hbbb	A:LEU:228:N	A:TYR:227:O
0	hbbb	A:ILE:256:O	A:LYS:260:N
0	hbss	A:ARG:109:NH2	A:ASN:143:OD1
0	hbbb	A:GLY:125:N	A:ILE:124:N
0	hbss	A:LYS:132:NZ	A:THR:170:OG1
0	hbbb	A:LYS:260:N	A:PRO:257:O
0	hbbb	A:LEU:84:N	A:PHE:83:N
0	hbbb	A:ASN:59:N	A:LYS:60:N
0	hbbb	A:ALA:19:O	A:TYR:20:N
0	hbbb	A:GLY:16:N	A:LEU:15:N
0	hbsb	A:CYS:215:N	A:SER:214:OG
0	hbsb	A:ASN:28:OD1	A:VAL:30:N
0	hbbb	A:GLY:125:N	A:ILE:126:N
0	hbbb	A:ASP:258:N	A:ILE:259:N
0	hbbb	A:GLY:195:O	A:LEU:198:N
0	hbbb	A:CYS:215:N	A:GLN:216:N
0	hbbb	A:ASP:10:O	A:VAL:12:N
0	hbbb	A:LYS:53:O	A:LYS:54:N
0	hbbb	A:LYS:260:O	A:LYS:261:N
0	hbsb	A:ASN:143:N	A:ASP:139:OD2
0	hbbb	A:GLY:150:N	A:PHE:149:N
0	hbbb	A:ILE:39:O	A:VAL:40:N
0	hbbb	A:GLY:101:N	A:ILE:100:O
0	hbbb	A:ASN:66:N	A:GLU:65:N
0	hbbb	A:LEU:178:N	A:PRO:176:O
0	hbbb	A:CYS:87:O	A:GLY:90:N
0	hbbb	A:LYS:232:N	A:TRP:231:N
0	hbbb	A:ASP:258:N	A:ILE:256:O
0	hbbb	A:ALA:107:O	A:PHE:111:N
0	hbbb	A:ASP:235:N	A:ILE:234:O
0	hbsb	A:GLU:32:N	A:THR:31:OG1
0	hbsb	A:ILE:256:N	A:THR:255:OG1
0	hbbb	A:LYS:222:N	A:TRP:221:O
0	hbbb	A:ALA:36:O	A:LEU:84:N
0	hbbb	A:ASP:8:N	A:GLU:7:O
0	hbbb	A:LEU:269:N	A:LYS:267:O
0	hbsb	A:ARG:109:NH2	A:ARG:141:O
0	hbbb	A:GLU:55:O	A:ILE:56:N
0	hbbb	A:ASP:213:N	A:SER:214:N
0	hbbb	A:ASN:63:N	A:HIS:64:N
0	hbbb	A:ASN:28:O	A:GLU:32:N
0	hbbb	A:ILE:146:N	A:LYS:145:O
0	hbss	A:ASN:249:OD1	A:SER:251:OG
0	hbbb	A:ALA:237:O	A:LEU:239:N
0	hbbb	A:ARG:156:N	A:PHE:155:O
0	hbbb	A:ASN:63:N	A:MET:61:O
0	hbbb	A:LEU:25:O	A:VAL:12:N
0	hbbb	A:CYS:87:N	A:SER:88:N
0	hbbb	A:ARG:109:N	A:GLN:108:N
0	hbsb	A:ASP:213:O	A:SER:219:OG
0	hbbb	A:HIS:243:N	A:LYS:244:N
0	hbsb	A:ASP:130:OD2	A:THR:170:N
0	hbsb	A:GLU:65:N	A:HIS:64:ND1
0	hbbb	A:CYS:57:N	A:ILE:58:N
0	hbbb	A:ARG:181:N	A:LYS:180:N
0	hbbb	A:GLN:113:N	A:PHE:110:O
0	hbbb	A:ILE:146:O	A:SER:147:N
0	hbbb	A:ILE:58:O	A:MET:61:N
0	hbbb	A:ASP:10:O	A:VAL:27:N
0	hbbb	A:TYR:173:O	A:VAL:174:N
0	hbbb	A:ASP:190:N	A:PRO:188:O
0	hbbb	A:GLU:177:N	A:LEU:178:N
0	hbbb	A:ASN:59:N	A:ILE:58:N
0	hbbb	A:ALA:252:N	A:SER:251:N
0	hbbb	A:ALA:186:O	A:GLU:187:N
0	hbbb	A:GLU:32:O	A:GLU:33:N
0	hbbb	A:SER:193:N	A:TRP:192:O
0	hbbb	A:ILE:131:N	A:LYS:132:N
0	hbbb	A:HIS:122:N	A:LEU:121:O
0	hbbb	A:ASP:106:O	A:PHE:110:N
0	hbbb	A:GLY:125:N	A:LEU:121:O
0	hbss	A:LYS:54:NZ	A:THR:153:OG1
0	hbbb	A:CYS:194:O	A:LEU:198:N
0	hbbb	A:ALA:200:O	A:LEU:202:N
0	hbbb	A:GLY:123:N	A:LEU:121:O
0	hbsb	A:GLY:169:O	A:THR:170:OG1
0	hbbb	A:ALA:186:O	A:VAL:189:N
0	hbbb	A:LYS:69:N	A:VAL:67:O
0	hbbb	A:ASP:10:N	A:VAL:27:O
0	hbbb	A:LEU:202:N	A:MET:201:O
0	hbbb	A:ALA:175:O	A:GLU:177:N
0	hbbb	A:CYS:194:O	A:VAL:197:N
0	hbbb	A:ASP:213:O	A:SER:214:N
0	hbbb	A:ASN:28:N	A:GLU:33:O
0	hbbb	A:GLN:216:O	A:GLU:217:N
0	hbbb	A:ASN:158:N	A:ASN:159:N
0	hbss	A:GLU:223:OE1	A:LYS:225:NZ
0	hbbb	A:ALA:175:N	A:VAL:174:O
0	hbbb	A:GLN:13:N	A:VAL:12:N
0	hbbb	A:GLN:113:N	A:HIS:112:N
0	hbbb	A:LEU:114:N	A:MET:115:N
0	hbbb	A:ILE:234:N	A:LYS:233:O
0	hbbb	A:LYS:232:N	A:LYS:233:N
0	hbbb	A:ALA:116:O	A:TYR:120:N
0	hbbb	A:CYS:215:N	A:SER:214:O
0	hbbb	A:LYS:222:O	A:LYS:224:N
0	hbbb	A:ASP:190:N	A:VAL:189:N
0	hbbb	A:ASN:63:N	A:LEU:62:O
0	hbbb	A:ALA:152:N	A:LEU:151:N
0	hbbb	A:GLU:223:O	A:LYS:225:N
0	hbbb	A:LYS:60:O	A:MET:61:N
0	hbbb	A:TYR:120:N	A:VAL:119:N
0	hbbb	A:LEU:171:O	A:TYR:173:N
0	hbbb	A:LEU:171:O	A:VAL:174:N
0	hbbb	A:PRO:211:O	A:SER:212:N
0	hbbb	A:LYS:222:N	A:TYR:218:O
0	hbbb	A:CYS:215:O	A:SER:219:N
0	hbbb	A:LEU:198:O	A:LEU:202:N
0	hbbb	A:ARG:160:N	A:ASN:159:N
0	hbbb	A:ALA:36:N	A:VAL:35:O
0	hbbb	A:ALA:240:O	A:LEU:241:N
0	hbbb	A:GLU:104:N	A:MET:102:O
0	hbbb	A:GLU:205:N	A:GLY:204:O
0	hbss	A:GLU:205:OE2	A:LYS:233:NZ
0	hbbb	A:ALA:252:N	A:PRO:250:O
0	hbss	A:ASN:135:ND2	A:ASP:130:OD1
0	hbbb	A:ASP:142:N	A:GLU:140:O
0	hbbb	A:ARG:160:N	A:ASN:158:O
0	hbbb	A:ASP:220:N	A:SER:219:O
0	hbbb	A:ILE:56:O	A:LYS:60:N
0	hbbb	A:PRO:188:O	A:VAL:191:N
0	hbbb	A:GLU:248:N	A:VAL:247:O
0	hbbb	A:CYS:194:O	A:GLY:195:N
0	hbbb	A:ASP:190:O	A:CYS:194:N
0	hbbb	A:LEU:198:N	A:THR:199:N
0	hbbb	A:ILE:254:N	A:LYS:244:O
0	hbsb	A:ASP:235:OD2	A:SER:236:N
0	hbbb	A:ALA:107:N	A:GLN:108:N
0	hbbb	A:PHE:155:N	A:VAL:154:N
0	hbbb	A:ALA:116:N	A:MET:115:N
0	hbbb	A:GLU:65:N	A:HIS:64:O
0	hbbb	A:ILE:126:O	A:THR:127:N
0	hbbb	A:LYS:232:N	A:PRO:230:O
0	hbsb	A:ASP:148:OD2	A:GLY:150:N
0	hbbb	A:ILE:126:N	A:LEU:121:O
0	hbbb	A:ILE:56:N	A:LYS:54:O
0	hbbb	A:ARG:182:N	A:GLU:183:N
0	hbbb	A:ASN:266:N	A:TRP:264:O
0	hbbb	A:LEU:202:N	A:THR:199:O
0	hbbb	A:GLU:32:N	A:VAL:30:O
0	hbsb	A:ARG:156:NH2	A:HIS:122:O
0	hbbb	A:VAL:118:O	A:VAL:119:N
0	hbbb	A:SER:193:N	A:VAL:189:O
0	hbbb	A:ARG:109:N	A:PHE:110:N
0	hbbb	A:ILE:259:N	A:LYS:260:N
0	hbbb	A:ASP:8:O	A:TRP:9:N
0	hbbb	A:ILE:124:O	A:ILE:126:N
0	hbbb	A:GLU:223:N	A:LYS:222:O
0	hbsb	A:ARG:263:N	A:ASP:262:OD2
0	hbbb	A:GLU:55:N	A:ILE:56:N
0	hbbb	A:ASN:51:O	A:GLU:55:N
0	hbbb	A:GLN:113:O	A:MET:115:N
0	hbbb	A:ALA:200:N	A:THR:199:O
0	hbss	A:ASP:190:OD2	A:HIS:122:NE2
0	hbsb	A:ARG:129:N	A:ASP:190:OD1
0	hbbb	A:CYS:57:O	A:LYS:60:N
0	hbbb	A:CYS:57:N	A:ILE:56:N
0	hbbb	A:HIS:64:O	A:VAL:67:N
0	hbbb	A:ALA:107:N	A:PRO:105:O
0	hbbb	A:THR:170:O	A:TYR:173:N
0	hbbb	A:PHE:83:O	A:TYR:71:N
0	hbbb	A:LEU:137:O	A:LYS:145:N
0	hbbb	A:HIS:243:O	A:LYS:244:N
0	hbbb	A:LEU:82:O	A:PHE:83:N
0	hbbb	A:LEU:246:N	A:VAL:247:N
0	hbbb	A:ALA:26:O	A:VAL:27:N
0	hbss	A:ASN:143:ND2	A:ASP:139:OD1
0	hbbb	A:ASP:220:N	A:TRP:221:N
0	hbss	A:ARG:95:NH1	A:ASP:142:OD1
0	hbbb	A:SER:193:N	A:TRP:192:N
0	hbbb	A:GLY:89:N	A:SER:88:O
0	hbbb	A:ASP:262:N	A:ILE:259:O
0	hbbb	A:ASN:158:N	A:TYR:157:O
0	hbbb	A:ASN:59:N	A:ILE:56:O
0	hbbb	A:LEU:151:N	A:PHE:149:O
0	hbbb	A:ASN:143:O	A:LEU:144:N
0	hbbb	A:ARG:141:N	A:ASP:142:N
0	hbsb	A:ARG:29:N	A:ASN:28:OD1
0	hbbb	A:SER:193:O	A:VAL:197:N
0	hbbb	A:PRO:172:O	A:TYR:173:N
0	hbbb	A:ARG:109:O	A:PHE:110:N
0	hbbb	A:LEU:206:O	A:TRP:208:N
0	hbbb	A:ILE:245:O	A:LEU:246:N
0	hbbb	A:ARG:156:O	A:TYR:157:N
0	hbbb	A:ARG:181:O	A:GLU:183:N
0	hbbb	A:LEU:228:O	A:LYS:232:N
0	hbbb	A:ILE:259:O	A:LYS:261:N
0	hbbb	A:ALA:152:N	A:LEU:151:O
0	hbbb	A:ASP:130:N	A:HIS:128:O
0	hbbb	A:ALA:107:N	A:PRO:103:O
0	hbbb	A:ASN:135:N	A:LEU:136:N
0	hbbb	A:ASP:130:O	A:ILE:131:N
0	hbbb	A:ALA:237:N	A:SER:236:O
0	hbbb	A:GLY:16:O	A:VAL:23:N
0	hbbb	A:PRO:207:O	A:TRP:208:N
0	hbbb	A:LYS:233:N	A:TRP:231:O
0	hbbb	A:HIS:243:N	A:LEU:241:O
0	hbbb	A:GLN:24:O	A:VAL:37:N
0	hbbb	A:ASN:266:O	A:LYS:267:N
0	hbbb	A:GLU:223:N	A:TRP:221:O
0	hbbb	A:ALA:240:N	A:LEU:241:N
0	hbbb	A:GLU:205:N	A:GLY:204:N
0	hbbb	A:ASP:148:N	A:SER:147:O
0	hbss	A:ASP:130:OD1	A:LYS:132:NZ
0	hbbb	A:LEU:15:N	A:VAL:23:O
0	hbbb	A:GLU:32:N	A:THR:31:N
0	hbbb	A:ARG:263:O	A:LYS:267:N
0	hbbb	A:GLU:177:N	A:PRO:176:O
0	hbbb	A:ASP:139:N	A:LEU:138:O
0	hbbb	A:LEU:179:N	A:PRO:176:O
0	hbbb	A:ALA:203:N	A:LEU:202:O
0	hbbb	A:GLY:125:O	A:PHE:155:N
0	hbbb	A:ALA:36:O	A:VAL:37:N
0	hbbb	A:PHE:70:N	A:TYR:71:N
0	hbbb	A:ARG:181:O	A:ARG:182:N
0	hbss	A:ARG:253:NH1	A:GLU:177:OE2
0	hbbb	A:ASP:235:O	A:LEU:239:N
0	hbbb	A:ALA:26:O	A:VAL:35:N
0	hbbb	A:LEU:198:O	A:THR:199:N
0	hbbb	A:ASP:139:O	A:GLU:140:N
0	hbbb	A:LEU:171:N	A:THR:170:O
0	hbbb	A:CYS:215:O	A:TYR:218:N
0	hbbb	A:VAL:67:O	A:VAL:68:N
0	hbbb	A:GLU:223:N	A:SER:219:O
0	hbbb	A:HIS:112:N	A:PHE:111:N
0	hbbb	A:LYS:225:O	A:THR:226:N
0	hbsb	A:LYS:180:NZ	A:PRO:176:O
0	hbbb	A:ASP:190:N	A:GLU:187:O
0	hbbb	A:GLY:125:O	A:ILE:126:N
0	hbbb	A:ARG:109:O	A:PHE:111:N
0	hbbb	A:GLY:117:O	A:VAL:118:N
0	hbsb	A:ARG:141:N	A:ASP:139:OD2
0	hbsb	A:ALA:237:N	A:SER:236:OG
0	hbss	A:ASP:262:OD2	A:LYS:244:NZ
0	hbsb	A:ASP:139:OD2	A:ASP:142:N
0	hbbb	A:ARG:95:N	A:ASP:94:N
0	hbbb	A:HIS:122:N	A:VAL:118:O
0	hbbb	A:GLU:22:N	A:GLY:21:O
0	hbbb	A:LEU:239:N	A:PRO:238:O
0	hbbb	A:LEU:242:O	A:LYS:244:N
0	hbbb	A:ASP:220:N	A:TYR:218:O
0	hbbb	A:GLU:97:N	A:ILE:96:N
0	hbsb	A:ASP:130:N	A:HIS:128:ND1
0	hbbb	A:LYS:224:O	A:LYS:225:N
0	hbbb	A:ASN:59:N	A:CYS:57:O
0	hbbb	A:SER:193:N	A:VAL:191:O
0	hbbb	A:GLN:210:O	A:SER:212:N
0	hbss	A:ASP:130:OD2	A:THR:170:OG1
0	hbsb	A:ASN:266:ND2	A:LYS:261:O
0	hbbb	A:LYS:222:N	A:SER:219:O
0	hbbb	A:PRO:250:O	A:SER:251:N
0	hbbb	A:GLU:187:N	A:PRO:188:N
0	hbsb	A:GLN:108:NE2	A:LYS:267:O
0	hbbb	A:ASN:266:N	A:TYR:265:O
0	hbbb	A:LYS:69:N	A:VAL:68:O
0	hbbb	A:GLU:177:O	A:LYS:180:N
0	hbbb	A:ARG:162:N	A:PHE:155:O
0	hbbb	A:LEU:164:O	A:PHE:184:N
0	hbbb	A:ASN:249:O	A:SER:251:N
0	hbbb	A:GLY:150:N	A:LEU:151:N
0	hbbb	A:LYS:38:N	A:VAL:37:O
0	hbbb	A:GLU:187:O	A:VAL:191:N
0	hbbb	A:ILE:100:N	A:PRO:98:O
0	hbbb	A:ARG:263:N	A:TRP:264:N
0	hbbb	A:ASN:135:N	A:LYS:132:O
0	hbbb	A:ALA:203:N	A:GLY:204:N
0	hbbb	A:ASP:262:N	A:LYS:261:N
0	hbbb	A:GLN:108:N	A:PRO:105:O
0	hbbb	A:LEU:179:N	A:LYS:180:N
0	hbsb	A:GLU:85:OE2	A:LYS:69:N
0	hbsb	A:ASP:139:OD2	A:GLU:140:N
0	hbbb	A:ARG:160:N	A:GLU:161:N
0	hbbb	A:LEU:136:O	A:LEU:137:N
0	hbbb	A:PRO:207:N	A:TRP:208:N
0	hbbb	A:ALA:240:N	A:SER:236:O
0	hbbb	A:ASP:209:N	A:TRP:208:O
0	hbbb	A:GLY:16:N	A:LEU:15:O
0	hbsb	A:LYS:180:NZ	A:PRO:211:O
0	hbbb	A:GLU:177:O	A:LEU:178:N
0	hbsb	A:ARG:156:NH1	A:HIS:122:O
0	hbbb	A:ARG:181:N	A:GLU:177:O
0	hbbb	A:GLU:17:N	A:GLY:16:O
0	hbbb	A:ARG:141:N	A:ASP:139:O
0	hbbb	A:CYS:215:O	A:GLU:217:N
0	hbbb	A:GLU:91:O	A:LEU:92:N
0	hbbb	A:GLY:123:N	A:HIS:122:O
0	hbbb	A:ARG:95:N	A:LEU:92:O
0	hbsb	A:LEU:246:O	A:TRP:221:NE1
0	hbbb	A:GLN:113:N	A:HIS:112:O
0	hbbb	A:LEU:114:O	A:MET:115:N
0	hbbb	A:GLY:125:N	A:ILE:124:O
0	hbbb	A:CYS:215:N	A:SER:214:N
0	hbbb	A:LYS:267:N	A:PRO:268:N
0	hbbb	A:LEU:84:N	A:PHE:83:O
0	hbbb	A:ALA:237:N	A:SER:236:N
0	hbbb	A:ASN:63:N	A:LEU:62:N
0	hbbb	A:ALA:36:N	A:LEU:84:O
0	hbbb	A:ALA:34:N	A:GLU:32:O
0	hbbb	A:ALA:107:N	A:GLU:104:O
0	hbbb	A:GLU:104:N	A:PRO:103:O
0	hbbb	A:TYR:120:N	A:VAL:119:O
0	hbbb	A:ARG:253:O	A:ILE:254:N
0	hbbb	A:ARG:109:N	A:GLN:108:O
0	hbbb	A:ASN:249:N	A:PRO:250:N
0	hbbb	A:ALA:107:N	A:ASP:106:N
0	hbbb	A:ILE:146:O	A:VAL:68:N
0	hbbb	A:ASN:66:N	A:GLU:65:O
0	hbbb	A:ARG:160:N	A:ASN:159:O
0	hbbb	A:GLY:195:N	A:TRP:192:O
0	hbbb	A:TRP:221:N	A:TYR:218:O
0	hbbb	A:ALA:200:N	A:VAL:197:O
0	hbbb	A:LEU:228:N	A:LYS:225:O
0	hbbb	A:ALA:237:O	A:ALA:240:N
0	hbbb	A:ILE:58:N	A:LYS:54:O
0	hbbb	A:GLN:113:N	A:LEU:114:N
0	hbbb	A:GLY:195:N	A:SER:193:O
0	hbbb	A:ALA:200:O	A:GLY:204:N
0	hbbb	A:MET:201:N	A:VAL:197:O
0	hbbb	A:ASN:63:O	A:HIS:64:N
0	hbbb	A:GLU:85:N	A:LYS:69:O
0	hbsb	A:ASP:262:OD1	A:TYR:265:N
0	hbbb	A:LEU:114:N	A:PHE:111:O
0	hbbb	A:GLU:134:N	A:PRO:133:O
0	hbbb	A:PRO:188:N	A:VAL:189:N
0	hbbb	A:ASN:229:N	A:LEU:228:O
0	hbss	A:ASP:190:OD1	A:THR:127:OG1
0	hbbb	A:ILE:256:N	A:PRO:257:N
0	hbbb	A:GLN:108:O	A:HIS:112:N
0	hbbb	A:ILE:245:O	A:VAL:247:N
0	hbbb	A:ARG:129:N	A:HIS:128:N
0	hbbb	A:GLY:195:O	A:ILE:196:N
0	hbbb	A:GLU:223:O	A:LYS:224:N
0	hbsb	A:ASP:235:OD1	A:SER:236:N
0	hbbb	A:LEU:137:N	A:LYS:145:O
0	hbbb	A:CYS:87:O	A:SER:88:N
0	hbss	A:ASP:220:OD2	A:LYS:225:NZ
0	hbbb	A:ASP:258:N	A:THR:255:O
0	hbbb	A:LEU:121:N	A:VAL:118:O
0	hbbb	A:ALA:252:N	A:ARG:253:N
0	hbbb	A:ALA:152:O	A:THR:153:N
0	hbss	A:ARG:95:NH2	A:ASP:142:OD1
0	hbbb	A:PRO:250:N	A:SER:251:N
0	hbbb	A:ARG:95:N	A:ILE:96:N
0	hbbb	A:LEU:144:O	A:LYS:145:N
0	hbbb	A:HIS:243:N	A:LEU:242:O
0	hbbb	A:GLU:97:N	A:GLY:101:O
0	hbbb	A:LYS:224:O	A:THR:226:N
0	hbsb	A:ARG:263:N	A:ASP:262:OD1
0	hbbb	A:ARG:141:N	A:GLU:140:O
0	hbbb	A:GLN:24:N	A:VAL:23:O
0	hbbb	A:THR:31:N	A:VAL:30:O
0	hbsb	A:ARG:95:NH1	A:GLY:89:O
0	hbbb	A:GLU:91:N	A:GLY:90:O
0	hbbb	A:CYS:194:N	A:VAL:191:O
0	hbbb	A:ASN:165:O	A:LYS:166:N
0	hbbb	A:ILE:256:O	A:ILE:259:N
0	hbbb	A:GLN:216:O	A:SER:219:N
0	hbbb	A:ALA:152:N	A:HIS:128:O
0	hbbb	A:MET:115:O	A:VAL:119:N
0	hbbb	A:ARG:95:O	A:ILE:96:N
0	hbbb	A:GLU:183:O	A:PHE:184:N
0	hbbb	A:HIS:243:N	A:LEU:242:N
0	hbbb	A:ARG:109:O	A:GLN:113:N
0	hbbb	A:LYS:225:O	A:TYR:227:N
0	hbbb	A:ASP:220:O	A:TRP:221:N
0	hbbb	A:ILE:39:N	A:LYS:38:N
0	hbsb	A:MET:61:O	A:TYR:120:OH
0	hbbb	A:THR:127:O	A:THR:153:N
0	hbbb	A:ASN:159:N	A:TYR:157:O
0	hbbb	A:ALA:203:N	A:LEU:202:N
0	hbbb	A:ARG:160:N	A:TYR:157:O
0	hbbb	A:ALA:116:N	A:HIS:112:O
0	hbbb	A:GLN:108:O	A:PHE:111:N
0	hbbb	A:LEU:241:O	A:LEU:242:N
0	hbbb	A:LEU:228:N	A:THR:226:O
0	hbsb	A:ASP:262:OD1	A:TRP:264:N
0	hblb	A:GLU:85:O	A:ZYQ:1270:NAH
0	hbbb	A:LEU:228:O	A:TRP:231:N
0	hbbb	A:THR:170:O	A:VAL:174:N
0	hbbb	A:MET:201:N	A:THR:199:O
0	hbsb	A:HIS:112:NE2	A:TYR:265:O
0	hbbb	A:ILE:256:N	A:THR:255:O
0	hbbb	A:PRO:188:O	A:TRP:192:N
0	hbbb	A:ARG:181:N	A:LYS:180:O
0	hbbb	A:ALA:200:N	A:ILE:196:O
0	hbbb	A:SER:212:O	A:SER:214:N
0	hbbb	A:ALA:203:O	A:GLU:205:N
0	hbbb	A:ASP:99:N	A:GLU:97:O
0	hbbb	A:ILE:245:N	A:LYS:244:O
0	hbbb	A:ASP:258:O	A:ASP:262:N
0	hbsb	A:ARG:109:NH1	A:ASP:142:O
0	hbbb	A:LEU:82:O	A:LYS:38:N
0	hbbb	A:ALA:175:O	A:LEU:178:N
0	hbbb	A:GLU:17:O	A:GLY:18:N
0	hbsb	A:ASP:99:O	A:LYS:233:NZ
0	hbbb	A:ILE:58:O	A:LYS:60:N
0	hbbb	A:GLU:22:O	A:ILE:39:N
0	hbbb	A:HIS:185:N	A:PHE:184:O
0	hbbb	A:ASP:94:N	A:LEU:92:O
0	hbbb	A:LYS:232:O	A:LYS:233:N
0	hbbb	A:GLU:97:O	A:ILE:100:N
0	hbbb	A:LEU:269:N	A:PRO:268:O
0	hbbb	A:CYS:57:N	A:LYS:54:O
0	hbbb	A:LEU:198:O	A:MET:201:N
0	hbss	A:ARG:29:NH2	A:ASP:8:OD2
0	hbbb	A:CYS:194:N	A:SER:193:N
0	hbbb	A:ASP:106:N	A:GLU:104:O
0	hbss	A:GLN:210:OE1	A:SER:212:OG
0	hbbb	A:ALA:200:N	A:MET:201:N
0	hbbb	A:PRO:211:N	A:SER:212:N
0	hbbb	A:CYS:57:N	A:ILE:56:O
0	hbbb	A:ASP:94:N	A:PHE:93:O
0	hbbb	A:ARG:141:O	A:ASN:143:N
0	hbbb	A:ALA:107:O	A:PHE:110:N
0	hbbb	A:GLU:187:O	A:VAL:189:N
0	hbbb	A:ILE:245:N	A:LEU:246:N
0	hbbb	A:ALA:237:N	A:PRO:238:N
0	hbbb	A:LEU:62:N	A:MET:61:O
0	hbsb	A:ASN:66:ND2	A:GLU:65:O
0	hbsb	A:CYS:215:O	A:SER:219:OG
0	hbss	A:ARG:182:NH1	A:GLU:183:OE1
0	hbbb	A:ARG:95:N	A:ASP:94:O
0	hbss	A:ASP:99:OD1	A:LYS:233:NZ
0	hbbb	A:CYS:194:N	A:GLY:195:N
0	hbbb	A:ASN:135:N	A:PRO:133:O
0	hbbb	A:ARG:109:N	A:ASP:106:O
0	hbbb	A:GLU:177:O	A:LEU:179:N
0	hbbb	A:ALA:19:N	A:GLY:18:O
0	hbbb	A:THR:226:O	A:TYR:227:N
0	hbbb	A:GLY:72:N	A:TYR:71:N
0	hbbb	A:ASN:51:O	A:ILE:52:N
0	hbsb	A:ARG:253:NE	A:VAL:247:O
0	hbbb	A:HIS:243:N	A:LEU:239:O
0	hbbb	A:ARG:263:N	A:ASP:262:O
0	hbsb	A:GLN:108:NE2	A:TRP:264:O
0	hbbb	A:ILE:52:O	A:ILE:56:N
0	hbbb	A:ARG:253:N	A:ASN:249:O
0	hbbb	A:ASP:99:N	A:GLY:204:O
0	hbbb	A:PHE:155:N	A:VAL:154:O
0	hbbb	A:LEU:242:O	A:LEU:246:N
0	hbbb	A:ASP:41:N	A:VAL:40:O
0	hbbb	A:LYS:53:N	A:LYS:54:N
0	hbbb	A:SER:219:O	A:TRP:221:N
0	hbbb	A:ILE:39:N	A:LYS:38:O
0	hbbb	A:GLU:217:O	A:TRP:221:N
0	hbbb	A:TRP:264:O	A:TYR:265:N
0	hbbb	A:ASP:94:N	A:GLU:91:O
0	hbbb	A:ALA:116:N	A:GLN:113:O
0	hbbb	A:GLU:85:N	A:LEU:84:O
0	hbbb	A:THR:31:N	A:VAL:30:N
0	hbss	A:ASP:148:OD2	A:LYS:38:NZ
0	hbbb	A:GLY:195:O	A:VAL:197:N
0	hbbb	A:ASP:139:O	A:ASP:142:N
0	hbbb	A:LEU:136:N	A:LEU:137:N
0	hbbb	A:ASN:66:O	A:ILE:146:N
0	hbbb	A:ILE:196:O	A:THR:199:N
0	hbss	A:GLU:55:OE1	A:LYS:38:NZ
0	hbbb	A:TYR:120:N	A:VAL:118:O
0	hbbb	A:ASN:165:N	A:LEU:164:O
0	hbbb	A:ARG:156:N	A:GLY:125:O
0	hbbb	A:GLN:113:N	A:PHE:111:O
0	hbbb	A:ALA:203:N	A:THR:199:O
0	hbbb	A:LEU:15:N	A:THR:14:O
0	hbbb	A:PRO:230:O	A:TRP:231:N
0	hbbb	A:ALA:116:O	A:GLY:117:N
0	hbbb	A:GLY:195:N	A:VAL:191:O
0	hbbb	A:GLY:117:O	A:LEU:121:N
0	hbbb	A:ASN:59:O	A:LEU:62:N
0	hbsb	A:ASN:266:ND2	A:ASP:262:O
0	hbsb	A:ASN:249:OD1	A:SER:251:N
0	hbbb	A:LEU:137:O	A:LEU:138:N
0	hbbb	A:ASP:213:O	A:CYS:215:N
0	hbbb	A:MET:115:O	A:VAL:118:N
0	hbbb	A:GLY:117:O	A:TYR:120:N
0	hbbb	A:ASN:143:O	A:ASP:139:N
0	hbbb	A:ALA:19:O	A:GLY:21:N
0	hbbb	A:ASP:190:N	A:VAL:189:O
0	hbbb	A:CYS:57:O	A:ILE:58:N
0	hbsb	A:GLY:195:O	A:THR:199:OG1
0	hbbb	A:ILE:245:N	A:LEU:242:O
0	hbbb	A:GLU:97:N	A:ILE:96:O
0	hbbb	A:ARG:29:O	A:VAL:30:N
0	hbbb	A:ALA:107:N	A:ASP:106:O
0	hbbb	A:ASP:10:N	A:TRP:9:O
0	hbbb	A:ALA:200:O	A:MET:201:N
0	hbbb	A:GLY:123:N	A:VAL:119:O
0	hbsb	A:GLN:113:OE1	A:LEU:144:N
0	hbbb	A:ASP:220:O	A:LYS:225:N
0	hbbb	A:ASN:249:N	A:GLU:248:O
0	hbbb	A:GLU:22:O	A:VAL:23:N
0	hbsb	A:ARG:129:NH2	A:LEU:151:O
0	hbbb	A:ASN:266:N	A:ASP:262:O
0	hbbb	A:GLY:90:O	A:LEU:138:N
0	hbbb	A:ARG:29:N	A:VAL:27:O
0	hbbb	A:CYS:194:N	A:TRP:192:O
0	hbss	A:ASP:190:OD2	A:THR:127:OG1
0	hbbb	A:GLN:13:N	A:VAL:12:O
0	hbsb	A:ASP:148:O	A:HIS:128:NE2
0	hbbb	A:ASP:213:N	A:SER:212:O
0	hbbb	A:LEU:179:O	A:LYS:180:N
0	wb	A:ASN:165:N	A:LYS:166:N	A:HOH:2040:O
0	wb	A:TRP:192:NE1	A:VAL:174:O	A:HOH:2041:O
0	wb	A:TRP:192:NE1	A:TRP:208:NE1	A:HOH:2041:O
0	wb	A:PRO:172:O	A:TRP:192:NE1	A:HOH:2041:O
0	wb	A:TRP:192:NE1	A:VAL:174:N	A:HOH:2041:O
0	wb	A:TRP:208:NE1	A:VAL:174:O	A:HOH:2041:O
0	wb	A:PRO:172:O	A:VAL:174:O	A:HOH:2041:O
0	wb	A:PRO:172:O	A:TRP:208:NE1	A:HOH:2041:O
0	wb	A:TRP:208:NE1	A:VAL:174:N	A:HOH:2041:O
0	wb	A:PRO:172:O	A:VAL:174:N	A:HOH:2041:O
0	wb	A:TYR:173:O	A:VAL:189:O	A:HOH:2042:O
0	wb	A:ALA:175:N	A:VAL:189:O	A:HOH:2042:O
0	wb	A:ALA:175:N	A:TYR:173:O	A:HOH:2042:O
0	wb	A:GLU:177:OE1	A:HIS:185:O	A:HOH:2043:O
0	wb	A:GLU:177:OE1	A:HIS:185:N	A:HOH:2043:O
0	wb	A:ASN:59:OD1	A:VAL:68:O	A:HOH:2002:O
0	wb	A:ARG:162:O	A:GLU:161:OE1	A:HOH:2045:O
0	wb	A:ALA:186:N	A:ARG:162:O	A:HOH:2045:O
0	wb	A:ALA:186:N	A:GLU:161:OE1	A:HOH:2045:O
0	wb	A:LEU:202:O	A:LYS:233:O	A:HOH:2046:O
0	wb	A:HIS:64:N	A:VAL:67:O	A:HOH:2005:O
0	wb	A:HIS:64:O	A:VAL:67:O	A:HOH:2005:O
0	wb	A:ASP:262:OD2	A:LYS:244:NZ	A:HOH:2049:O
0	wb	A:ARG:263:N	A:LYS:244:NZ	A:HOH:2049:O
0	wb	A:ARG:263:N	A:ASP:262:OD2	A:HOH:2049:O
0	wb2	A:ASN:66:OD1	A:GLN:113:NE2	A:HOH:2007:O	A:HOH:2018:O
0	wb2	A:ASN:143:OD1	A:ASN:66:OD1	A:HOH:2007:O	A:HOH:2018:O
0	wb	A:GLU:177:N	A:GLU:248:O	A:HOH:2050:O
0	wb	A:GLU:140:OE1	A:SER:88:N	A:HOH:2008:O
0	wb	A:SER:88:N	A:TYR:86:O	A:HOH:2008:O
0	wb	A:GLU:140:OE1	A:TYR:86:O	A:HOH:2008:O
0	wb	A:GLU:91:O	A:GLY:89:O	A:HOH:2009:O
0	wb	A:ARG:95:NE	A:GLU:91:O	A:HOH:2009:O
0	wb	A:ARG:95:NE	A:GLY:89:O	A:HOH:2009:O
0	wb	A:ARG:253:O	A:PRO:250:O	A:HOH:2052:O
0	wb2	A:GLU:104:OE2	A:LEU:202:O	A:HOH:2014:O	A:HOH:2046:O
0	wb2	A:GLU:104:OE2	A:LYS:233:O	A:HOH:2014:O	A:HOH:2046:O
0	wb2	A:ASP:235:N	A:LEU:202:O	A:HOH:2014:O	A:HOH:2046:O
0	wb2	A:ASP:235:N	A:LYS:233:O	A:HOH:2014:O	A:HOH:2046:O
0	wb	A:ASP:235:N	A:GLU:104:OE2	A:HOH:2014:O
0	wb	A:GLU:104:OE1	A:LYS:267:NZ	A:HOH:2015:O
0	wb	A:ASP:235:OD1	A:LYS:267:NZ	A:HOH:2015:O
0	wb	A:ASP:235:OD1	A:GLU:104:OE1	A:HOH:2015:O
0	wb	A:ARG:109:NH1	A:ASP:106:O	A:HOH:2016:O
0	wb	A:HIS:112:O	A:TYR:265:OH	A:HOH:2017:O
0	wb	A:LYS:260:NZ	A:TYR:265:OH	A:HOH:2017:O
0	wb	A:HIS:112:O	A:LYS:260:NZ	A:HOH:2017:O
0	wb	A:ASN:143:OD1	A:GLN:113:NE2	A:HOH:2018:O
0	wb2	A:GLY:123:N	A:VAL:119:O	A:HOH:2019:O	A:HOH:2020:O
0	wb2	A:TYR:120:O	A:VAL:119:O	A:HOH:2019:O	A:HOH:2021:O
0	wb2	A:ILE:124:N	A:VAL:119:O	A:HOH:2019:O	A:HOH:2021:O
0	wb2	A:ARG:156:NH2	A:GLY:123:N	A:HOH:2020:O	A:HOH:2037:O
0	wb2	A:GLU:187:OE1	A:GLY:123:N	A:HOH:2020:O	A:HOH:2037:O
0	wb2	A:ARG:156:NH2	A:VAL:119:O	A:HOH:2020:O	A:HOH:2037:O
0	wb2	A:GLU:187:OE1	A:VAL:119:O	A:HOH:2020:O	A:HOH:2037:O
0	wb	A:GLY:123:N	A:VAL:119:O	A:HOH:2020:O
0	wb	A:ILE:124:N	A:TYR:120:O	A:HOH:2021:O
0	wb2	A:HIS:122:ND1	A:ILE:256:N	A:HOH:2022:O	A:HOH:2053:O
0	wb2	A:GLU:187:OE1	A:ILE:256:N	A:HOH:2022:O	A:HOH:2053:O
0	wb	A:GLU:187:OE1	A:HIS:122:ND1	A:HOH:2022:O
0	wb2	A:ARG:156:NH1	A:GLY:123:O	A:HOH:2023:O	A:HOH:2036:O
0	wb2	A:ASN:159:N	A:GLY:123:O	A:HOH:2023:O	A:HOH:2039:O
0	wb2	A:ASN:158:N	A:GLY:123:O	A:HOH:2023:O	A:HOH:2039:O
0	wb	A:ALA:186:O	A:THR:127:OG1	A:HOH:2024:O
0	wb2	A:ARG:129:O	A:ASP:190:OD1	A:HOH:2025:O	A:HOH:2028:O
0	wb2	A:ARG:129:O	A:ASP:130:N	A:HOH:2025:O	A:HOH:2028:O
0	wb2	A:ARG:129:O	A:SER:193:OG	A:HOH:2025:O	A:HOH:2028:O
0	wb2	A:ARG:129:O	A:ILE:131:N	A:HOH:2025:O	A:HOH:2028:O
0	wb2	A:ARG:129:O	A:VAL:189:O	A:HOH:2025:O	A:HOH:2042:O
0	wb2	A:ARG:129:O	A:TYR:173:O	A:HOH:2025:O	A:HOH:2042:O
0	wb2	A:ALA:175:N	A:ARG:129:O	A:HOH:2025:O	A:HOH:2042:O
0	wb	A:ARG:129:NE	A:LYS:166:O	A:HOH:2026:O
0	wb	A:ARG:129:NH1	A:LYS:166:O	A:HOH:2026:O
0	wb	A:ASP:130:N	A:ASP:190:OD1	A:HOH:2028:O
0	wb	A:ASP:190:OD1	A:SER:193:OG	A:HOH:2028:O
0	wb	A:ASP:190:OD1	A:ILE:131:N	A:HOH:2028:O
0	wb	A:ASP:130:N	A:SER:193:OG	A:HOH:2028:O
0	wb	A:ASP:130:N	A:ILE:131:N	A:HOH:2028:O
0	wb	A:ILE:131:N	A:SER:193:OG	A:HOH:2028:O
0	wb	A:ASN:135:OD1	A:SER:147:OG	A:HOH:2029:O
0	wb	A:LYS:145:NZ	A:VAL:67:O	A:HOH:2030:O
0	wb	A:GLU:85:OE2	A:VAL:67:O	A:HOH:2030:O
0	wb	A:HIS:64:O	A:VAL:67:O	A:HOH:2030:O
0	wb	A:GLU:85:OE2	A:LYS:145:NZ	A:HOH:2030:O
0	wb	A:HIS:64:O	A:LYS:145:NZ	A:HOH:2030:O
0	wb	A:GLU:85:OE2	A:HIS:64:O	A:HOH:2030:O
0	wb	A:ALA:152:N	A:HIS:128:O	A:HOH:2032:O
0	wb	A:ASP:148:O	A:HIS:128:O	A:HOH:2032:O
0	wb	A:HIS:128:O	A:LEU:151:N	A:HOH:2032:O
0	wb	A:ALA:152:N	A:HIS:128:ND1	A:HOH:2032:O
0	wb	A:ASP:148:O	A:HIS:128:ND1	A:HOH:2032:O
0	wb	A:HIS:128:ND1	A:LEU:151:N	A:HOH:2032:O
0	wb	A:ALA:152:N	A:HIS:128:NE2	A:HOH:2032:O
0	wb	A:ASP:148:O	A:HIS:128:NE2	A:HOH:2032:O
0	wb	A:HIS:128:NE2	A:LEU:151:N	A:HOH:2032:O
0	wb	A:ALA:152:N	A:ASP:148:O	A:HOH:2032:O
0	wb	A:ALA:152:N	A:LEU:151:N	A:HOH:2032:O
0	wb	A:ASP:148:O	A:LEU:151:N	A:HOH:2032:O
0	wb	A:ALA:152:O	A:LEU:151:O	A:HOH:2034:O
0	wb	A:ALA:152:O	A:LYS:54:NZ	A:HOH:2034:O
0	wb	A:ALA:152:O	A:ARG:129:NH2	A:HOH:2034:O
0	wb	A:LEU:151:O	A:LYS:54:NZ	A:HOH:2034:O
0	wb	A:ARG:129:NH2	A:LEU:151:O	A:HOH:2034:O
0	wb	A:ARG:129:NH2	A:LYS:54:NZ	A:HOH:2034:O
0	wb	A:ARG:156:NH2	A:GLU:187:OE2	A:HOH:2035:O
0	wb	A:ARG:156:NE	A:GLU:187:OE2	A:HOH:2035:O
0	wb2	A:ARG:156:NH1	A:ASN:159:N	A:HOH:2036:O	A:HOH:2039:O
0	wb2	A:ARG:156:NH1	A:ASN:158:N	A:HOH:2036:O	A:HOH:2039:O
0	wb	A:ARG:156:NH2	A:GLU:187:OE1	A:HOH:2037:O
0	wb	A:ASN:158:N	A:ASN:159:N	A:HOH:2039:O
0	hp	A:ALA:186:CB	A:PHE:155:CG
0	hp	A:ILE:124:CD1	A:LEU:62:CD2
0	hp	A:ALA:186:CB	A:PHE:155:CB
0	hp	A:ILE:126:CD1	A:ILE:58:CG2
0	hp	A:ILE:126:CD1	A:LEU:62:CD2
0	hp	A:ILE:256:CG2	A:VAL:119:CG2
0	hp	A:ALA:186:CB	A:LEU:164:CD1
0	hp	A:LEU:121:CD2	A:LEU:62:CD2
0	hp	A:LEU:121:CD2	A:PHE:149:CE2
0	hp	A:LEU:164:CB	A:PHE:184:CE1
0	hp	A:LEU:62:CD1	A:PHE:149:CD1
0	hp	A:LEU:62:CD1	A:PHE:149:CE1
0	hp	A:LEU:62:CD1	A:PHE:149:CE2
0	hp	A:LEU:62:CD1	A:PHE:149:CZ
0	hp	A:ILE:56:CG1	A:LEU:82:CG
0	hp	A:ILE:56:CG1	A:LEU:82:CD2
0	hp	A:ILE:254:CD1	A:ILE:259:CG1
0	hp	A:ALA:252:CB	A:VAL:247:CG1
0	hp	A:ILE:256:CG1	A:VAL:191:CG2
0	hp	A:ILE:256:CD1	A:VAL:118:CG1
0	hp	A:ILE:131:CD1	A:VAL:118:CG2
0	hp	A:PHE:184:CD1	A:VAL:189:CG2
0	hp	A:PHE:149:CE1	A:VAL:67:CG1
0	hp	A:PHE:149:CZ	A:VAL:67:CG1
0	hp	A:LEU:121:CD1	A:PHE:149:CE2
0	hp	A:LEU:178:CG	A:PHE:184:CZ
0	hp	A:LEU:84:CD2	A:PHE:70:CD1
0	hp	A:ILE:52:CD1	A:LEU:82:CD1
0	hp	A:ILE:254:CG2	A:ILE:259:CG1
0	hp	A:ILE:245:CG1	A:ILE:254:CG2
0	hp	A:ILE:245:CG2	A:VAL:191:CG1
0	hp	A:ALA:175:CB	A:TRP:192:CB
0	hp	A:ALA:175:CB	A:TRP:192:CG
0	hp	A:TRP:9:CZ3	A:VAL:35:CG1
0	hp	A:TRP:9:CH2	A:VAL:35:CG1
0	hp	A:ALA:26:CB	A:VAL:35:CG2
0	hp	A:TRP:9:CE3	A:VAL:35:CG2
0	hp	A:TRP:9:CZ3	A:VAL:35:CG2
0	hp	A:ALA:237:CB	A:TRP:264:CB
0	hp	A:LEU:241:CD2	A:TRP:264:CE3
0	hp	A:LEU:198:CD2	A:TRP:264:CZ3
0	hp	A:PRO:176:CG	A:TRP:192:CZ3
0	hp	A:PRO:176:CG	A:TRP:192:CH2
0	hplp	A:LEU:137:CD1	A:ZYQ:1270:CAD
0	hplp	A:VAL:23:CG1	A:ZYQ:1270:CAF
0	hp	A:ALA:36:CB	A:LEU:15:CD1
0	hp	A:ALA:26:CB	A:VAL:37:CG2
0	hp	A:PRO:238:CG	A:TRP:264:CG
0	hp	A:LEU:202:CD1	A:PRO:238:CB
0	hp	A:LEU:198:CD1	A:TRP:264:CH2
0	hp	A:LEU:198:CD2	A:LEU:242:CD2
0	hp	A:ILE:234:CD1	A:LEU:242:CD1
0	hp	A:LEU:246:CB	A:TRP:221:CZ2
0	hp	A:LEU:246:CD1	A:TRP:231:CH2
0	hp	A:TRP:192:CZ2	A:TRP:208:CZ2
0	hp	A:LEU:92:CD1	A:PHE:110:CG
0	hp	A:LEU:92:CD1	A:PHE:110:CD2
0	hp	A:LEU:92:CD1	A:PHE:110:CE2
0	hp	A:LEU:138:CD2	A:PHE:110:CE1
0	hp	A:ILE:196:CG2	A:LEU:206:CD2
0	hp	A:ILE:196:CD1	A:TRP:208:CZ2
0	hp	A:LEU:15:CG	A:LEU:25:CB
0	hp	A:LEU:15:CD1	A:LEU:25:CB
0	hp	A:VAL:12:CG2	A:VAL:27:CG2
0	hp	A:ILE:234:CG2	A:LEU:239:CB
0	hp	A:LEU:239:CD1	A:TRP:231:CE3
0	hp	A:TRP:221:CZ3	A:TRP:231:CD2
0	hp	A:ALA:107:CB	A:LEU:202:CD2
0	hp	A:TRP:221:CZ3	A:TRP:231:CE3
0	hp	A:TRP:221:CE3	A:TRP:231:CD2
0	hp	A:TRP:221:CE3	A:TRP:231:CZ2
0	hp	A:TRP:221:CD2	A:TRP:231:CZ2
0	hp	A:PRO:207:CB	A:TRP:231:CZ2
0	hp	A:PRO:207:CB	A:TRP:231:CH2
0	hp	A:TRP:208:CZ3	A:TRP:231:CZ2
0	hp	A:TRP:208:CZ3	A:TRP:221:CB
0	hp	A:TRP:208:CZ3	A:TRP:221:CG
0	hp	A:TRP:208:CH2	A:TRP:221:CG
0	hp	A:PHE:93:CB	A:PRO:133:CB
0	hp	A:LEU:206:CD1	A:PRO:172:CB
0	hp	A:ALA:203:CB	A:PRO:230:CB
