# total_frames:1 beg:0 end:0 stride:1 interaction_types:sb,pc,ps,ts,vdw,hb,lhb
# Columns: frame, interaction_type, atom_1, atom_2[, atom_3[, atom_4]]
0	sb	C:ASP:92:OD1	C:LYS:88:NZ
0	sb	C:ASP:92:OD2	C:LYS:88:NZ
0	sb	C:ASP:145:OD1	C:LYS:33:NZ
0	sb	C:ASP:185:OD2	C:HIS:119:NE2
0	sb	C:ARG:217:NH2	C:ASP:210:OD1
0	sb	C:ARG:214:NH2	C:ASP:210:OD2
0	sb	C:ASP:288:OD1	C:LYS:105:NZ
0	sb	C:ASP:288:OD2	C:LYS:105:NZ
0	sb	C:GLU:51:OE1	C:LYS:33:NZ
0	sb	C:GLU:51:OE2	C:LYS:33:NZ
0	sb	C:ARG:122:NH1	C:GLU:57:OE1
0	sb	C:ARG:122:NH2	C:GLU:57:OE1
0	sb	C:ARG:122:NH2	C:GLU:57:OE2
0	sb	C:GLU:81:OE1	C:LYS:142:NZ
0	sb	C:GLU:81:OE2	C:LYS:142:NZ
0	sb	C:ARG:274:NH1	C:GLU:172:OE1
0	sb	C:ARG:274:NH1	C:GLU:172:OE2
0	sb	C:ARG:274:NH2	C:GLU:172:OE2
0	sb	C:ARG:169:NH1	C:GLU:208:OE2
0	pc	C:HIS:60:NE2	C:PHE:117:CG
0	pc	C:HIS:121:ND1	C:PHE:117:CG
0	pc	C:HIS:121:NE2	C:PHE:117:CG
0	pc	C:LYS:178:NZ	C:TYR:179:CG
0	pc	C:ARG:274:NH2	C:TRP:187:CG
0	pc	C:HIS:60:ND1	C:PHE:117:CG
0	pc	C:HIS:125:ND1	C:PHE:146:CG
0	pc	C:HIS:125:NE2	C:PHE:146:CG
0	pc	C:LYS:33:NZ	C:PHE:80:CG
0	pc	C:ARG:126:NH1	C:TYR:180:CG
0	pc	C:ARG:126:NH2	C:TYR:180:CG
0	pc	C:LYS:105:NZ	C:PHE:285:CG
0	pc	C:ARG:245:NH1	C:PHE:248:CG
0	pc	C:ARG:245:NH2	C:PHE:248:CG
0	pc	C:LYS:20:NZ	C:PHE:82:CG
0	pc	C:LYS:6:NZ	C:TYR:19:CG
0	pc	C:ARG:217:NH1	C:TRP:243:CG
0	vdw	C:HIS:121:CB	C:LEU:58:CD2
0	vdw	C:ARG:122:CA	C:PHE:152:CE1
0	vdw	C:ARG:122:CA	C:PHE:152:CZ
0	vdw	C:ARG:122:CZ	C:GLU:57:OE1
0	vdw	C:ARG:122:NH1	C:GLU:57:OE1
0	vdw	C:ARG:122:NH2	C:GLU:57:OE1
0	vdw	C:ARG:122:NH2	C:GLU:57:OE2
0	vdw	C:ARG:122:NH2	C:GLU:57:CD
0	vdw	C:PHE:152:CZ	C:THR:182:CG2
0	vdw	C:ASN:59:O	C:PHE:117:CZ
0	vdw	C:ASN:59:O	C:PHE:117:CE2
0	vdw	C:HIS:60:CD2	C:PHE:117:CB
0	vdw	C:HIS:60:CD2	C:PHE:117:CG
0	vdw	C:HIS:60:CD2	C:PHE:117:CD1
0	vdw	C:CYS:118:C	C:VAL:123:O
0	vdw	C:CYS:118:O	C:VAL:123:N
0	vdw	C:CYS:118:O	C:VAL:123:O
0	vdw	C:HIS:119:O	C:PHE:152:CZ
0	vdw	C:PHE:152:CE1	C:VAL:123:N
0	vdw	C:PHE:152:CE1	C:VAL:123:O
0	vdw	C:CYS:118:O	C:VAL:123:CA
0	vdw	C:CYS:118:O	C:VAL:123:CB
0	vdw	C:CYS:118:CB	C:VAL:123:O
0	vdw	C:ARG:122:C	C:PHE:152:CD1
0	vdw	C:ARG:122:C	C:PHE:152:CE1
0	vdw	C:PHE:152:CD1	C:VAL:123:C
0	vdw	C:PHE:152:CE1	C:VAL:123:C
0	vdw	C:ARG:150:O	C:VAL:123:C
0	vdw	C:ARG:122:O	C:PHE:152:CD1
0	vdw	C:LEU:124:CG	C:PHE:152:CD1
0	vdw	C:LEU:124:N	C:PHE:152:CD1
0	vdw	C:TYR:179:CB	C:VAL:156:O
0	vdw	C:TYR:179:CD1	C:VAL:156:C
0	vdw	C:TYR:179:CD1	C:VAL:156:O
0	vdw	C:ASN:59:OD1	C:LYS:65:CG
0	vdw	C:ASN:59:OD1	C:LYS:65:CD
0	vdw	C:ASN:59:OD1	C:LYS:65:CE
0	vdw	C:LEU:58:CD1	C:PHE:146:CE2
0	vdw	C:CYS:118:SG	C:LEU:58:CD1
0	vdw	C:ARG:150:O	C:VAL:123:CA
0	vdw	C:LEU:54:CD2	C:VAL:123:CG2
0	vdw	C:PHE:152:CE1	C:VAL:123:CA
0	vdw	C:ALA:151:CA	C:ARG:122:O
0	vdw	C:ALA:151:C	C:ARG:122:O
0	vdw	C:ARG:122:O	C:PHE:152:N
0	vdw	C:ARG:150:O	C:LEU:124:N
0	vdw	C:ARG:150:O	C:LEU:124:CA
0	vdw	C:ARG:157:CA	C:LYS:178:O
0	vdw	C:TYR:179:CA	C:VAL:156:O
0	vdw	C:TYR:179:C	C:VAL:156:O
0	vdw	C:TYR:180:N	C:VAL:156:O
0	vdw	C:ARG:157:NH2	C:LYS:178:CE
0	vdw	C:ALA:149:C	C:LEU:54:CD1
0	vdw	C:ALA:149:CB	C:LEU:54:CD1
0	vdw	C:ARG:150:NH1	C:ARG:50:NE
0	vdw	C:ILE:52:CG2	C:VAL:69:CG2
0	vdw	C:ILE:49:CG1	C:VAL:44:CG1
0	vdw	C:ILE:49:CD1	C:VAL:44:O
0	vdw	C:HIS:71:CB	C:LEU:76:CD1
0	vdw	C:ALA:280:CA	C:ILE:275:CD1
0	vdw	C:GLN:265:OE1	C:ILE:275:CD1
0	vdw	C:GLN:265:O	C:ILE:275:N
0	vdw	C:HIS:268:CD2	C:LYS:273:C
0	vdw	C:HIS:268:CD2	C:LYS:273:O
0	vdw	C:HIS:268:CD2	C:LYS:273:CB
0	vdw	C:HIS:268:NE2	C:LYS:273:CB
0	vdw	C:ASP:270:OD2	C:PRO:228:CD
0	vdw	C:ASP:270:CB	C:TRP:227:CD1
0	vdw	C:ASP:270:CG	C:TRP:227:CD1
0	vdw	C:GLU:224:CD	C:GLY:229:N
0	vdw	C:GLU:224:OE1	C:GLY:229:N
0	vdw	C:GLU:224:OE2	C:GLY:229:N
0	vdw	C:GLU:224:CD	C:GLY:229:CA
0	vdw	C:GLU:224:OE1	C:GLY:229:CA
0	vdw	C:GLU:224:OE2	C:GLY:229:CA
0	vdw	C:GLU:224:OE2	C:GLY:229:C
0	vdw	C:GLU:224:OE2	C:VAL:230:N
0	vdw	C:GLU:224:OE2	C:THR:231:CG2
0	vdw	C:GLU:224:OE2	C:THR:231:N
0	vdw	C:GLU:224:CD	C:THR:231:OG1
0	vdw	C:GLU:224:OE2	C:THR:231:CB
0	vdw	C:GLU:224:OE2	C:THR:231:OG1
0	vdw	C:GLN:113:CG	C:LEU:281:CD2
0	vdw	C:LEU:281:CD2	C:PHE:109:O
0	vdw	C:LEU:112:CB	C:LEU:281:CD2
0	vdw	C:LEU:281:CD2	C:PHE:109:CD1
0	vdw	C:LEU:281:CD2	C:PHE:109:CE1
0	vdw	C:ALA:277:N	C:ILE:186:CD1
0	vdw	C:ALA:277:CA	C:ILE:186:CD1
0	vdw	C:ALA:280:CB	C:LEU:112:CD2
0	vdw	C:ILE:186:CG1	C:ILE:275:O
0	vdw	C:ILE:186:CG2	C:ILE:275:O
0	vdw	C:ARG:274:CA	C:HIS:268:CB
0	vdw	C:ASP:270:CA	C:TRP:227:CD1
0	vdw	C:ASP:270:OD1	C:TRP:227:CD1
0	vdw	C:PRO:271:CD	C:TRP:227:NE1
0	vdw	C:ASP:270:CA	C:TRP:227:CG
0	vdw	C:PRO:271:CD	C:TRP:227:CE2
0	vdw	C:PRO:271:CD	C:TRP:227:CZ2
0	vdw	C:GLU:172:CD	C:PRO:271:CB
0	vdw	C:GLU:172:OE1	C:PRO:271:CB
0	vdw	C:GLU:172:CG	C:PRO:271:CG
0	vdw	C:GLU:172:CG	C:PRO:271:CD
0	vdw	C:ALA:116:N	C:ALA:277:CB
0	vdw	C:ALA:116:CA	C:ALA:277:CB
0	vdw	C:ALA:116:CB	C:ALA:277:CB
0	vdw	C:LEU:115:N	C:LEU:143:CD1
0	vdw	C:ALA:277:CB	C:ILE:186:CD1
0	vdw	C:LEU:115:CA	C:LEU:143:CD1
0	vdw	C:HIS:119:CE1	C:THR:182:CA
0	vdw	C:HIS:119:CE1	C:THR:182:O
0	vdw	C:HIS:119:CE1	C:THR:182:CB
0	vdw	C:ASP:185:OD2	C:HIS:119:CE1
0	vdw	C:LEU:124:CD2	C:THR:182:CA
0	vdw	C:HIS:119:ND1	C:THR:182:CB
0	vdw	C:ASP:185:CB	C:HIS:119:CE1
0	vdw	C:ASP:185:CB	C:HIS:119:NE2
0	vdw	C:ALA:183:C	C:ARG:274:NH1
0	vdw	C:ALA:183:CB	C:ARG:274:NH1
0	vdw	C:ALA:183:CB	C:PRO:271:CB
0	vdw	C:CYS:177:CB	C:MET:233:CE
0	vdw	C:GLY:114:O	C:ILE:63:CD1
0	vdw	C:CYS:118:SG	C:ILE:63:CD1
0	vdw	C:GLY:114:C	C:LEU:143:CD1
0	vdw	C:ASN:62:CB	C:GLY:114:CA
0	vdw	C:ASP:185:OD2	C:LEU:115:CD1
0	vdw	C:CYS:118:SG	C:PHE:146:CE2
0	vdw	C:LEU:115:CD1	C:LEU:128:CD1
0	vdw	C:ASP:185:CB	C:LEU:115:CD1
0	vdw	C:ASP:185:CG	C:LEU:115:CD1
0	vdw	C:LEU:124:CD2	C:SER:181:O
0	vdw	C:ASP:185:OD2	C:HIS:125:N
0	vdw	C:LEU:124:CD2	C:SER:181:C
0	vdw	C:ASP:185:OD2	C:HIS:125:CB
0	vdw	C:THR:158:CG2	C:TYR:179:C
0	vdw	C:THR:158:CG2	C:TYR:180:N
0	vdw	C:CYS:177:O	C:THR:158:CG2
0	vdw	C:THR:158:CG2	C:TYR:180:CE2
0	vdw	C:CYS:177:SG	C:GLU:172:C
0	vdw	C:CYS:177:SG	C:GLU:172:CB
0	vdw	C:CYS:177:SG	C:GLU:172:O
0	vdw	C:CYS:177:O	C:THR:158:OG1
0	vdw	C:LYS:178:C	C:THR:158:OG1
0	vdw	C:GLY:176:O	C:PRO:234:CG
0	vdw	C:GLY:176:O	C:PRO:234:CD
0	vdw	C:GLU:81:OE2	C:LYS:65:CG
0	vdw	C:GLU:81:CD	C:LYS:65:N
0	vdw	C:GLU:81:OE2	C:LYS:65:N
0	vdw	C:GLU:81:CG	C:LYS:65:N
0	vdw	C:ILE:63:CG2	C:PHE:146:CE1
0	vdw	C:ILE:63:CG2	C:PHE:146:CZ
0	vdw	C:ILE:63:CG2	C:LEU:55:CD1
0	vdw	C:LEU:55:CD1	C:PHE:146:CE1
0	vdw	C:HIS:125:CD2	C:PHE:146:CZ
0	vdw	C:CYS:118:SG	C:PHE:146:CZ
0	vdw	C:ALA:149:CB	C:LEU:124:O
0	vdw	C:HIS:125:CD2	C:PHE:146:CE2
0	vdw	C:ALA:149:CA	C:LEU:124:O
0	vdw	C:ARG:150:N	C:LEU:124:O
0	vdw	C:ALA:149:C	C:LEU:124:O
0	vdw	C:ALA:149:CA	C:HIS:125:O
0	vdw	C:ASP:185:CG	C:HIS:125:N
0	vdw	C:ARG:157:O	C:TYR:180:CD2
0	vdw	C:THR:158:CA	C:TYR:180:CD2
0	vdw	C:ARG:126:NE	C:ARG:150:CG
0	vdw	C:ARG:126:CZ	C:ARG:150:CG
0	vdw	C:THR:158:CG2	C:TYR:180:CD2
0	vdw	C:ARG:157:O	C:TYR:180:CE2
0	vdw	C:THR:158:CA	C:TYR:180:CE2
0	vdw	C:LYS:178:O	C:THR:158:N
0	vdw	C:CYS:177:O	C:THR:158:CB
0	vdw	C:ARG:126:NH1	C:TYR:180:CE2
0	vdw	C:LYS:178:O	C:THR:158:OG1
0	vdw	C:LEU:67:CG	C:PHE:80:C
0	vdw	C:GLU:81:N	C:LEU:67:CG
0	vdw	C:GLU:81:OE2	C:LYS:65:CB
0	vdw	C:LEU:66:C	C:VAL:79:O
0	vdw	C:LYS:65:O	C:PHE:80:CD1
0	vdw	C:LEU:66:CA	C:PHE:80:CD1
0	vdw	C:LYS:65:O	C:PHE:80:CA
0	vdw	C:GLU:81:N	C:LYS:65:O
0	vdw	C:LEU:55:CD2	C:PHE:80:CE1
0	vdw	C:LEU:55:CD1	C:PHE:146:CG
0	vdw	C:LEU:55:CD1	C:PHE:146:CD1
0	vdw	C:GLU:51:CA	C:PHE:146:O
0	vdw	C:ALA:149:O	C:ARG:50:CD
0	vdw	C:ARG:126:NH2	C:LEU:148:O
0	vdw	C:ARG:50:NH1	C:GLY:147:O
0	vdw	C:ARG:126:NE	C:LEU:148:O
0	vdw	C:ARG:126:CZ	C:LEU:148:O
0	vdw	C:HIS:125:O	C:LEU:148:C
0	vdw	C:HIS:125:O	C:LEU:148:O
0	vdw	C:ARG:126:NH2	C:ARG:150:CG
0	vdw	C:ARG:150:CZ	C:ARG:50:NH2
0	vdw	C:ARG:150:NH2	C:ARG:50:NH2
0	vdw	C:LEU:67:CA	C:VAL:79:O
0	vdw	C:LEU:67:CB	C:VAL:79:O
0	vdw	C:ASP:68:N	C:VAL:79:O
0	vdw	C:LEU:67:CB	C:VAL:79:CG1
0	vdw	C:LEU:67:CD1	C:VAL:30:CG1
0	vdw	C:ASP:68:N	C:VAL:79:CB
0	vdw	C:LEU:67:CD1	C:PHE:80:C
0	vdw	C:GLU:28:OE2	C:LEU:67:CD1
0	vdw	C:LEU:66:CD1	C:VAL:79:O
0	vdw	C:LEU:67:N	C:VAL:79:O
0	vdw	C:LEU:66:CD1	C:PHE:80:CZ
0	vdw	C:LEU:66:CD1	C:PHE:80:CE1
0	vdw	C:ILE:52:CG1	C:LEU:78:CD2
0	vdw	C:ARG:150:CZ	C:ARG:50:NE
0	vdw	C:ARG:150:CZ	C:ARG:50:CZ
0	vdw	C:ARG:150:NH2	C:ARG:50:CZ
0	vdw	C:GLY:147:O	C:THR:47:CA
0	vdw	C:ILE:70:CD1	C:PHE:4:CE2
0	vdw	C:ILE:70:CD1	C:MET:1:CE
0	vdw	C:TYR:77:O	C:VAL:69:CA
0	vdw	C:ILE:70:N	C:TYR:77:O
0	vdw	C:ASP:68:O	C:VAL:79:CG2
0	vdw	C:ASP:68:O	C:LEU:78:C
0	vdw	C:ASP:68:O	C:VAL:79:N
0	vdw	C:ASP:68:O	C:VAL:79:CA
0	vdw	C:ASP:68:O	C:VAL:79:CB
0	vdw	C:ILE:52:CD1	C:LEU:78:CD2
0	vdw	C:ALA:48:CB	C:ILE:35:CD1
0	vdw	C:ASN:3:CG	C:LEU:25:CD1
0	vdw	C:ASN:3:OD1	C:LEU:25:CD1
0	vdw	C:ILE:70:O	C:TYR:77:N
0	vdw	C:ILE:70:CB	C:MET:1:CE
0	vdw	C:ASN:74:O	C:LEU:37:CG
0	vdw	C:ASP:258:OD1	C:PRO:284:CB
0	vdw	C:HIS:283:NE2	C:SER:261:OG
0	vdw	C:GLN:265:NE2	C:HIS:283:CD2
0	vdw	C:GLN:265:NE2	C:HIS:283:NE2
0	vdw	C:HIS:283:CG	C:LEU:262:CD1
0	vdw	C:ASP:258:O	C:HIS:283:CE1
0	vdw	C:HIS:283:NE2	C:SER:261:CB
0	vdw	C:PHE:109:CB	C:PHE:286:CD1
0	vdw	C:PHE:109:CD1	C:PHE:286:CD1
0	vdw	C:PHE:109:CB	C:VAL:289:CG2
0	vdw	C:PHE:109:CG	C:VAL:289:CG2
0	vdw	C:ALA:280:O	C:PHE:286:CD2
0	vdw	C:ALA:280:O	C:PHE:286:CE2
0	vdw	C:LEU:112:CD1	C:PHE:286:CE2
0	vdw	C:LEU:112:CD1	C:PHE:286:CZ
0	vdw	C:LYS:105:O	C:PHE:286:CE1
0	vdw	C:HIS:283:CB	C:LEU:262:CD1
0	vdw	C:LEU:262:CD2	C:PHE:285:CD2
0	vdw	C:LEU:108:CD2	C:LEU:262:CD2
0	vdw	C:GLN:265:C	C:ILE:275:CG2
0	vdw	C:GLN:265:O	C:ILE:275:CG2
0	vdw	C:ILE:275:CG2	C:MET:266:N
0	vdw	C:ILE:275:CG2	C:MET:266:CA
0	vdw	C:ILE:275:CG2	C:MET:266:CG
0	vdw	C:ARG:274:CG	C:GLN:265:O
0	vdw	C:ASP:223:O	C:VAL:230:CG1
0	vdw	C:ASP:223:C	C:VAL:230:CG1
0	vdw	C:THR:231:CG2	C:TYR:236:CE1
0	vdw	C:THR:231:CG2	C:TYR:236:CZ
0	vdw	C:THR:231:CG2	C:TYR:236:OH
0	vdw	C:PHE:109:CA	C:PHE:286:CE1
0	vdw	C:PHE:109:CB	C:PHE:286:CE1
0	vdw	C:PHE:109:CD1	C:PHE:286:CG
0	vdw	C:PHE:109:CD1	C:PHE:286:CD2
0	vdw	C:ILE:186:CD1	C:LEU:112:CD2
0	vdw	C:ILE:186:CD1	C:LEU:115:CD2
0	vdw	C:ILE:186:O	C:MET:266:CE
0	vdw	C:GLY:190:N	C:MET:266:CE
0	vdw	C:GLY:190:CA	C:MET:266:CE
0	vdw	C:LEU:189:CB	C:MET:266:CE
0	vdw	C:ARG:274:CG	C:MET:266:O
0	vdw	C:ARG:274:CD	C:MET:266:O
0	vdw	C:ARG:274:NE	C:HIS:268:O
0	vdw	C:ARG:274:CZ	C:HIS:268:O
0	vdw	C:ARG:274:NH2	C:HIS:268:O
0	vdw	C:ARG:274:NH2	C:TYR:269:O
0	vdw	C:ALA:183:O	C:ARG:274:CD
0	vdw	C:ARG:274:NE	C:TRP:187:CE3
0	vdw	C:ARG:274:CZ	C:TRP:187:CE3
0	vdw	C:ARG:274:NH2	C:TRP:187:CE3
0	vdw	C:ARG:274:CZ	C:GLU:172:CD
0	vdw	C:ARG:274:CZ	C:GLU:172:OE2
0	vdw	C:ARG:274:NH2	C:GLU:172:CD
0	vdw	C:ARG:274:NH2	C:GLU:172:OE2
0	vdw	C:MET:233:SD	C:TRP:227:CZ2
0	vdw	C:LEU:175:CD1	C:TRP:227:CZ3
0	vdw	C:LEU:175:CD1	C:TRP:227:CH2
0	vdw	C:TYR:236:CB	C:VAL:230:O
0	vdw	C:TYR:236:CG	C:VAL:230:O
0	vdw	C:TYR:236:CD2	C:VAL:230:O
0	vdw	C:THR:231:CA	C:TYR:236:CG
0	vdw	C:THR:231:CA	C:TYR:236:CD1
0	vdw	C:THR:231:CA	C:TYR:236:CE1
0	vdw	C:THR:231:CB	C:TYR:236:CE1
0	vdw	C:ASN:62:ND2	C:GLN:110:OE1
0	vdw	C:ALA:140:CA	C:GLN:110:OE1
0	vdw	C:ALA:140:C	C:GLN:110:OE1
0	vdw	C:ALA:140:CB	C:GLN:110:OE1
0	vdw	C:GLN:110:OE1	C:ILE:141:N
0	vdw	C:ASN:62:CG	C:GLN:110:O
0	vdw	C:ASN:62:ND2	C:GLN:110:CB
0	vdw	C:ASN:62:ND2	C:ILE:141:O
0	vdw	C:ASN:62:CB	C:GLN:110:O
0	vdw	C:GLN:110:CB	C:ILE:141:CG2
0	vdw	C:GLN:110:CD	C:ILE:141:N
0	vdw	C:ALA:140:CA	C:GLN:110:CD
0	vdw	C:LEU:115:CD2	C:LEU:189:CD1
0	vdw	C:LEU:128:CD1	C:LEU:189:CG
0	vdw	C:ASP:185:CB	C:LEU:115:CD2
0	vdw	C:ALA:183:O	C:ARG:274:NH1
0	vdw	C:ARG:274:NH1	C:GLU:172:CD
0	vdw	C:ARG:274:NH1	C:GLU:172:OE1
0	vdw	C:ARG:274:NH1	C:GLU:172:OE2
0	vdw	C:ALA:170:CB	C:TRP:187:CG
0	vdw	C:CYS:177:N	C:GLU:172:O
0	vdw	C:ASP:235:CB	C:LEU:175:CA
0	vdw	C:LYS:142:CE	C:PRO:61:O
0	vdw	C:LYS:142:CG	C:PRO:61:O
0	vdw	C:GLU:81:OE1	C:LYS:142:CE
0	vdw	C:LYS:142:CD	C:PRO:61:O
0	vdw	C:ASN:62:CA	C:LYS:142:CG
0	vdw	C:ASN:62:C	C:LYS:142:CA
0	vdw	C:ASN:62:O	C:LYS:142:CA
0	vdw	C:ASN:62:O	C:LYS:142:C
0	vdw	C:ASN:62:O	C:LEU:143:N
0	vdw	C:ASN:62:O	C:LEU:143:CG
0	vdw	C:LYS:142:CB	C:VAL:64:CG2
0	vdw	C:LEU:128:CD2	C:LEU:143:CD2
0	vdw	C:LEU:111:CD2	C:LEU:143:CD2
0	vdw	C:LEU:133:CD2	C:LEU:143:CD2
0	vdw	C:ASP:185:O	C:LEU:128:CD1
0	vdw	C:ARG:126:N	C:ASP:185:CG
0	vdw	C:ARG:126:N	C:ASP:185:OD1
0	vdw	C:ARG:126:CA	C:ASP:185:OD1
0	vdw	C:ILE:173:CD1	C:VAL:184:CB
0	vdw	C:ILE:173:CD1	C:VAL:184:CG1
0	vdw	C:ILE:173:CD1	C:TYR:180:CE1
0	vdw	C:GLU:172:OE1	C:VAL:184:CG1
0	vdw	C:ASP:235:OD2	C:GLY:176:CA
0	vdw	C:ASP:235:CB	C:LEU:175:C
0	vdw	C:ASP:235:N	C:LEU:175:O
0	vdw	C:ASP:235:CA	C:LEU:175:O
0	vdw	C:ASP:235:CB	C:LEU:175:O
0	vdw	C:GLU:81:CD	C:LYS:142:NZ
0	vdw	C:GLU:81:OE1	C:LYS:142:NZ
0	vdw	C:GLU:81:OE2	C:LYS:142:NZ
0	vdw	C:GLU:81:OE2	C:VAL:64:CA
0	vdw	C:GLU:81:OE2	C:LYS:142:CD
0	vdw	C:LEU:143:O	C:VAL:64:N
0	vdw	C:LEU:143:O	C:VAL:64:CB
0	vdw	C:LEU:143:O	C:VAL:64:CG2
0	vdw	C:LEU:83:CD2	C:LYS:142:CD
0	vdw	C:ALA:144:CB	C:VAL:64:CG2
0	vdw	C:ALA:144:N	C:ASN:132:O
0	vdw	C:ALA:144:CA	C:ASN:132:O
0	vdw	C:ALA:144:O	C:HIS:125:CE1
0	vdw	C:ALA:144:O	C:HIS:125:NE2
0	vdw	C:ASP:145:O	C:HIS:125:CE1
0	vdw	C:ASP:145:O	C:HIS:125:NE2
0	vdw	C:ASP:185:OD1	C:HIS:125:CB
0	vdw	C:ARG:126:O	C:VAL:164:CG2
0	vdw	C:ARG:126:O	C:VAL:164:CG1
0	vdw	C:ARG:126:NH1	C:TYR:180:CZ
0	vdw	C:ARG:126:NH1	C:TYR:180:OH
0	vdw	C:TYR:180:OH	C:VAL:164:CG2
0	vdw	C:GLU:81:CG	C:VAL:64:CG1
0	vdw	C:GLU:81:O	C:T2A:501:C5
0	vdw	C:PHE:80:CD1	C:VAL:64:CG1
0	vdw	C:T2A:501:C16	C:VAL:64:CG1
0	vdw	C:PHE:80:CB	C:T2A:501:C16
0	vdw	C:PHE:80:CD1	C:T2A:501:C16
0	vdw	C:ALA:31:O	C:PHE:80:CB
0	vdw	C:PHE:80:CG	C:T2A:501:C16
0	vdw	C:PHE:80:CD2	C:T2A:501:C16
0	vdw	C:GLU:51:OE2	C:LYS:33:NZ
0	vdw	C:GLU:51:OE2	C:PHE:80:CZ
0	vdw	C:ASP:145:OD1	C:THR:14:OG1
0	vdw	C:GLY:147:O	C:THR:47:CB
0	vdw	C:GLY:147:O	C:THR:47:CG2
0	vdw	C:ASP:127:CG	C:LEU:148:CD1
0	vdw	C:ASN:23:N	C:GLU:28:O
0	vdw	C:ASN:23:CA	C:GLU:28:O
0	vdw	C:ASN:23:CB	C:GLU:28:O
0	vdw	C:ARG:22:CA	C:GLU:28:O
0	vdw	C:ARG:22:C	C:GLU:28:O
0	vdw	C:VAL:30:CB	C:VAL:79:CG1
0	vdw	C:PHE:80:O	C:VAL:30:CB
0	vdw	C:VAL:30:CG1	C:VAL:79:CG1
0	vdw	C:PHE:4:CD1	C:VAL:30:CG2
0	vdw	C:PHE:4:CE1	C:VAL:30:CG2
0	vdw	C:PHE:80:O	C:VAL:30:CA
0	vdw	C:PHE:80:O	C:VAL:30:C
0	vdw	C:ALA:31:N	C:PHE:80:O
0	vdw	C:ALA:21:O	C:VAL:30:CG2
0	vdw	C:ALA:31:O	C:LEU:78:O
0	vdw	C:ALA:31:O	C:VAL:79:CA
0	vdw	C:ALA:31:O	C:PHE:80:N
0	vdw	C:LEU:78:O	C:LYS:33:CB
0	vdw	C:LEU:78:O	C:LYS:33:N
0	vdw	C:LEU:32:CA	C:LEU:78:O
0	vdw	C:LEU:32:C	C:LEU:78:O
0	vdw	C:LEU:78:CB	C:LYS:33:CB
0	vdw	C:LYS:33:CD	C:PHE:80:CE2
0	vdw	C:GLU:51:CD	C:LYS:33:NZ
0	vdw	C:LYS:33:CE	C:TYR:15:CB
0	vdw	C:GLU:51:OE1	C:LYS:33:NZ
0	vdw	C:LYS:33:CG	C:VAL:18:CG2
0	vdw	C:ILE:35:CD1	C:TYR:15:CB
0	vdw	C:ASN:3:O	C:LYS:24:N
0	vdw	C:ASN:3:O	C:LYS:24:CA
0	vdw	C:LEU:32:CD2	C:VAL:79:CG2
0	vdw	C:LEU:78:N	C:LYS:33:O
0	vdw	C:ASN:3:O	C:LYS:24:CB
0	vdw	C:GLU:2:O	C:LYS:24:CE
0	vdw	C:ASN:3:O	C:LYS:24:CG
0	vdw	C:ARG:22:O	C:PHE:4:CA
0	vdw	C:MET:1:CG	C:TYR:77:CE1
0	vdw	C:MET:1:SD	C:TYR:77:CD1
0	vdw	C:MET:1:CE	C:TYR:77:CG
0	vdw	C:MET:1:CE	C:TYR:77:CD1
0	vdw	C:MET:1:CE	C:TYR:77:CB
0	vdw	C:LYS:34:CG	C:TYR:77:CE2
0	vdw	C:ILE:35:N	C:LEU:76:O
0	vdw	C:ILE:35:O	C:LEU:76:N
0	vdw	C:ILE:35:O	C:LYS:75:CA
0	vdw	C:ILE:35:CB	C:LEU:76:O
0	vdw	C:GLU:2:O	C:LYS:24:NZ
0	vdw	C:ASN:74:O	C:LEU:37:N
0	vdw	C:ASN:74:O	C:LEU:37:CB
0	vdw	C:ASP:288:CG	C:LYS:105:NZ
0	vdw	C:ASP:288:OD1	C:LYS:105:NZ
0	vdw	C:ASP:288:OD2	C:LYS:105:NZ
0	vdw	C:LYS:105:CD	C:PHE:285:O
0	vdw	C:LYS:105:CE	C:PHE:285:O
0	vdw	C:ASP:288:OD1	C:LYS:105:CD
0	vdw	C:ASP:288:OD1	C:LYS:105:CE
0	vdw	C:ASP:258:CB	C:PHE:285:CD1
0	vdw	C:ASP:258:C	C:PHE:285:CD1
0	vdw	C:GLY:259:N	C:PHE:285:CD1
0	vdw	C:GLY:259:CA	C:PHE:285:CD1
0	vdw	C:ARG:245:NH2	C:SER:264:CB
0	vdw	C:PHE:248:CE2	C:SER:264:CB
0	vdw	C:LYS:105:CG	C:PHE:285:CE2
0	vdw	C:LYS:105:CE	C:PHE:285:CZ
0	vdw	C:GLY:259:CA	C:PHE:285:CE1
0	vdw	C:GLY:259:O	C:PHE:193:CE2
0	vdw	C:LEU:255:CD1	C:PHE:193:CE2
0	vdw	C:LEU:255:CD1	C:PHE:193:CZ
0	vdw	C:LEU:263:CB	C:PHE:248:CE2
0	vdw	C:PHE:248:CE2	C:SER:264:N
0	vdw	C:PHE:248:CE2	C:SER:264:CA
0	vdw	C:PHE:248:CZ	C:SER:264:CA
0	vdw	C:LEU:267:C	C:TRP:187:CZ3
0	vdw	C:LEU:267:O	C:TRP:187:CZ3
0	vdw	C:GLY:220:O	C:TYR:269:CE2
0	vdw	C:GLY:220:O	C:TYR:269:CZ
0	vdw	C:PRO:222:CD	C:TYR:269:CZ
0	vdw	C:LEU:219:CB	C:TYR:269:CE2
0	vdw	C:LEU:219:CB	C:TYR:269:CZ
0	vdw	C:PHE:216:CE1	C:PRO:222:CD
0	vdw	C:PHE:216:CZ	C:PRO:222:CD
0	vdw	C:PHE:216:CD1	C:PRO:222:CD
0	vdw	C:SER:106:OG	C:THR:290:O
0	vdw	C:LYS:291:CA	C:SER:106:OG
0	vdw	C:PRO:292:CD	C:SER:106:OG
0	vdw	C:SER:106:CB	C:THR:290:O
0	vdw	C:PRO:292:CD	C:SER:106:CB
0	vdw	C:LEU:108:CD2	C:PHE:193:CG
0	vdw	C:LEU:108:CD2	C:PHE:193:CD1
0	vdw	C:LEU:108:CD2	C:PHE:193:CE1
0	vdw	C:LEU:263:CD1	C:PHE:193:CD2
0	vdw	C:LEU:267:CD2	C:TRP:187:CE3
0	vdw	C:GLY:190:O	C:LEU:263:CD1
0	vdw	C:LEU:267:CD2	C:TRP:187:CD2
0	vdw	C:LEU:267:CA	C:TRP:187:CE3
0	vdw	C:LEU:267:CA	C:TRP:187:CZ3
0	vdw	C:LEU:219:CD1	C:TRP:187:CH2
0	vdw	C:PRO:171:CD	C:TRP:187:CE3
0	vdw	C:PRO:171:CD	C:TRP:187:CZ2
0	vdw	C:PRO:171:CD	C:TRP:187:CZ3
0	vdw	C:PRO:171:CD	C:TRP:187:CH2
0	vdw	C:ILE:215:CD1	C:TRP:187:CZ2
0	vdw	C:PRO:222:CG	C:TYR:269:CE1
0	vdw	C:PHE:216:CA	C:TYR:269:OH
0	vdw	C:PHE:216:CD1	C:TYR:269:OH
0	vdw	C:PRO:222:CD	C:TYR:269:CE1
0	vdw	C:GLY:220:O	C:TYR:269:OH
0	vdw	C:LEU:219:CB	C:TYR:269:OH
0	vdw	C:GLY:220:C	C:TYR:269:OH
0	vdw	C:PHE:216:CE1	C:PRO:222:CG
0	vdw	C:GLU:138:O	C:VAL:293:CG2
0	vdw	C:GLY:139:O	C:TYR:107:CE1
0	vdw	C:GLN:110:NE2	C:GLY:139:O
0	vdw	C:GLY:139:CA	C:PRO:292:O
0	vdw	C:GLY:139:CA	C:PRO:294:CD
0	vdw	C:ILE:141:CG2	C:TYR:107:CA
0	vdw	C:ILE:141:CG2	C:TYR:107:CD1
0	vdw	C:ILE:141:CG2	C:TYR:107:O
0	vdw	C:ILE:141:CG2	C:LEU:111:CG
0	vdw	C:ILE:141:CB	C:TYR:107:CD1
0	vdw	C:ILE:141:CG2	C:LEU:111:CD2
0	vdw	C:LEU:111:CD1	C:LEU:189:CD2
0	vdw	C:LEU:111:CD1	C:LEU:133:CD1
0	vdw	C:ARG:169:C	C:TRP:187:CD1
0	vdw	C:ARG:169:C	C:TRP:187:NE1
0	vdw	C:ARG:169:O	C:TRP:187:CD1
0	vdw	C:ARG:169:O	C:TRP:187:NE1
0	vdw	C:ALA:170:N	C:TRP:187:CD1
0	vdw	C:ALA:170:CA	C:TRP:187:CG
0	vdw	C:ALA:170:CA	C:TRP:187:CD1
0	vdw	C:ALA:170:CA	C:TRP:187:NE1
0	vdw	C:PRO:171:CD	C:TRP:187:CD2
0	vdw	C:PRO:171:CD	C:TRP:187:CE2
0	vdw	C:GLN:211:CG	C:LEU:174:CD1
0	vdw	C:LEU:175:CD2	C:PHE:240:CE2
0	vdw	C:LEU:174:CB	C:LEU:212:CD1
0	vdw	C:LEU:212:CD2	C:PHE:240:CZ
0	vdw	C:ALA:140:O	C:ILE:135:CA
0	vdw	C:ALA:140:O	C:ILE:135:C
0	vdw	C:ALA:140:O	C:ILE:135:CB
0	vdw	C:ASN:136:CA	C:HIS:84:ND1
0	vdw	C:ALA:140:CA	C:GLN:110:NE2
0	vdw	C:ILE:141:CA	C:LEU:134:O
0	vdw	C:ILE:141:C	C:LEU:134:O
0	vdw	C:ILE:141:CG1	C:LEU:134:O
0	vdw	C:LEU:134:O	C:LYS:142:N
0	vdw	C:ILE:141:CG1	C:LEU:111:CD2
0	vdw	C:LEU:134:O	C:LEU:83:CD2
0	vdw	C:ILE:135:CG2	C:ILE:141:CB
0	vdw	C:ILE:135:CG2	C:ILE:141:CG1
0	vdw	C:LEU:111:CD2	C:LEU:133:CD1
0	vdw	C:LEU:111:CD2	C:LEU:133:CD2
0	vdw	C:ILE:141:CD1	C:LEU:111:CD2
0	vdw	C:LEU:133:CA	C:LYS:142:O
0	vdw	C:ILE:141:CD1	C:LEU:133:CB
0	vdw	C:ILE:192:CD1	C:LEU:133:CD1
0	vdw	C:LEU:133:C	C:LYS:142:O
0	vdw	C:LEU:134:N	C:LYS:142:O
0	vdw	C:LEU:133:CD1	C:LEU:87:CD2
0	vdw	C:ILE:141:CD1	C:LEU:87:CD2
0	vdw	C:LEU:128:CB	C:SER:188:CB
0	vdw	C:ILE:192:CD1	C:LEU:128:O
0	vdw	C:LEU:128:O	C:SER:188:CB
0	vdw	C:SER:188:OG	C:TYR:168:O
0	vdw	C:ARG:169:CD	C:LEU:174:CD2
0	vdw	C:ILE:135:O	C:LEU:83:CB
0	vdw	C:ASN:136:CB	C:HIS:84:ND1
0	vdw	C:LEU:134:C	C:LEU:83:CD2
0	vdw	C:LEU:134:CB	C:LEU:83:CD2
0	vdw	C:ALA:144:CB	C:LEU:134:CD1
0	vdw	C:LEU:134:CD1	C:T2A:501:N1
0	vdw	C:LEU:134:CD1	C:T2A:501:C5
0	vdw	C:LEU:134:CD1	C:T2A:501:C6
0	vdw	C:LEU:134:CD1	C:T2A:501:C7
0	vdw	C:GLN:85:O	C:LEU:134:CA
0	vdw	C:GLN:85:O	C:LEU:134:C
0	vdw	C:GLN:85:O	C:ILE:135:N
0	vdw	C:ASP:86:CA	C:LEU:134:CD2
0	vdw	C:LEU:134:CD2	C:T2A:501:C29
0	vdw	C:ALA:144:CB	C:ASN:132:O
0	vdw	C:ASN:132:ND2	C:ASP:127:O
0	vdw	C:ASN:132:ND2	C:ASP:127:OD2
0	vdw	C:ASN:132:CG	C:ASP:145:CB
0	vdw	C:ASN:132:OD1	C:ASP:145:CB
0	vdw	C:ASN:132:OD1	C:ASP:145:OD2
0	vdw	C:ASP:127:OD1	C:THR:165:OG1
0	vdw	C:ARG:169:NH2	C:VAL:164:O
0	vdw	C:ARG:169:CZ	C:GLU:162:CB
0	vdw	C:ARG:169:NH1	C:GLU:208:CG
0	vdw	C:PHE:82:CB	C:VAL:29:O
0	vdw	C:LEU:83:N	C:T2A:501:N4
0	vdw	C:PHE:82:CB	C:VAL:30:C
0	vdw	C:ALA:31:CB	C:T2A:501:C5
0	vdw	C:ILE:10:CD1	C:T2A:501:N2
0	vdw	C:ILE:10:CD1	C:T2A:501:C3
0	vdw	C:LEU:83:O	C:T2A:501:C3
0	vdw	C:LEU:83:O	C:T2A:501:N4
0	vdw	C:T2A:501:C15	C:VAL:18:CG2
0	vdw	C:ILE:10:O	C:T2A:501:C15
0	vdw	C:ASP:145:OD2	C:THR:14:OG1
0	vdw	C:ARG:22:NH1	C:VAL:29:CG2
0	vdw	C:ALA:21:O	C:VAL:29:CA
0	vdw	C:ALA:21:O	C:VAL:29:C
0	vdw	C:ALA:21:O	C:VAL:30:N
0	vdw	C:ALA:21:O	C:VAL:30:CA
0	vdw	C:ALA:21:O	C:VAL:30:O
0	vdw	C:PHE:82:CG	C:VAL:29:CG1
0	vdw	C:PHE:82:CD2	C:VAL:29:CG1
0	vdw	C:ALA:21:N	C:VAL:30:O
0	vdw	C:LYS:20:CA	C:VAL:30:O
0	vdw	C:ALA:31:CA	C:TYR:19:O
0	vdw	C:ALA:31:C	C:TYR:19:O
0	vdw	C:LEU:32:N	C:TYR:19:O
0	vdw	C:LEU:32:O	C:VAL:18:CG1
0	vdw	C:LEU:32:O	C:TYR:19:O
0	vdw	C:GLU:8:O	C:TYR:19:C
0	vdw	C:GLY:11:O	C:VAL:18:CA
0	vdw	C:GLY:11:O	C:VAL:18:CB
0	vdw	C:ALA:21:C	C:GLN:5:O
0	vdw	C:ARG:22:N	C:GLN:5:O
0	vdw	C:ALA:21:CA	C:GLN:5:O
0	vdw	C:ALA:21:CB	C:GLN:5:O
0	vdw	C:ARG:22:O	C:PHE:4:C
0	vdw	C:ARG:22:O	C:GLN:5:N
0	vdw	C:ARG:22:O	C:GLN:5:CA
0	vdw	C:ARG:22:O	C:GLN:5:CB
0	vdw	C:ALA:21:CB	C:LEU:32:CG
0	vdw	C:ALA:21:CB	C:LEU:32:CD1
0	vdw	C:LEU:32:O	C:TYR:19:N
0	vdw	C:LEU:32:O	C:VAL:18:C
0	vdw	C:LEU:32:O	C:VAL:18:CA
0	vdw	C:LYS:34:N	C:VAL:17:O
0	vdw	C:ARG:260:NH1	C:LEU:255:O
0	vdw	C:ARG:260:NH1	C:SER:249:CB
0	vdw	C:ARG:260:CD	C:PHE:248:CB
0	vdw	C:ARG:260:CD	C:PHE:248:C
0	vdw	C:ARG:260:CD	C:SER:249:N
0	vdw	C:ARG:245:N	C:GLY:220:CA
0	vdw	C:ARG:245:CA	C:LEU:219:C
0	vdw	C:ARG:245:CA	C:LEU:219:O
0	vdw	C:ARG:245:CA	C:GLY:220:CA
0	vdw	C:ARG:245:CB	C:LEU:219:O
0	vdw	C:ARG:245:CG	C:LEU:219:O
0	vdw	C:GLN:246:N	C:THR:218:O
0	vdw	C:ILE:104:CG2	C:PHE:193:CE1
0	vdw	C:ARG:260:CG	C:VAL:252:CG2
0	vdw	C:LEU:263:CG	C:PHE:248:CE2
0	vdw	C:LEU:263:CD2	C:PHE:248:CE2
0	vdw	C:LEU:263:CD2	C:VAL:252:CG1
0	vdw	C:LEU:219:CD2	C:PHE:248:CE1
0	vdw	C:LEU:219:CD2	C:PHE:248:CZ
0	vdw	C:THR:218:CG2	C:VAL:251:CG2
0	vdw	C:THR:218:CG2	C:VAL:251:CG1
0	vdw	C:GLY:220:CA	C:TRP:243:O
0	vdw	C:ALA:244:C	C:GLY:220:CA
0	vdw	C:GLN:246:CA	C:THR:218:O
0	vdw	C:GLN:246:CB	C:THR:218:O
0	vdw	C:GLY:220:C	C:TRP:243:O
0	vdw	C:THR:221:N	C:TRP:243:O
0	vdw	C:THR:221:OG1	C:TRP:243:N
0	vdw	C:PRO:241:O	C:THR:221:CB
0	vdw	C:LYS:242:CA	C:THR:221:CB
0	vdw	C:PRO:241:O	C:THR:221:OG1
0	vdw	C:LYS:242:CA	C:THR:221:OG1
0	vdw	C:THR:221:OG1	C:TRP:243:CE3
0	vdw	C:PRO:241:O	C:THR:221:CG2
0	vdw	C:LYS:242:CG	C:THR:221:CG2
0	vdw	C:LEU:103:CD1	C:PRO:292:C
0	vdw	C:LEU:103:CD1	C:PRO:292:CB
0	vdw	C:ILE:104:CG1	C:MET:196:CB
0	vdw	C:ILE:104:CG2	C:PHE:193:CD1
0	vdw	C:ILE:104:CG2	C:MET:196:CE
0	vdw	C:ILE:104:CD1	C:MET:196:CB
0	vdw	C:ILE:104:CG1	C:ILE:99:CG2
0	vdw	C:ALA:194:CB	C:LEU:202:CD2
0	vdw	C:ILE:215:CA	C:PHE:203:CE1
0	vdw	C:PHE:203:CE1	C:THR:218:CB
0	vdw	C:PHE:216:CB	C:TRP:243:CE3
0	vdw	C:PHE:213:CZ	C:PRO:241:CD
0	vdw	C:THR:137:O	C:VAL:293:CG1
0	vdw	C:LEU:103:CD1	C:PRO:292:O
0	vdw	C:PRO:294:CG	C:TYR:107:OH
0	vdw	C:ASN:136:O	C:PRO:294:CG
0	vdw	C:PHE:90:CE1	C:PRO:294:CB
0	vdw	C:ILE:135:CG2	C:TYR:107:CZ
0	vdw	C:ILE:135:CG2	C:TYR:107:OH
0	vdw	C:LEU:103:CD2	C:PHE:90:CZ
0	vdw	C:MET:196:CG	C:MET:91:CE
0	vdw	C:CYS:191:CB	C:TYR:168:CD1
0	vdw	C:GLN:211:NE2	C:TRP:167:O
0	vdw	C:GLN:211:NE2	C:PHE:203:CB
0	vdw	C:ILE:215:CG1	C:PHE:203:CG
0	vdw	C:ILE:215:CG1	C:PHE:203:CD2
0	vdw	C:GLN:211:NE2	C:LEU:166:O
0	vdw	C:GLN:211:NE2	C:TRP:167:C
0	vdw	C:PHE:203:O	C:TRP:167:O
0	vdw	C:GLN:211:NE2	C:PHE:203:O
0	vdw	C:PHE:213:CE1	C:PHE:240:CD1
0	vdw	C:PHE:213:CE1	C:PHE:240:CE1
0	vdw	C:PHE:213:CZ	C:PHE:240:CD1
0	vdw	C:PHE:213:CZ	C:PHE:240:CE1
0	vdw	C:HIS:84:CD2	C:THR:137:CG2
0	vdw	C:HIS:84:CE1	C:THR:137:OG1
0	vdw	C:LEU:296:CD1	C:THR:137:CG2
0	vdw	C:PRO:294:CD	C:THR:137:O
0	vdw	C:HIS:84:ND1	C:THR:137:N
0	vdw	C:GLN:85:O	C:ILE:135:CG1
0	vdw	C:ILE:135:CD1	C:PHE:90:CB
0	vdw	C:ILE:135:CD1	C:PHE:90:CG
0	vdw	C:LYS:88:N	C:PRO:130:C
0	vdw	C:LYS:88:N	C:PRO:130:CB
0	vdw	C:LEU:87:N	C:PRO:130:O
0	vdw	C:LEU:133:O	C:LEU:87:N
0	vdw	C:LEU:87:CA	C:PRO:130:O
0	vdw	C:LEU:87:CB	C:PRO:130:O
0	vdw	C:LEU:133:O	C:LEU:87:CB
0	vdw	C:LYS:88:N	C:PRO:130:O
0	vdw	C:ILE:192:CG2	C:LEU:87:CD2
0	vdw	C:PRO:130:CG	C:TYR:168:OH
0	vdw	C:PRO:130:CD	C:TYR:168:CE2
0	vdw	C:PRO:130:CD	C:TYR:168:CZ
0	vdw	C:PRO:130:CD	C:TYR:168:OH
0	vdw	C:LYS:88:CA	C:PRO:130:CB
0	vdw	C:MET:91:SD	C:PRO:130:CB
0	vdw	C:LYS:88:CB	C:PRO:130:C
0	vdw	C:LYS:88:CB	C:PRO:130:CB
0	vdw	C:GLU:195:OE2	C:TYR:168:OH
0	vdw	C:GLU:195:OE1	C:TYR:168:CE1
0	vdw	C:GLU:195:OE1	C:TYR:168:CZ
0	vdw	C:GLU:195:OE1	C:TYR:168:OH
0	vdw	C:GLU:195:CD	C:TYR:168:OH
0	vdw	C:GLN:211:CG	C:LEU:166:O
0	vdw	C:GLN:211:CD	C:LEU:166:O
0	vdw	C:PHE:203:O	C:TRP:167:CA
0	vdw	C:GLN:211:CG	C:LEU:166:CG
0	vdw	C:GLN:211:CB	C:LEU:166:CD1
0	vdw	C:LEU:166:CD2	C:SER:207:O
0	vdw	C:LEU:166:CD2	C:SER:207:C
0	vdw	C:GLY:205:C	C:LEU:166:CD2
0	vdw	C:GLY:205:O	C:LEU:166:CD2
0	vdw	C:GLN:211:OE1	C:GLY:205:CA
0	vdw	C:GLN:211:OE1	C:GLY:205:N
0	vdw	C:GLN:211:CD	C:PHE:203:O
0	vdw	C:GLN:211:OE1	C:PHE:203:O
0	vdw	C:HIS:84:N	C:ILE:135:O
0	vdw	C:HIS:84:CA	C:ILE:135:O
0	vdw	C:GLN:85:N	C:ILE:135:O
0	vdw	C:GLN:85:O	C:ILE:135:O
0	vdw	C:GLN:85:CB	C:T2A:501:C27
0	vdw	C:ASP:86:CA	C:LEU:133:O
0	vdw	C:ASP:86:C	C:LEU:133:O
0	vdw	C:ASP:86:CB	C:GLN:131:CA
0	vdw	C:ASP:86:OD2	C:GLN:131:CA
0	vdw	C:ASP:86:OD2	C:GLN:131:CB
0	vdw	C:ASP:86:CB	C:T2A:501:C29
0	vdw	C:ASP:86:CG	C:T2A:501:C29
0	vdw	C:LYS:129:CB	C:TYR:168:CD2
0	vdw	C:LYS:129:CB	C:TYR:168:CE2
0	vdw	C:LYS:129:CD	C:THR:165:OG1
0	vdw	C:LYS:129:CE	C:THR:165:OG1
0	vdw	C:HIS:84:O	C:T2A:501:C25
0	vdw	C:LEU:83:O	C:T2A:501:N17
0	vdw	C:LEU:83:O	C:T2A:501:C18
0	vdw	C:HIS:84:O	C:T2A:501:C22
0	vdw	C:HIS:84:O	C:T2A:501:C23
0	vdw	C:LYS:20:CG	C:PHE:82:CE1
0	vdw	C:ILE:10:CG2	C:T2A:501:C25
0	vdw	C:ILE:10:CD1	C:T2A:501:N17
0	vdw	C:ILE:10:CD1	C:T2A:501:C18
0	vdw	C:ILE:10:CB	C:T2A:501:C22
0	vdw	C:ILE:10:CG2	C:T2A:501:C22
0	vdw	C:ILE:10:CB	C:T2A:501:C23
0	vdw	C:ILE:10:CG2	C:T2A:501:C23
0	vdw	C:ILE:10:CD1	C:T2A:501:C23
0	vdw	C:ASP:86:CG	C:T2A:501:O28
0	vdw	C:ASP:86:OD1	C:T2A:501:O28
0	vdw	C:ILE:10:O	C:T2A:501:C14
0	vdw	C:ASP:86:OD1	C:T2A:501:C29
0	vdw	C:GLU:8:O	C:LYS:20:N
0	vdw	C:GLU:8:O	C:LYS:20:CA
0	vdw	C:GLU:8:O	C:LYS:20:CB
0	vdw	C:LYS:9:C	C:VAL:18:O
0	vdw	C:ILE:10:N	C:VAL:18:O
0	vdw	C:ILE:10:CA	C:VAL:18:O
0	vdw	C:ILE:10:CG1	C:VAL:18:O
0	vdw	C:ILE:10:CG1	C:VAL:18:C
0	vdw	C:LYS:9:CA	C:VAL:18:O
0	vdw	C:ILE:10:CG2	C:T2A:501:O24
0	vdw	C:GLY:11:O	C:VAL:18:N
0	vdw	C:LYS:20:O	C:VAL:7:CB
0	vdw	C:LYS:20:O	C:VAL:7:N
0	vdw	C:LYS:20:O	C:VAL:7:CA
0	vdw	C:GLU:8:N	C:LYS:20:O
0	vdw	C:GLU:8:O	C:TYR:19:CA
0	vdw	C:LYS:9:CG	C:TYR:19:CD2
0	vdw	C:LYS:9:CG	C:TYR:19:CE2
0	vdw	C:LYS:9:CE	C:TYR:19:CE2
0	vdw	C:GLU:12:CB	C:VAL:17:CA
0	vdw	C:PRO:254:CB	C:VAL:197:CG1
0	vdw	C:PRO:254:CG	C:VAL:197:CG1
0	vdw	C:PRO:254:CD	C:VAL:197:CG1
0	vdw	C:ARG:217:CG	C:TRP:243:CD1
0	vdw	C:ARG:217:CG	C:TRP:243:CD2
0	vdw	C:ARG:217:CG	C:TRP:243:NE1
0	vdw	C:ILE:104:CD1	C:ILE:99:O
0	vdw	C:ILE:104:CD1	C:MET:196:C
0	vdw	C:ILE:104:CD1	C:MET:196:O
0	vdw	C:THR:198:CG2	C:VAL:251:O
0	vdw	C:ARG:217:CG	C:TRP:243:CE2
0	vdw	C:ARG:217:CG	C:TRP:243:CZ2
0	vdw	C:PHE:213:CG	C:TRP:243:CH2
0	vdw	C:ILE:99:CG1	C:SER:94:CB
0	vdw	C:ILE:99:CD1	C:MET:91:CG
0	vdw	C:GLU:195:CB	C:MET:91:CE
0	vdw	C:GLU:195:CG	C:MET:91:CE
0	vdw	C:ARG:200:O	C:GLU:195:CA
0	vdw	C:ARG:200:C	C:GLU:195:CG
0	vdw	C:ARG:200:O	C:GLU:195:CG
0	vdw	C:ALA:201:CA	C:GLU:195:CG
0	vdw	C:ALA:201:CA	C:GLU:195:CD
0	vdw	C:ALA:201:CB	C:GLU:195:CD
0	vdw	C:ALA:201:CA	C:GLU:195:OE1
0	vdw	C:ALA:201:CB	C:GLU:195:OE1
0	vdw	C:PHE:203:O	C:TRP:167:CD1
0	vdw	C:ARG:214:NH1	C:PRO:204:CD
0	vdw	C:ARG:214:CD	C:GLY:205:CA
0	vdw	C:GLN:85:OE1	C:LEU:296:CD2
0	vdw	C:PRO:204:CA	C:TRP:167:CG
0	vdw	C:PRO:204:CA	C:TRP:167:CD1
0	vdw	C:PRO:204:C	C:TRP:167:CD1
0	vdw	C:GLY:205:N	C:TRP:167:CD1
0	vdw	C:PRO:204:CA	C:TRP:167:CE2
0	vdw	C:PRO:204:CB	C:TRP:167:CE2
0	vdw	C:PRO:204:CA	C:TRP:167:NE1
0	vdw	C:PRO:204:C	C:TRP:167:NE1
0	vdw	C:GLY:205:N	C:TRP:167:NE1
0	vdw	C:GLY:205:O	C:TRP:167:NE1
0	vdw	C:ARG:214:CD	C:PRO:204:C
0	vdw	C:ARG:214:NE	C:PRO:204:C
0	vdw	C:ARG:214:CD	C:PRO:204:O
0	vdw	C:ARG:214:NE	C:PRO:204:O
0	vdw	C:ARG:214:CZ	C:PRO:204:O
0	vdw	C:ARG:214:NH1	C:PRO:204:O
0	vdw	C:ARG:214:NH2	C:PRO:204:O
0	vdw	C:ASP:210:OD2	C:GLY:205:CA
0	vdw	C:ASP:210:OD2	C:GLY:205:C
0	vdw	C:ARG:199:NH2	C:THR:97:C
0	vdw	C:ARG:199:NH2	C:THR:97:O
0	vdw	C:ARG:199:NH2	C:GLY:98:N
0	vdw	C:ARG:199:NE	C:GLY:98:CA
0	vdw	C:ARG:199:NH2	C:GLY:98:CA
0	vdw	C:ARG:199:CZ	C:LEU:96:O
0	vdw	C:ARG:199:NH2	C:LEU:96:O
0	vdw	C:ALA:95:O	C:ARG:199:CD
0	vdw	C:ARG:199:NH1	C:LEU:96:O
0	hbss	C:ASP:145:OD1	C:THR:14:OG1
0	hbss	C:ASP:145:OD2	C:THR:14:OG1
0	hbss	C:ASN:23:ND2	C:THR:26:OG1
0	hbss	C:ASN:23:OD1	C:THR:26:OG1
0	hbss	C:GLU:51:OE1	C:LYS:33:NZ
0	hbss	C:GLU:51:OE2	C:LYS:33:NZ
0	hbss	C:ASN:62:ND2	C:GLN:110:OE1
0	hbss	C:ASP:92:OD1	C:LYS:88:NZ
0	hbss	C:ASP:288:OD2	C:LYS:105:NZ
0	hbss	C:ARG:122:NH1	C:GLU:57:OE1
0	hbss	C:ARG:122:NH2	C:GLU:57:OE1
0	hbss	C:ARG:122:NH2	C:GLU:57:OE2
0	hbss	C:ASN:132:ND2	C:ASP:127:OD2
0	hbss	C:GLU:81:OE1	C:LYS:142:NZ
0	hbss	C:GLU:81:OE2	C:LYS:142:NZ
0	hbss	C:GLU:195:OE1	C:TYR:168:OH
0	hbss	C:GLU:195:OE2	C:TYR:168:OH
0	hbss	C:ARG:214:NE	C:ASP:210:OD1
0	hbss	C:ARG:214:NE	C:ASP:210:OD2
0	hbss	C:ARG:274:NH1	C:GLU:172:OE1
0	hbss	C:ARG:274:NH1	C:GLU:172:OE2
0	hbss	C:ARG:274:NH2	C:GLU:172:OE2
0	hbss	C:HIS:283:NE2	C:SER:261:OG
0	hbsb	C:ASN:23:OD1	C:LEU:25:N
0	hbsb	C:ASN:23:OD1	C:THR:26:N
0	hbsb	C:GLU:28:N	C:THR:26:OG1
0	hbsb	C:ASN:62:N	C:HIS:60:ND1
0	hbsb	C:ASN:62:ND2	C:ILE:141:O
0	hbsb	C:GLU:81:OE2	C:LYS:65:N
0	hbsb	C:ASP:68:OD1	C:VAL:69:N
0	hbsb	C:GLU:73:N	C:THR:72:OG1
0	hbsb	C:LYS:75:N	C:THR:72:OG1
0	hbsb	C:ASN:74:N	C:ASN:74:OD1
0	hbsb	C:ASP:86:N	C:ASP:86:OD1
0	hbsb	C:PHE:90:O	C:SER:94:OG
0	hbsb	C:SER:106:O	C:SER:106:OG
0	hbsb	C:GLN:110:NE2	C:GLY:139:O
0	hbsb	C:ALA:116:O	C:SER:120:OG
0	hbsb	C:ARG:122:NH1	C:HIS:121:O
0	hbsb	C:ASP:185:OD2	C:HIS:125:N
0	hbsb	C:ALA:144:O	C:HIS:125:NE2
0	hbsb	C:ARG:126:N	C:ASP:185:OD1
0	hbsb	C:ARG:126:NE	C:LEU:148:O
0	hbsb	C:ARG:126:NH2	C:LEU:148:O
0	hbsb	C:ASP:127:N	C:HIS:125:ND1
0	hbsb	C:GLN:131:N	C:GLN:131:OE1
0	hbsb	C:ASN:132:ND2	C:ASP:127:O
0	hbsb	C:ASN:136:N	C:ASN:136:OD1
0	hbsb	C:THR:137:N	C:THR:137:OG1
0	hbsb	C:GLU:138:N	C:GLU:138:OE1
0	hbsb	C:ALA:140:N	C:ASN:136:OD1
0	hbsb	C:GLN:110:OE1	C:ILE:141:N
0	hbsb	C:CYS:177:O	C:THR:158:OG1
0	hbsb	C:GLY:205:O	C:TRP:167:NE1
0	hbsb	C:ARG:169:NH2	C:VAL:164:O
0	hbsb	C:GLU:172:N	C:GLU:172:OE2
0	hbsb	C:SER:181:OG	C:THR:182:N
0	hbsb	C:ALA:183:N	C:SER:181:OG
0	hbsb	C:ARG:199:N	C:THR:198:OG1
0	hbsb	C:ARG:199:NH2	C:THR:97:O
0	hbsb	C:ARG:199:NH2	C:GLY:98:N
0	hbsb	C:GLN:211:OE1	C:GLY:205:N
0	hbsb	C:ASP:206:N	C:ASP:210:OD2
0	hbsb	C:ASP:210:N	C:SER:207:OG
0	hbsb	C:GLN:211:NE2	C:TRP:167:O
0	hbsb	C:GLN:211:NE2	C:PHE:203:O
0	hbsb	C:THR:221:OG1	C:TRP:243:N
0	hbsb	C:ASP:223:N	C:ASP:223:OD1
0	hbsb	C:ASP:223:OD1	C:VAL:225:N
0	hbsb	C:ASP:223:OD1	C:VAL:226:N
0	hbsb	C:GLU:224:OE1	C:GLY:229:N
0	hbsb	C:GLU:224:OE2	C:GLY:229:N
0	hbsb	C:GLU:224:OE2	C:THR:231:N
0	hbsb	C:ASP:256:N	C:ASP:256:OD1
0	hbsb	C:ASP:256:OD2	C:ASP:258:N
0	hbsb	C:ASP:256:OD1	C:GLY:259:N
0	hbsb	C:SER:261:O	C:SER:264:OG
0	hbsb	C:GLN:265:N	C:SER:264:OG
0	hbsb	C:GLN:265:NE2	C:SER:261:O
0	hbsb	C:GLY:220:O	C:TYR:269:OH
0	hbsb	C:ASN:272:N	C:ASP:270:OD1
0	hbsb	C:ARG:274:NE	C:HIS:268:O
0	hbsb	C:ALA:183:O	C:ARG:274:NH1
0	hbsb	C:ARG:274:NH2	C:HIS:268:O
0	hbsb	C:ALA:279:N	C:SER:276:OG
0	hbsb	C:HIS:283:ND1	C:PHE:285:N
0	hbsb	C:ASP:288:N	C:ASP:288:OD1
0	hbbb	C:GLU:2:N	C:MET:1:N
0	hbbb	C:MET:1:O	C:PHE:4:N
0	hbbb	C:ARG:22:O	C:GLN:5:N
0	hbbb	C:LYS:20:O	C:VAL:7:N
0	hbbb	C:GLU:8:N	C:LYS:20:O
0	hbbb	C:ILE:10:N	C:VAL:18:O
0	hbbb	C:GLY:13:O	C:TYR:15:N
0	hbbb	C:GLY:11:O	C:VAL:18:N
0	hbbb	C:LEU:32:O	C:TYR:19:N
0	hbbb	C:GLU:8:O	C:LYS:20:N
0	hbbb	C:ALA:21:N	C:VAL:30:O
0	hbbb	C:ARG:22:N	C:GLN:5:O
0	hbbb	C:ASN:23:N	C:GLU:28:O
0	hbbb	C:ASN:3:O	C:LYS:24:N
0	hbbb	C:ASN:23:O	C:GLY:27:N
0	hbbb	C:ALA:21:O	C:VAL:30:N
0	hbbb	C:ALA:31:N	C:PHE:80:O
0	hbbb	C:LEU:32:N	C:TYR:19:O
0	hbbb	C:LEU:78:O	C:LYS:33:N
0	hbbb	C:LYS:34:N	C:VAL:17:O
0	hbbb	C:ILE:35:N	C:LEU:76:O
0	hbbb	C:ASN:74:O	C:LEU:37:N
0	hbbb	C:LEU:37:O	C:THR:41:N
0	hbbb	C:ALA:48:N	C:PRO:45:O
0	hbbb	C:ILE:49:N	C:PRO:45:O
0	hbbb	C:ARG:50:N	C:SER:46:O
0	hbbb	C:GLU:51:N	C:THR:47:O
0	hbbb	C:ALA:48:O	C:ILE:52:N
0	hbbb	C:ILE:49:O	C:SER:53:N
0	hbbb	C:ARG:50:O	C:LEU:54:N
0	hbbb	C:GLU:51:O	C:LEU:55:N
0	hbbb	C:ILE:52:O	C:LEU:55:N
0	hbbb	C:ILE:52:O	C:LYS:56:N
0	hbbb	C:GLU:57:N	C:LEU:54:O
0	hbbb	C:LEU:54:O	C:LEU:58:N
0	hbbb	C:LEU:55:O	C:LEU:58:N
0	hbbb	C:ASN:59:N	C:GLU:57:O
0	hbbb	C:HIS:60:O	C:ILE:63:N
0	hbbb	C:LEU:143:O	C:VAL:64:N
0	hbbb	C:LEU:67:N	C:VAL:79:O
0	hbbb	C:ASP:68:N	C:VAL:79:O
0	hbbb	C:ILE:70:N	C:TYR:77:O
0	hbbb	C:LYS:75:O	C:THR:72:N
0	hbbb	C:ILE:35:O	C:LEU:76:N
0	hbbb	C:ILE:70:O	C:TYR:77:N
0	hbbb	C:LEU:78:N	C:LYS:33:O
0	hbbb	C:ASP:68:O	C:VAL:79:N
0	hbbb	C:ALA:31:O	C:PHE:80:N
0	hbbb	C:GLU:81:N	C:LYS:65:O
0	hbbb	C:HIS:84:N	C:ILE:135:O
0	hbbb	C:GLN:85:N	C:ILE:135:O
0	hbbb	C:LEU:133:O	C:LEU:87:N
0	hbbb	C:LYS:88:N	C:PRO:130:O
0	hbbb	C:ASP:86:O	C:LYS:89:N
0	hbbb	C:ASP:86:O	C:PHE:90:N
0	hbbb	C:LEU:87:O	C:PHE:90:N
0	hbbb	C:LEU:87:O	C:MET:91:N
0	hbbb	C:LYS:88:O	C:MET:91:N
0	hbbb	C:ASP:92:N	C:LYS:88:O
0	hbbb	C:ASP:92:N	C:LYS:89:O
0	hbbb	C:ALA:93:N	C:LYS:89:O
0	hbbb	C:PHE:90:O	C:SER:94:N
0	hbbb	C:MET:91:O	C:SER:94:N
0	hbbb	C:GLY:98:N	C:SER:94:O
0	hbbb	C:ALA:95:N	C:MET:91:O
0	hbbb	C:ALA:95:N	C:ASP:92:O
0	hbbb	C:LEU:103:N	C:PRO:100:O
0	hbbb	C:ILE:104:N	C:PRO:100:O
0	hbbb	C:LEU:101:O	C:LYS:105:N
0	hbbb	C:PRO:102:O	C:SER:106:N
0	hbbb	C:LEU:103:O	C:TYR:107:N
0	hbbb	C:ILE:104:O	C:LEU:108:N
0	hbbb	C:LYS:105:O	C:PHE:109:N
0	hbbb	C:GLN:110:N	C:SER:106:O
0	hbbb	C:LEU:111:N	C:TYR:107:O
0	hbbb	C:LEU:108:O	C:LEU:112:N
0	hbbb	C:LEU:112:N	C:PHE:109:O
0	hbbb	C:GLN:113:N	C:PHE:109:O
0	hbbb	C:GLN:110:O	C:GLN:113:N
0	hbbb	C:GLN:110:O	C:GLY:114:N
0	hbbb	C:LEU:111:O	C:LEU:115:N
0	hbbb	C:ALA:116:N	C:LEU:112:O
0	hbbb	C:GLN:113:O	C:PHE:117:N
0	hbbb	C:GLY:114:O	C:PHE:117:N
0	hbbb	C:CYS:118:N	C:GLY:114:O
0	hbbb	C:HIS:119:N	C:LEU:115:O
0	hbbb	C:ALA:116:O	C:HIS:119:N
0	hbbb	C:ALA:116:O	C:SER:120:N
0	hbbb	C:HIS:121:N	C:PHE:117:O
0	hbbb	C:CYS:118:O	C:HIS:121:N
0	hbbb	C:ARG:122:N	C:HIS:119:O
0	hbbb	C:CYS:118:O	C:VAL:123:N
0	hbbb	C:ARG:150:O	C:LEU:124:N
0	hbbb	C:ASN:132:N	C:LYS:129:O
0	hbbb	C:LEU:133:N	C:LYS:129:O
0	hbbb	C:LEU:133:N	C:PRO:130:O
0	hbbb	C:LEU:134:N	C:LYS:142:O
0	hbbb	C:GLN:85:O	C:ILE:135:N
0	hbbb	C:ALA:140:O	C:ASN:136:N
0	hbbb	C:ASN:136:O	C:GLY:139:N
0	hbbb	C:LEU:134:O	C:LYS:142:N
0	hbbb	C:ASN:62:O	C:LEU:143:N
0	hbbb	C:ALA:144:N	C:ASN:132:O
0	hbbb	C:ASP:145:O	C:GLY:147:N
0	hbbb	C:ALA:149:N	C:PHE:146:O
0	hbbb	C:ARG:150:N	C:LEU:124:O
0	hbbb	C:ARG:122:O	C:PHE:152:N
0	hbbb	C:LYS:178:O	C:THR:158:N
0	hbbb	C:ARG:169:N	C:LEU:166:O
0	hbbb	C:ALA:170:O	C:ILE:173:N
0	hbbb	C:ALA:170:O	C:LEU:174:N
0	hbbb	C:LEU:174:N	C:PRO:171:O
0	hbbb	C:LEU:175:N	C:PRO:171:O
0	hbbb	C:GLU:172:O	C:LEU:175:N
0	hbbb	C:GLU:172:O	C:GLY:176:N
0	hbbb	C:GLY:176:N	C:ILE:173:O
0	hbbb	C:CYS:177:N	C:GLU:172:O
0	hbbb	C:TYR:180:N	C:VAL:156:O
0	hbbb	C:SER:181:O	C:VAL:184:N
0	hbbb	C:ASP:185:N	C:THR:182:O
0	hbbb	C:ALA:183:O	C:TRP:187:N
0	hbbb	C:SER:188:N	C:VAL:184:O
0	hbbb	C:ASP:185:O	C:SER:188:N
0	hbbb	C:ASP:185:O	C:LEU:189:N
0	hbbb	C:GLY:190:N	C:ILE:186:O
0	hbbb	C:CYS:191:N	C:TRP:187:O
0	hbbb	C:CYS:191:N	C:SER:188:O
0	hbbb	C:ILE:192:N	C:SER:188:O
0	hbbb	C:ILE:192:N	C:LEU:189:O
0	hbbb	C:LEU:189:O	C:PHE:193:N
0	hbbb	C:ALA:194:N	C:GLY:190:O
0	hbbb	C:CYS:191:O	C:GLU:195:N
0	hbbb	C:GLU:195:N	C:ILE:192:O
0	hbbb	C:ILE:192:O	C:MET:196:N
0	hbbb	C:MET:196:N	C:PHE:193:O
0	hbbb	C:PHE:193:O	C:VAL:197:N
0	hbbb	C:ALA:194:O	C:THR:198:N
0	hbbb	C:ARG:199:N	C:GLU:195:O
0	hbbb	C:ARG:200:N	C:THR:198:O
0	hbbb	C:GLY:205:N	C:PHE:203:O
0	hbbb	C:ASP:210:N	C:SER:207:O
0	hbbb	C:GLN:211:N	C:SER:207:O
0	hbbb	C:GLU:208:O	C:LEU:212:N
0	hbbb	C:ILE:209:O	C:PHE:213:N
0	hbbb	C:ARG:214:N	C:ASP:210:O
0	hbbb	C:ARG:214:N	C:GLN:211:O
0	hbbb	C:GLN:211:O	C:ILE:215:N
0	hbbb	C:ILE:215:N	C:LEU:212:O
0	hbbb	C:LEU:212:O	C:PHE:216:N
0	hbbb	C:ARG:217:N	C:PHE:213:O
0	hbbb	C:ILE:215:O	C:THR:218:N
0	hbbb	C:ILE:215:O	C:LEU:219:N
0	hbbb	C:GLY:220:N	C:PHE:216:O
0	hbbb	C:THR:221:N	C:TRP:243:O
0	hbbb	C:ASP:223:O	C:TRP:227:N
0	hbbb	C:TRP:227:O	C:VAL:230:N
0	hbbb	C:GLY:229:O	C:SER:232:N
0	hbbb	C:ASP:235:N	C:LEU:175:O
0	hbbb	C:MET:233:O	C:TYR:236:N
0	hbbb	C:LYS:237:O	C:PHE:240:N
0	hbbb	C:PHE:240:N	C:PRO:238:O
0	hbbb	C:GLN:246:N	C:THR:218:O
0	hbbb	C:ASP:247:O	C:LYS:250:N
0	hbbb	C:ASP:247:O	C:VAL:251:N
0	hbbb	C:PHE:248:O	C:VAL:251:N
0	hbbb	C:PHE:248:O	C:VAL:252:N
0	hbbb	C:LEU:255:N	C:VAL:252:O
0	hbbb	C:ASP:256:O	C:GLY:259:N
0	hbbb	C:ARG:260:N	C:ASP:256:O
0	hbbb	C:GLU:257:O	C:SER:261:N
0	hbbb	C:ASP:258:O	C:LEU:262:N
0	hbbb	C:GLY:259:O	C:LEU:263:N
0	hbbb	C:ARG:260:O	C:SER:264:N
0	hbbb	C:GLN:265:N	C:LEU:262:O
0	hbbb	C:LEU:262:O	C:MET:266:N
0	hbbb	C:LEU:263:O	C:MET:266:N
0	hbbb	C:LEU:263:O	C:LEU:267:N
0	hbbb	C:LEU:267:N	C:SER:264:O
0	hbbb	C:GLN:265:O	C:HIS:268:N
0	hbbb	C:ASP:270:O	C:LYS:273:N
0	hbbb	C:ARG:274:N	C:ASP:270:O
0	hbbb	C:ARG:274:N	C:PRO:271:O
0	hbbb	C:GLN:265:O	C:ILE:275:N
0	hbbb	C:ALA:280:N	C:SER:276:O
0	hbbb	C:LEU:281:N	C:LYS:278:O
0	hbbb	C:ALA:279:O	C:ALA:282:N
0	hbbb	C:ALA:280:O	C:HIS:283:N
0	hbbb	C:HIS:283:O	C:PHE:286:N
0	hbbb	C:GLN:287:N	C:PRO:284:O
0	hlb	C:LEU:83:N	C:T2A:501:N4
0	hlb	C:LEU:83:O	C:T2A:501:N17
