A:ARG:137	I_0.I:1	#2b5bc1
A:PRO:138	I_0.I:2	#2b5bc1
A:LEU:139	I_0.I:3	#2b5bc1
A:GLY:140	gl_1.g:l:4	#2b5bc1
A:LYS:141	gl_1.g:l:5	#2b5bc1
A:GLY:142	gl_1.g:l:6	#2b5bc1
A:LYS:143	gl_1.g:l:7	#2b5bc1
A:PHE:144	gl_1.g:l:8	#2b5bc1
A:GLY:145	gl_1.g:l:9	#2b5bc1
A:ASN:146	II_2.II:10	#2b5bc1
A:VAL:147	II_2.II:11	#2b5bc1
A:TYR:148	II_2.II:12	#2b5bc1
A:LEU:149	II_2.II:13	#2b5bc1
A:LEU:159	III_3.III:14	#2b5bc1
A:ALA:160	III_3.III:15	#2b5bc1
A:LEU:161	III_3.III:16	#2b5bc1
A:LYS:162	III_3.III:17	#2b5bc1
A:VAL:163	III_3.III:18	#2b5bc1
A:LEU:164	III_3.III:19	#2b5bc1
A:GLN:177	_C_4._C:20	#2b5bc1
A:LEU:178	_C_4._C:21	#2b5bc1
A:ARG:179	_C_4._C:22	#2b5bc1
A:ARG:180	_C_4._C:23	#2b5bc1
A:GLU:181	_C_4._C:24	#2b5bc1
A:VAL:182	_C_4._C:25	#2b5bc1
A:GLU:183	_C_4._C:26	#2b5bc1
A:ILE:184	_C_4._C:27	#2b5bc1
A:GLN:185	_C_4._C:28	#2b5bc1
A:SER:186	_C_4._C:29	#2b5bc1
A:HIS:187	_C_4._C:30	#2b5bc1
A:LEU:188	bl_5.b:l:31	#2b5bc1
A:ARG:189	bl_5.b:l:32	#2b5bc1
A:PRO:191	bl_5.b:l:33	#2b5bc1
A:ASN:192	bl_5.b:l:34	#2b5bc1
A:ILE:193	bl_5.b:l:35	#2b5bc1
A:LEU:194	bl_5.b:l:36	#2b5bc1
A:ARG:195	bl_5.b:l:37	#2b5bc1
A:LEU:196	IV_6.IV:38	#2b5bc1
A:TYR:197	IV_6.IV:39	#2b5bc1
A:GLY:198	IV_6.IV:40	#2b5bc1
A:TYR:199	IV_6.IV:41	#2b5bc1
A:TYR:207	V_7.V:42	#2b5bc1
A:LEU:208	V_7.V:43	#2b5bc1
A:ILE:209	V_7.V:44	#2b5bc1
A:LEU:210	GK_8.GK:45	#2b5bc1
A:GLU:211	hinge_9.hinge:46	#2b5bc1
A:TYR:212	hinge_9.hinge:47	#2b5bc1
A:ALA:213	hinge_9.hinge:48	#2b5bc1
A:PRO:214	linker_10.linker:49	#2b5bc1
A:LEU:215	linker_10.linker:50	#2b5bc1
A:GLY:216	linker_10.linker:51	#2b5bc1
A:THR:217	linker_10.linker:52	#2b5bc1
A:VAL:218	_D_11._D:53	#2b5bc1
A:TYR:219	_D_11._D:54	#2b5bc1
A:ARG:220	_D_11._D:55	#2b5bc1
A:GLU:221	_D_11._D:56	#2b5bc1
A:LEU:222	_D_11._D:57	#2b5bc1
A:GLN:223	_D_11._D:58	#2b5bc1
A:LYS:224	_D_11._D:59	#2b5bc1
A:TYR:246	_E_12._E:60	#2b5bc1
A:CYS:247	_E_12._E:61	#2b5bc1
A:HIS:248	_E_12._E:62	#2b5bc1
A:SER:249	_E_12._E:63	#2b5bc1
A:LYS:250	_E_12._E:64	#2b5bc1
A:ARG:251	VI_13.VI:65	#2b5bc1
A:VAL:252	VI_13.VI:66	#2b5bc1
A:ILE:253	VI_13.VI:67	#2b5bc1
A:HIS:254	cl_14.c:l:68	#2b5bc1
A:ARG:255	cl_14.c:l:69	#2b5bc1
A:ASP:256	cl_14.c:l:70	#2b5bc1
A:ILE:257	cl_14.c:l:71	#2b5bc1
A:LYS:258	cl_14.c:l:72	#2b5bc1
A:PRO:259	cl_14.c:l:73	#2b5bc1
A:GLU:260	cl_14.c:l:74	#2b5bc1
A:ASN:261	cl_14.c:l:75	#2b5bc1
A:LEU:262	VII_15.VII:76	#2b5bc1
A:LEU:263	VII_15.VII:77	#2b5bc1
A:LEU:264	VII_15.VII:78	#2b5bc1
A:ILE:272	VIII_16.VIII:79	#2b5bc1
A:ALA:273	xDFG_17.xDFG:80	#2b5bc1
A:ASP:274	xDFG_17.xDFG:81	#2b5bc1
A:PHE:275	xDFG_17.xDFG:82	#2b5bc1
A:GLY:276	xDFG_17.xDFG:83	#2b5bc1
A:TRP:277	al_18.a:l:84	#2b5bc1
A:SER:278	al_18.a:l:85	#2b5bc1
