A:SER:1028	I_0.I:1	#2b5bc1
A:PRO:1029	I_0.I:2	#2b5bc1
A:VAL:1030	I_0.I:3	#2b5bc1
A:GLY:1031	gl_1.g:l:4	#2b5bc1
A:SER:1032	gl_1.g:l:5	#2b5bc1
A:GLY:1033	gl_1.g:l:6	#2b5bc1
A:ALA:1034	gl_1.g:l:7	#2b5bc1
A:TYR:1035	gl_1.g:l:8	#2b5bc1
A:GLY:1036	gl_1.g:l:9	#2b5bc1
A:SER:1037	II_2.II:10	#2b5bc1
A:VAL:1038	II_2.II:11	#2b5bc1
A:CYS:1039	II_2.II:12	#2b5bc1
A:ALA:1040	II_2.II:13	#2b5bc1
A:VAL:1050	III_3.III:14	#2b5bc1
A:ALA:1051	III_3.III:15	#2b5bc1
A:VAL:1052	III_3.III:16	#2b5bc1
A:LYS:1053	III_3.III:17	#2b5bc1
A:LYS:1054	III_3.III:18	#2b5bc1
A:LEU:1055	III_3.III:19	#2b5bc1
A:ARG:1067	_C_4._C:20	#2b5bc1
A:THR:1068	_C_4._C:21	#2b5bc1
A:TYR:1069	_C_4._C:22	#2b5bc1
A:ARG:1070	_C_4._C:23	#2b5bc1
A:GLU:1071	_C_4._C:24	#2b5bc1
A:LEU:1072	_C_4._C:25	#2b5bc1
A:ARG:1073	_C_4._C:26	#2b5bc1
A:LEU:1074	_C_4._C:27	#2b5bc1
A:LEU:1075	_C_4._C:28	#2b5bc1
A:LYS:1076	_C_4._C:29	#2b5bc1
A:HIS:1077	_C_4._C:30	#2b5bc1
A:MET:1078	bl_5.b:l:31	#2b5bc1
A:LYS:1079	bl_5.b:l:32	#2b5bc1
A:GLU:1081	bl_5.b:l:33	#2b5bc1
A:ASN:1082	bl_5.b:l:34	#2b5bc1
A:VAL:1083	bl_5.b:l:35	#2b5bc1
A:ILE:1084	bl_5.b:l:36	#2b5bc1
A:GLY:1085	bl_5.b:l:37	#2b5bc1
A:LEU:1086	IV_6.IV:38	#2b5bc1
A:LEU:1087	IV_6.IV:39	#2b5bc1
A:ASP:1088	IV_6.IV:40	#2b5bc1
A:VAL:1089	IV_6.IV:41	#2b5bc1
A:TYR:1103	V_7.V:42	#2b5bc1
A:LEU:1104	V_7.V:43	#2b5bc1
A:VAL:1105	V_7.V:44	#2b5bc1
A:THR:1106	GK_8.GK:45	#2b5bc1
A:HIS:1107	hinge_9.hinge:46	#2b5bc1
A:LEU:1108	hinge_9.hinge:47	#2b5bc1
A:MET:1109	hinge_9.hinge:48	#2b5bc1
A:GLY:1110	linker_10.linker:49	#2b5bc1
A:ALA:1111	linker_10.linker:51	#2b5bc1
A:ASP:1112	linker_10.linker:52	#2b5bc1
A:LEU:1113	_D_11._D:53	#2b5bc1
A:ASN:1114	_D_11._D:54	#2b5bc1
A:ASN:1115	_D_11._D:55	#2b5bc1
A:ILE:1116	_D_11._D:56	#2b5bc1
A:VAL:1117	_D_11._D:57	#2b5bc1
A:LYS:1118	_D_11._D:58	#2b5bc1
A:CYS:1119	_D_11._D:59	#2b5bc1
A:TYR:1140	_E_12._E:60	#2b5bc1
A:ILE:1141	_E_12._E:61	#2b5bc1
A:HIS:1142	_E_12._E:62	#2b5bc1
A:SER:1143	_E_12._E:63	#2b5bc1
A:ALA:1144	_E_12._E:64	#2b5bc1
A:ASP:1145	VI_13.VI:65	#2b5bc1
A:ILE:1146	VI_13.VI:66	#2b5bc1
A:ILE:1147	VI_13.VI:67	#2b5bc1
A:HIS:1148	cl_14.c:l:68	#2b5bc1
A:ARG:1149	cl_14.c:l:69	#2b5bc1
A:ASP:1150	cl_14.c:l:70	#2b5bc1
A:LEU:1151	cl_14.c:l:71	#2b5bc1
A:LYS:1152	cl_14.c:l:72	#2b5bc1
A:PRO:1153	cl_14.c:l:73	#2b5bc1
A:SER:1154	cl_14.c:l:74	#2b5bc1
A:ASN:1155	cl_14.c:l:75	#2b5bc1
A:LEU:1156	VII_15.VII:76	#2b5bc1
A:ALA:1157	VII_15.VII:77	#2b5bc1
A:VAL:1158	VII_15.VII:78	#2b5bc1
A:ILE:1166	VIII_16.VIII:79	#2b5bc1
A:LEU:1167	xDFG_17.xDFG:80	#2b5bc1
A:ASP:1168	xDFG_17.xDFG:81	#2b5bc1
A:PHE:1169	xDFG_17.xDFG:82	#2b5bc1
A:GLY:1170	xDFG_17.xDFG:83	#2b5bc1
A:ALA:1172	al_18.a:l:85	#2b5bc1
