B:HIS:246	I_0.I:1	#2b5bc1
B:LYS:247	I_0.I:2	#2b5bc1
B:LEU:248	I_0.I:3	#2b5bc1
B:GLU:255	II_2.II:10	#2b5bc1
B:VAL:256	II_2.II:11	#2b5bc1
B:TYR:257	II_2.II:12	#2b5bc1
B:GLU:258	II_2.II:13	#2b5bc1
B:VAL:268	III_3.III:14	#2b5bc1
B:ALA:269	III_3.III:15	#2b5bc1
B:VAL:270	III_3.III:16	#2b5bc1
B:LYS:271	III_3.III:17	#2b5bc1
B:THR:272	III_3.III:18	#2b5bc1
B:LEU:273	III_3.III:19	#2b5bc1
B:GLU:282	_C_4._C:20	#2b5bc1
B:PHE:283	_C_4._C:21	#2b5bc1
B:LEU:284	_C_4._C:22	#2b5bc1
B:LYS:285	_C_4._C:23	#2b5bc1
B:GLU:286	_C_4._C:24	#2b5bc1
B:ALA:287	_C_4._C:25	#2b5bc1
B:ALA:288	_C_4._C:26	#2b5bc1
B:VAL:289	_C_4._C:27	#2b5bc1
B:MET:290	_C_4._C:28	#2b5bc1
B:LYS:291	_C_4._C:29	#2b5bc1
B:GLU:292	_C_4._C:30	#2b5bc1
B:ILE:293	bl_5.b:l:31	#2b5bc1
B:LYS:294	bl_5.b:l:32	#2b5bc1
B:PRO:296	bl_5.b:l:33	#2b5bc1
B:ASN:297	bl_5.b:l:34	#2b5bc1
B:LEU:298	bl_5.b:l:35	#2b5bc1
B:VAL:299	bl_5.b:l:36	#2b5bc1
B:GLN:300	bl_5.b:l:37	#2b5bc1
B:LEU:301	IV_6.IV:38	#2b5bc1
B:LEU:302	IV_6.IV:39	#2b5bc1
B:GLY:303	IV_6.IV:40	#2b5bc1
B:VAL:304	IV_6.IV:41	#2b5bc1
B:TYR:312	V_7.V:42	#2b5bc1
B:ILE:313	V_7.V:43	#2b5bc1
B:ILE:314	V_7.V:44	#2b5bc1
B:THR:315	GK_8.GK:45	#2b5bc1
B:GLU:316	hinge_9.hinge:46	#2b5bc1
B:PHE:317	hinge_9.hinge:47	#2b5bc1
B:MET:318	hinge_9.hinge:48	#2b5bc1
B:THR:319	linker_10.linker:49	#2b5bc1
B:TYR:320	linker_10.linker:50	#2b5bc1
B:GLY:321	linker_10.linker:51	#2b5bc1
B:ASN:322	linker_10.linker:52	#2b5bc1
B:LEU:323	_D_11._D:53	#2b5bc1
B:LEU:324	_D_11._D:54	#2b5bc1
B:ASP:325	_D_11._D:55	#2b5bc1
B:TYR:326	_D_11._D:56	#2b5bc1
B:LEU:327	_D_11._D:57	#2b5bc1
B:ARG:328	_D_11._D:58	#2b5bc1
B:GLU:329	_D_11._D:59	#2b5bc1
B:TYR:353	_E_12._E:60	#2b5bc1
B:LEU:354	_E_12._E:61	#2b5bc1
B:GLU:355	_E_12._E:62	#2b5bc1
B:LYS:356	_E_12._E:63	#2b5bc1
B:LYS:357	_E_12._E:64	#2b5bc1
B:ASN:358	VI_13.VI:65	#2b5bc1
B:PHE:359	VI_13.VI:66	#2b5bc1
B:ILE:360	VI_13.VI:67	#2b5bc1
B:HIS:361	cl_14.c:l:68	#2b5bc1
B:ARG:362	cl_14.c:l:69	#2b5bc1
B:ASP:363	cl_14.c:l:70	#2b5bc1
B:LEU:364	cl_14.c:l:71	#2b5bc1
B:ALA:365	cl_14.c:l:72	#2b5bc1
B:ALA:366	cl_14.c:l:73	#2b5bc1
B:ARG:367	cl_14.c:l:74	#2b5bc1
B:ASN:368	cl_14.c:l:75	#2b5bc1
B:CYS:369	VII_15.VII:76	#2b5bc1
B:LEU:370	VII_15.VII:77	#2b5bc1
B:VAL:371	VII_15.VII:78	#2b5bc1
B:VAL:379	VIII_16.VIII:79	#2b5bc1
B:ALA:380	xDFG_17.xDFG:80	#2b5bc1
B:ASP:381	xDFG_17.xDFG:81	#2b5bc1
B:PHE:382	xDFG_17.xDFG:82	#2b5bc1
B:GLY:383	xDFG_17.xDFG:83	#2b5bc1
B:LEU:384	al_18.a:l:84	#2b5bc1
