A:GLU:249	I_0.I:1	#2b5bc1
A:ARG:250	I_0.I:2	#2b5bc1
A:LEU:251	I_0.I:3	#2b5bc1
A:GLY:252	gl_1.g:l:4	#2b5bc1
A:ALA:253	gl_1.g:l:5	#2b5bc1
A:GLY:254	gl_1.g:l:6	#2b5bc1
A:GLN:255	gl_1.g:l:7	#2b5bc1
A:PHE:256	gl_1.g:l:8	#2b5bc1
A:GLY:257	gl_1.g:l:9	#2b5bc1
A:GLU:258	II_2.II:10	#2b5bc1
A:VAL:259	II_2.II:11	#2b5bc1
A:TRP:260	II_2.II:12	#2b5bc1
A:MET:261	II_2.II:13	#2b5bc1
A:VAL:270	III_3.III:14	#2b5bc1
A:ALA:271	III_3.III:15	#2b5bc1
A:VAL:272	III_3.III:16	#2b5bc1
A:LYS:273	III_3.III:17	#2b5bc1
A:SER:274	III_3.III:18	#2b5bc1
A:LEU:275	III_3.III:19	#2b5bc1
A:ALA:284	_C_4._C:20	#2b5bc1
A:PHE:285	_C_4._C:21	#2b5bc1
A:LEU:286	_C_4._C:22	#2b5bc1
A:ALA:287	_C_4._C:23	#2b5bc1
A:GLU:288	_C_4._C:24	#2b5bc1
A:ALA:289	_C_4._C:25	#2b5bc1
A:ASN:290	_C_4._C:26	#2b5bc1
A:LEU:291	_C_4._C:27	#2b5bc1
A:MET:292	_C_4._C:28	#2b5bc1
A:LYS:293	_C_4._C:29	#2b5bc1
A:GLN:294	_C_4._C:30	#2b5bc1
A:LEU:295	bl_5.b:l:31	#2b5bc1
A:GLN:296	bl_5.b:l:32	#2b5bc1
A:GLN:298	bl_5.b:l:33	#2b5bc1
A:ARG:299	bl_5.b:l:34	#2b5bc1
A:LEU:300	bl_5.b:l:35	#2b5bc1
A:VAL:301	bl_5.b:l:36	#2b5bc1
A:ARG:302	bl_5.b:l:37	#2b5bc1
A:LEU:303	IV_6.IV:38	#2b5bc1
A:TYR:304	IV_6.IV:39	#2b5bc1
A:ALA:305	IV_6.IV:40	#2b5bc1
A:VAL:306	IV_6.IV:41	#2b5bc1
A:TYR:313	V_7.V:42	#2b5bc1
A:ILE:314	V_7.V:43	#2b5bc1
A:ILE:315	V_7.V:44	#2b5bc1
A:THR:316	GK_8.GK:45	#2b5bc1
A:GLU:317	hinge_9.hinge:46	#2b5bc1
A:TYR:318	hinge_9.hinge:47	#2b5bc1
A:MET:319	hinge_9.hinge:48	#2b5bc1
A:GLU:320	linker_10.linker:49	#2b5bc1
A:ASN:321	linker_10.linker:50	#2b5bc1
A:GLY:322	linker_10.linker:51	#2b5bc1
A:SER:323	linker_10.linker:52	#2b5bc1
A:LEU:324	_D_11._D:53	#2b5bc1
A:VAL:325	_D_11._D:54	#2b5bc1
A:ASP:326	_D_11._D:55	#2b5bc1
A:PHE:327	_D_11._D:56	#2b5bc1
A:LEU:328	_D_11._D:57	#2b5bc1
A:LYS:329	_D_11._D:58	#2b5bc1
A:THR:330	_D_11._D:59	#2b5bc1
A:PHE:354	_E_12._E:60	#2b5bc1
A:ILE:355	_E_12._E:61	#2b5bc1
A:GLU:356	_E_12._E:62	#2b5bc1
A:GLU:357	_E_12._E:63	#2b5bc1
A:ARG:358	_E_12._E:64	#2b5bc1
A:ASN:359	VI_13.VI:65	#2b5bc1
A:TYR:360	VI_13.VI:66	#2b5bc1
A:ILE:361	VI_13.VI:67	#2b5bc1
A:HIS:362	cl_14.c:l:68	#2b5bc1
A:ARG:363	cl_14.c:l:69	#2b5bc1
A:ASP:364	cl_14.c:l:70	#2b5bc1
A:LEU:365	cl_14.c:l:71	#2b5bc1
A:ARG:366	cl_14.c:l:72	#2b5bc1
A:ALA:367	cl_14.c:l:73	#2b5bc1
A:ALA:368	cl_14.c:l:74	#2b5bc1
A:ASN:369	cl_14.c:l:75	#2b5bc1
A:ILE:370	VII_15.VII:76	#2b5bc1
A:LEU:371	VII_15.VII:77	#2b5bc1
A:VAL:372	VII_15.VII:78	#2b5bc1
A:ILE:380	VIII_16.VIII:79	#2b5bc1
A:ALA:381	xDFG_17.xDFG:80	#2b5bc1
A:ASP:382	xDFG_17.xDFG:81	#2b5bc1
A:PHE:383	xDFG_17.xDFG:82	#2b5bc1
A:GLY:384	xDFG_17.xDFG:83	#2b5bc1
A:LEU:385	al_18.a:l:84	#2b5bc1
A:ALA:386	al_18.a:l:85	#2b5bc1
A:KSR:1	Ligand
