C:GLU:21	I_0.I:1	#2b5bc1
C:VAL:22	I_0.I:2	#2b5bc1
C:ILE:23	I_0.I:3	#2b5bc1
C:GLY:24	gl_1.g:l:4	#2b5bc1
C:SER:25	gl_1.g:l:5	#2b5bc1
C:GLY:26	gl_1.g:l:6	#2b5bc1
C:ALA:27	gl_1.g:l:7	#2b5bc1
C:THR:28	gl_1.g:l:8	#2b5bc1
C:ALA:29	gl_1.g:l:9	#2b5bc1
C:VAL:30	II_2.II:10	#2b5bc1
C:VAL:31	II_2.II:11	#2b5bc1
C:GLN:32	II_2.II:12	#2b5bc1
C:ALA:33	II_2.II:13	#2b5bc1
C:VAL:43	III_3.III:14	#2b5bc1
C:ALA:44	III_3.III:15	#2b5bc1
C:ILE:45	III_3.III:16	#2b5bc1
C:LYS:46	III_3.III:17	#2b5bc1
C:ARG:47	III_3.III:18	#2b5bc1
C:ILE:48	III_3.III:19	#2b5bc1
C:GLU:59	_C_4._C:20	#2b5bc1
C:LEU:60	_C_4._C:21	#2b5bc1
C:LEU:61	_C_4._C:22	#2b5bc1
C:LYS:62	_C_4._C:23	#2b5bc1
C:GLU:63	_C_4._C:24	#2b5bc1
C:ILE:64	_C_4._C:25	#2b5bc1
C:GLN:65	_C_4._C:26	#2b5bc1
C:ALA:66	_C_4._C:27	#2b5bc1
C:MET:67	_C_4._C:28	#2b5bc1
C:SER:68	_C_4._C:29	#2b5bc1
C:GLN:69	_C_4._C:30	#2b5bc1
C:CYS:70	bl_5.b:l:31	#2b5bc1
C:HIS:71	bl_5.b:l:32	#2b5bc1
C:PRO:73	bl_5.b:l:33	#2b5bc1
C:ASN:74	bl_5.b:l:34	#2b5bc1
C:ILE:75	bl_5.b:l:35	#2b5bc1
C:VAL:76	bl_5.b:l:36	#2b5bc1
C:SER:77	bl_5.b:l:37	#2b5bc1
C:TYR:78	IV_6.IV:38	#2b5bc1
C:TYR:79	IV_6.IV:39	#2b5bc1
C:THR:80	IV_6.IV:40	#2b5bc1
C:SER:81	IV_6.IV:41	#2b5bc1
C:TRP:89	V_7.V:42	#2b5bc1
C:LEU:90	V_7.V:43	#2b5bc1
C:VAL:91	V_7.V:44	#2b5bc1
C:MET:92	GK_8.GK:45	#2b5bc1
C:LYS:93	hinge_9.hinge:46	#2b5bc1
C:LEU:94	hinge_9.hinge:47	#2b5bc1
C:LEU:95	hinge_9.hinge:48	#2b5bc1
C:SER:96	linker_10.linker:49	#2b5bc1
C:GLY:97	linker_10.linker:50	#2b5bc1
C:GLY:98	linker_10.linker:51	#2b5bc1
C:SER:99	linker_10.linker:52	#2b5bc1
C:VAL:100	_D_11._D:53	#2b5bc1
C:LEU:101	_D_11._D:54	#2b5bc1
C:ASP:102	_D_11._D:55	#2b5bc1
C:ILE:103	_D_11._D:56	#2b5bc1
C:ILE:104	_D_11._D:57	#2b5bc1
C:LYS:105	_D_11._D:58	#2b5bc1
C:HIS:106	_D_11._D:59	#2b5bc1
C:TYR:136	_E_12._E:60	#2b5bc1
C:LEU:137	_E_12._E:61	#2b5bc1
C:HIS:138	_E_12._E:62	#2b5bc1
C:LYS:139	_E_12._E:63	#2b5bc1
C:ASN:140	_E_12._E:64	#2b5bc1
C:GLY:141	VI_13.VI:65	#2b5bc1
C:GLN:142	VI_13.VI:66	#2b5bc1
C:ILE:143	VI_13.VI:67	#2b5bc1
C:HIS:144	cl_14.c:l:68	#2b5bc1
C:ARG:145	cl_14.c:l:69	#2b5bc1
C:ASP:146	cl_14.c:l:70	#2b5bc1
C:VAL:147	cl_14.c:l:71	#2b5bc1
C:LYS:148	cl_14.c:l:72	#2b5bc1
C:ALA:149	cl_14.c:l:73	#2b5bc1
C:GLY:150	cl_14.c:l:74	#2b5bc1
C:ASN:151	cl_14.c:l:75	#2b5bc1
C:ILE:152	VII_15.VII:76	#2b5bc1
C:LEU:153	VII_15.VII:77	#2b5bc1
C:LEU:154	VII_15.VII:78	#2b5bc1
C:ILE:162	VIII_16.VIII:79	#2b5bc1
C:ALA:163	xDFG_17.xDFG:80	#2b5bc1
C:ASP:164	xDFG_17.xDFG:81	#2b5bc1
C:PHE:165	xDFG_17.xDFG:82	#2b5bc1
C:GLY:166	xDFG_17.xDFG:83	#2b5bc1
C:VAL:167	al_18.a:l:84	#2b5bc1
C:SER:168	al_18.a:l:85	#2b5bc1
C:ANP:1	Ligand
