A:ASP:828	I_0.I:1	#2b5bc1
A:VAL:829	I_0.I:2	#2b5bc1
A:ILE:830	I_0.I:3	#2b5bc1
A:GLY:831	gl_1.g:l:4	#2b5bc1
A:GLU:832	gl_1.g:l:5	#2b5bc1
A:GLY:833	gl_1.g:l:6	#2b5bc1
A:ASN:834	gl_1.g:l:7	#2b5bc1
A:PHE:835	gl_1.g:l:8	#2b5bc1
A:GLY:836	gl_1.g:l:9	#2b5bc1
A:GLN:837	II_2.II:10	#2b5bc1
A:VAL:838	II_2.II:11	#2b5bc1
A:LEU:839	II_2.II:12	#2b5bc1
A:LYS:840	II_2.II:13	#2b5bc1
A:ALA:852	III_3.III:14	#2b5bc1
A:ALA:853	III_3.III:15	#2b5bc1
A:ILE:854	III_3.III:16	#2b5bc1
A:LYS:855	III_3.III:17	#2b5bc1
A:ARG:856	III_3.III:18	#2b5bc1
A:MET:857	III_3.III:19	#2b5bc1
A:PHE:869	_C_4._C:21	#2b5bc1
A:ALA:870	_C_4._C:22	#2b5bc1
A:GLY:871	_C_4._C:23	#2b5bc1
A:GLU:872	_C_4._C:24	#2b5bc1
A:LEU:873	_C_4._C:25	#2b5bc1
A:GLU:874	_C_4._C:26	#2b5bc1
A:VAL:875	_C_4._C:27	#2b5bc1
A:LEU:876	_C_4._C:28	#2b5bc1
A:CYS:877	_C_4._C:29	#2b5bc1
A:LYS:878	_C_4._C:30	#2b5bc1
A:LEU:879	bl_5.b:l:31	#2b5bc1
A:GLY:880	bl_5.b:l:32	#2b5bc1
A:PRO:883	bl_5.b:l:33	#2b5bc1
A:ASN:884	bl_5.b:l:34	#2b5bc1
A:ILE:885	bl_5.b:l:35	#2b5bc1
A:ILE:886	bl_5.b:l:36	#2b5bc1
A:ASN:887	bl_5.b:l:37	#2b5bc1
A:LEU:888	IV_6.IV:38	#2b5bc1
A:LEU:889	IV_6.IV:39	#2b5bc1
A:GLY:890	IV_6.IV:40	#2b5bc1
A:ALA:891	IV_6.IV:41	#2b5bc1
A:TYR:899	V_7.V:42	#2b5bc1
A:LEU:900	V_7.V:43	#2b5bc1
A:ALA:901	V_7.V:44	#2b5bc1
A:ILE:902	GK_8.GK:45	#2b5bc1
A:GLU:903	hinge_9.hinge:46	#2b5bc1
A:TYR:904	hinge_9.hinge:47	#2b5bc1
A:ALA:905	hinge_9.hinge:48	#2b5bc1
A:PRO:906	linker_10.linker:49	#2b5bc1
A:HIS:907	linker_10.linker:50	#2b5bc1
A:GLY:908	linker_10.linker:51	#2b5bc1
A:ASN:909	linker_10.linker:52	#2b5bc1
A:LEU:910	_D_11._D:53	#2b5bc1
A:LEU:911	_D_11._D:54	#2b5bc1
A:ASP:912	_D_11._D:55	#2b5bc1
A:PHE:913	_D_11._D:56	#2b5bc1
A:LEU:914	_D_11._D:57	#2b5bc1
A:ARG:915	_D_11._D:58	#2b5bc1
A:LYS:916	_D_11._D:59	#2b5bc1
A:TYR:954	_E_12._E:60	#2b5bc1
A:LEU:955	_E_12._E:61	#2b5bc1
A:SER:956	_E_12._E:62	#2b5bc1
A:GLN:957	_E_12._E:63	#2b5bc1
A:LYS:958	_E_12._E:64	#2b5bc1
A:GLN:959	VI_13.VI:65	#2b5bc1
A:PHE:960	VI_13.VI:66	#2b5bc1
A:ILE:961	VI_13.VI:67	#2b5bc1
A:HIS:962	cl_14.c:l:68	#2b5bc1
A:ARG:963	cl_14.c:l:69	#2b5bc1
A:ASP:964	cl_14.c:l:70	#2b5bc1
A:LEU:965	cl_14.c:l:71	#2b5bc1
A:ALA:966	cl_14.c:l:72	#2b5bc1
A:ALA:967	cl_14.c:l:73	#2b5bc1
A:ARG:968	cl_14.c:l:74	#2b5bc1
A:ASN:969	cl_14.c:l:75	#2b5bc1
A:ILE:970	VII_15.VII:76	#2b5bc1
A:LEU:971	VII_15.VII:77	#2b5bc1
A:VAL:972	VII_15.VII:78	#2b5bc1
A:ILE:980	VIII_16.VIII:79	#2b5bc1
A:ALA:981	xDFG_17.xDFG:80	#2b5bc1
A:ASP:982	xDFG_17.xDFG:81	#2b5bc1
A:PHE:983	xDFG_17.xDFG:82	#2b5bc1
A:GLY:984	xDFG_17.xDFG:83	#2b5bc1
A:LEU:985	al_18.a:l:84	#2b5bc1
A:SER:986	al_18.a:l:85	#2b5bc1
