A:GLU:1082	I_0.I:1	#2b5bc1
A:VAL:1083	I_0.I:2	#2b5bc1
A:ILE:1084	I_0.I:3	#2b5bc1
A:GLY:1085	gl_1.g:l:4	#2b5bc1
A:ARG:1086	gl_1.g:l:5	#2b5bc1
A:GLY:1087	gl_1.g:l:6	#2b5bc1
A:HIS:1088	gl_1.g:l:7	#2b5bc1
A:PHE:1089	gl_1.g:l:8	#2b5bc1
A:GLY:1090	gl_1.g:l:9	#2b5bc1
A:CYS:1091	II_2.II:10	#2b5bc1
A:VAL:1092	II_2.II:11	#2b5bc1
A:TYR:1093	II_2.II:12	#2b5bc1
A:HIS:1094	II_2.II:13	#2b5bc1
A:CYS:1107	III_3.III:14	#2b5bc1
A:ALA:1108	III_3.III:15	#2b5bc1
A:VAL:1109	III_3.III:16	#2b5bc1
A:LYS:1110	III_3.III:17	#2b5bc1
A:SER:1111	III_3.III:18	#2b5bc1
A:LEU:1112	III_3.III:19	#2b5bc1
A:GLN:1123	_C_4._C:20	#2b5bc1
A:PHE:1124	_C_4._C:21	#2b5bc1
A:LEU:1125	_C_4._C:22	#2b5bc1
A:THR:1126	_C_4._C:23	#2b5bc1
A:GLU:1127	_C_4._C:24	#2b5bc1
A:GLY:1128	_C_4._C:25	#2b5bc1
A:ILE:1129	_C_4._C:26	#2b5bc1
A:ILE:1130	_C_4._C:27	#2b5bc1
A:MET:1131	_C_4._C:28	#2b5bc1
A:LYS:1132	_C_4._C:29	#2b5bc1
A:ASP:1133	_C_4._C:30	#2b5bc1
A:PHE:1134	bl_5.b:l:31	#2b5bc1
A:SER:1135	bl_5.b:l:32	#2b5bc1
A:PRO:1137	bl_5.b:l:33	#2b5bc1
A:ASN:1138	bl_5.b:l:34	#2b5bc1
A:VAL:1139	bl_5.b:l:35	#2b5bc1
A:LEU:1140	bl_5.b:l:36	#2b5bc1
A:SER:1141	bl_5.b:l:37	#2b5bc1
A:LEU:1142	IV_6.IV:38	#2b5bc1
A:LEU:1143	IV_6.IV:39	#2b5bc1
A:GLY:1144	IV_6.IV:40	#2b5bc1
A:ILE:1145	IV_6.IV:41	#2b5bc1
A:LEU:1154	V_7.V:42	#2b5bc1
A:VAL:1155	V_7.V:43	#2b5bc1
A:VAL:1156	V_7.V:44	#2b5bc1
A:LEU:1157	GK_8.GK:45	#2b5bc1
A:PRO:1158	hinge_9.hinge:46	#2b5bc1
A:TYR:1159	hinge_9.hinge:47	#2b5bc1
A:MET:1160	hinge_9.hinge:48	#2b5bc1
A:LYS:1161	linker_10.linker:49	#2b5bc1
A:HIS:1162	linker_10.linker:50	#2b5bc1
A:GLY:1163	linker_10.linker:51	#2b5bc1
A:ASP:1164	linker_10.linker:52	#2b5bc1
A:LEU:1165	_D_11._D:53	#2b5bc1
A:ARG:1166	_D_11._D:54	#2b5bc1
A:ASN:1167	_D_11._D:55	#2b5bc1
A:PHE:1168	_D_11._D:56	#2b5bc1
A:ILE:1169	_D_11._D:57	#2b5bc1
A:ARG:1170	_D_11._D:58	#2b5bc1
A:ASN:1171	_D_11._D:59	#2b5bc1
A:TYR:1194	_E_12._E:60	#2b5bc1
A:LEU:1195	_E_12._E:61	#2b5bc1
A:ALA:1196	_E_12._E:62	#2b5bc1
A:SER:1197	_E_12._E:63	#2b5bc1
A:LYS:1198	_E_12._E:64	#2b5bc1
A:LYS:1199	VI_13.VI:65	#2b5bc1
A:PHE:1200	VI_13.VI:66	#2b5bc1
A:VAL:1201	VI_13.VI:67	#2b5bc1
A:HIS:1202	cl_14.c:l:68	#2b5bc1
A:ARG:1203	cl_14.c:l:69	#2b5bc1
A:ASP:1204	cl_14.c:l:70	#2b5bc1
A:LEU:1205	cl_14.c:l:71	#2b5bc1
A:ALA:1206	cl_14.c:l:72	#2b5bc1
A:ALA:1207	cl_14.c:l:73	#2b5bc1
A:ARG:1208	cl_14.c:l:74	#2b5bc1
A:ASN:1209	cl_14.c:l:75	#2b5bc1
A:CYS:1210	VII_15.VII:76	#2b5bc1
A:MET:1211	VII_15.VII:77	#2b5bc1
A:LEU:1212	VII_15.VII:78	#2b5bc1
A:VAL:1220	VIII_16.VIII:79	#2b5bc1
A:ALA:1221	xDFG_17.xDFG:80	#2b5bc1
A:ASP:1222	xDFG_17.xDFG:81	#2b5bc1
A:PHE:1223	xDFG_17.xDFG:82	#2b5bc1
A:GLY:1224	xDFG_17.xDFG:83	#2b5bc1
A:AME:1047	Ligand
