A:CYS:801	I_0.I:1	#2b5bc1
A:LYS:802	I_0.I:2	#2b5bc1
A:VAL:803	I_0.I:3	#2b5bc1
A:MET:804	gl_1.g:l:4	#2b5bc1
A:ALA:805	gl_1.g:l:5	#2b5bc1
A:SER:806	gl_1.g:l:6	#2b5bc1
A:LYS:807	gl_1.g:l:7	#2b5bc1
A:LYS:808	gl_1.g:l:8	#2b5bc1
A:LYS:809	gl_1.g:l:9	#2b5bc1
A:PRO:810	II_2.II:10	#2b5bc1
A:LEU:811	II_2.II:11	#2b5bc1
A:TRP:812	II_2.II:12	#2b5bc1
A:LEU:813	II_2.II:13	#2b5bc1
A:ILE:830	III_3.III:14	#2b5bc1
A:ILE:831	III_3.III:15	#2b5bc1
A:PHE:832	III_3.III:16	#2b5bc1
A:LYS:833	III_3.III:17	#2b5bc1
A:HIS:834	III_3.III:18	#2b5bc1
A:GLY:835	III_3.III:19	#2b5bc1
A:ASP:837	_C_4._C:20	#2b5bc1
A:LEU:838	_C_4._C:21	#2b5bc1
A:ARG:839	_C_4._C:22	#2b5bc1
A:GLN:840	_C_4._C:23	#2b5bc1
A:ASP:841	_C_4._C:24	#2b5bc1
A:MET:842	_C_4._C:25	#2b5bc1
A:LEU:843	_C_4._C:26	#2b5bc1
A:ILE:844	_C_4._C:27	#2b5bc1
A:LEU:845	_C_4._C:28	#2b5bc1
A:GLN:846	_C_4._C:29	#2b5bc1
A:ILE:847	_C_4._C:30	#2b5bc1
A:LEU:848	bl_5.b:l:31	#2b5bc1
A:ARG:849	bl_5.b:l:32	#2b5bc1
A:LEU:862	bl_5.b:l:33	#2b5bc1
A:CYS:863	bl_5.b:l:34	#2b5bc1
A:LEU:864	bl_5.b:l:35	#2b5bc1
A:LEU:865	bl_5.b:l:36	#2b5bc1
A:PRO:866	bl_5.b:l:37	#2b5bc1
A:TYR:867	IV_6.IV:38	#2b5bc1
A:GLY:868	IV_6.IV:39	#2b5bc1
A:CYS:869	IV_6.IV:40	#2b5bc1
A:ILE:870	IV_6.IV:41	#2b5bc1
A:ILE:876	V_7.V:42	#2b5bc1
A:GLY:877	V_7.V:43	#2b5bc1
A:MET:878	V_7.V:44	#2b5bc1
A:ILE:879	GK_8.GK:45	#2b5bc1
A:GLU:880	hinge_9.hinge:46	#2b5bc1
A:ILE:881	hinge_9.hinge:47	#2b5bc1
A:VAL:882	hinge_9.hinge:48	#2b5bc1
A:LYS:883	linker_10.linker:49	#2b5bc1
A:ALA:885	linker_10.linker:50	#2b5bc1
A:THR:886	linker_10.linker:51	#2b5bc1
A:THR:887	linker_10.linker:52	#2b5bc1
A:ILE:888	_D_11._D:53	#2b5bc1
A:ALA:889	_D_11._D:54	#2b5bc1
A:LYS:890	_D_11._D:55	#2b5bc1
A:ILE:891	_D_11._D:56	#2b5bc1
A:GLN:892	_D_11._D:57	#2b5bc1
A:GLN:893	_D_11._D:58	#2b5bc1
A:SER:894	_D_11._D:59	#2b5bc1
A:ALA:938	_E_12._E:60	#2b5bc1
A:THR:939	_E_12._E:61	#2b5bc1
A:PHE:940	_E_12._E:62	#2b5bc1
A:VAL:941	_E_12._E:63	#2b5bc1
A:LEU:942	VI_13.VI:66	#2b5bc1
A:GLY:943	VI_13.VI:67	#2b5bc1
A:ILE:944	cl_14.c:l:68	#2b5bc1
A:GLY:945	cl_14.c:l:69	#2b5bc1
A:ASP:946	cl_14.c:l:70	#2b5bc1
A:ARG:947	cl_14.c:l:71	#2b5bc1
A:HIS:948	cl_14.c:l:72	#2b5bc1
A:ASN:949	cl_14.c:l:73	#2b5bc1
A:ASP:950	cl_14.c:l:74	#2b5bc1
A:ASN:951	cl_14.c:l:75	#2b5bc1
A:ILE:952	VII_15.VII:76	#2b5bc1
A:MET:953	VII_15.VII:77	#2b5bc1
A:ILE:954	VII_15.VII:78	#2b5bc1
A:HIS:962	VIII_16.VIII:79	#2b5bc1
A:ILE:963	xDFG_17.xDFG:80	#2b5bc1
A:ASP:964	xDFG_17.xDFG:81	#2b5bc1
A:PHE:965	xDFG_17.xDFG:82	#2b5bc1
A:GLY:966	xDFG_17.xDFG:83	#2b5bc1
A:HIS:967	al_18.a:l:84	#2b5bc1
A:FAV:1	Ligand
