A:GLU:8	I_0.I:1	#2b5bc1
A:LYS:9	I_0.I:2	#2b5bc1
A:ILE:10	I_0.I:3	#2b5bc1
A:GLY:11	gl_1.g:l:4	#2b5bc1
A:GLU:12	gl_1.g:l:5	#2b5bc1
A:GLY:13	gl_1.g:l:6	#2b5bc1
A:THR:14	gl_1.g:l:7	#2b5bc1
A:TYR:15	gl_1.g:l:8	#2b5bc1
A:GLY:16	gl_1.g:l:9	#2b5bc1
A:VAL:17	II_2.II:10	#2b5bc1
A:VAL:18	II_2.II:11	#2b5bc1
A:TYR:19	II_2.II:12	#2b5bc1
A:LYS:20	II_2.II:13	#2b5bc1
A:VAL:30	III_3.III:14	#2b5bc1
A:ALA:31	III_3.III:15	#2b5bc1
A:LEU:32	III_3.III:16	#2b5bc1
A:LYS:33	III_3.III:17	#2b5bc1
A:LYS:34	III_3.III:18	#2b5bc1
A:ILE:35	III_3.III:19	#2b5bc1
A:THR:47	_C_4._C:20	#2b5bc1
A:ALA:48	_C_4._C:21	#2b5bc1
A:ILE:49	_C_4._C:22	#2b5bc1
A:ARG:50	_C_4._C:23	#2b5bc1
A:GLU:51	_C_4._C:24	#2b5bc1
A:ILE:52	_C_4._C:25	#2b5bc1
A:SER:53	_C_4._C:26	#2b5bc1
A:LEU:54	_C_4._C:27	#2b5bc1
A:LEU:55	_C_4._C:28	#2b5bc1
A:LYS:56	_C_4._C:29	#2b5bc1
A:GLU:57	_C_4._C:30	#2b5bc1
A:LEU:58	bl_5.b:l:31	#2b5bc1
A:ASN:59	bl_5.b:l:32	#2b5bc1
A:PRO:61	bl_5.b:l:33	#2b5bc1
A:ASN:62	bl_5.b:l:34	#2b5bc1
A:ILE:63	bl_5.b:l:35	#2b5bc1
A:VAL:64	bl_5.b:l:36	#2b5bc1
A:LYS:65	bl_5.b:l:37	#2b5bc1
A:LEU:66	IV_6.IV:38	#2b5bc1
A:LEU:67	IV_6.IV:39	#2b5bc1
A:ASP:68	IV_6.IV:40	#2b5bc1
A:VAL:69	IV_6.IV:41	#2b5bc1
A:TYR:77	V_7.V:42	#2b5bc1
A:LEU:78	V_7.V:43	#2b5bc1
A:VAL:79	V_7.V:44	#2b5bc1
A:PHE:80	GK_8.GK:45	#2b5bc1
A:GLU:81	hinge_9.hinge:46	#2b5bc1
A:PHE:82	hinge_9.hinge:47	#2b5bc1
A:LEU:83	hinge_9.hinge:48	#2b5bc1
A:HIS:84	linker_10.linker:49	#2b5bc1
A:GLN:85	linker_10.linker:51	#2b5bc1
A:ASP:86	linker_10.linker:52	#2b5bc1
A:LEU:87	_D_11._D:53	#2b5bc1
A:LYS:88	_D_11._D:54	#2b5bc1
A:LYS:89	_D_11._D:55	#2b5bc1
A:PHE:90	_D_11._D:56	#2b5bc1
A:MET:91	_D_11._D:57	#2b5bc1
A:ASP:92	_D_11._D:58	#2b5bc1
A:ALA:93	_D_11._D:59	#2b5bc1
A:PHE:117	_E_12._E:60	#2b5bc1
A:CYS:118	_E_12._E:61	#2b5bc1
A:HIS:119	_E_12._E:62	#2b5bc1
A:SER:120	_E_12._E:63	#2b5bc1
A:HIS:121	_E_12._E:64	#2b5bc1
A:ARG:122	VI_13.VI:65	#2b5bc1
A:VAL:123	VI_13.VI:66	#2b5bc1
A:LEU:124	VI_13.VI:67	#2b5bc1
A:HIS:125	cl_14.c:l:68	#2b5bc1
A:ARG:126	cl_14.c:l:69	#2b5bc1
A:ASP:127	cl_14.c:l:70	#2b5bc1
A:LEU:128	cl_14.c:l:71	#2b5bc1
A:LYS:129	cl_14.c:l:72	#2b5bc1
A:PRO:130	cl_14.c:l:73	#2b5bc1
A:GLN:131	cl_14.c:l:74	#2b5bc1
A:ASN:132	cl_14.c:l:75	#2b5bc1
A:LEU:133	VII_15.VII:76	#2b5bc1
A:LEU:134	VII_15.VII:77	#2b5bc1
A:ILE:135	VII_15.VII:78	#2b5bc1
A:LEU:143	VIII_16.VIII:79	#2b5bc1
A:ALA:144	xDFG_17.xDFG:80	#2b5bc1
A:ASP:145	xDFG_17.xDFG:81	#2b5bc1
A:PHE:146	xDFG_17.xDFG:82	#2b5bc1
A:GLY:147	xDFG_17.xDFG:83	#2b5bc1
A:LEU:148	al_18.a:l:84	#2b5bc1
A:ALA:149	al_18.a:l:85	#2b5bc1
A:Z31:465	Ligand
