A:GLN:853	I_0.I:1	#2b5bc1
A:GLN:854	I_0.I:2	#2b5bc1
A:LEU:855	I_0.I:3	#2b5bc1
A:GLY:856	gl_1.g:l:4	#2b5bc1
A:LYS:857	gl_1.g:l:5	#2b5bc1
A:GLY:858	gl_1.g:l:6	#2b5bc1
A:ASN:859	gl_1.g:l:7	#2b5bc1
A:PHE:860	gl_1.g:l:8	#2b5bc1
A:GLY:861	gl_1.g:l:9	#2b5bc1
A:SER:862	II_2.II:10	#2b5bc1
A:VAL:863	II_2.II:11	#2b5bc1
A:GLU:864	II_2.II:12	#2b5bc1
A:MET:865	II_2.II:13	#2b5bc1
A:VAL:879	III_3.III:14	#2b5bc1
A:ALA:880	III_3.III:15	#2b5bc1
A:VAL:881	III_3.III:16	#2b5bc1
A:LYS:882	III_3.III:17	#2b5bc1
A:LYS:883	III_3.III:18	#2b5bc1
A:LEU:884	III_3.III:19	#2b5bc1
A:ASP:894	_C_4._C:20	#2b5bc1
A:PHE:895	_C_4._C:21	#2b5bc1
A:GLU:896	_C_4._C:22	#2b5bc1
A:ARG:897	_C_4._C:23	#2b5bc1
A:GLU:898	_C_4._C:24	#2b5bc1
A:ILE:899	_C_4._C:25	#2b5bc1
A:GLU:900	_C_4._C:26	#2b5bc1
A:ILE:901	_C_4._C:27	#2b5bc1
A:LEU:902	_C_4._C:28	#2b5bc1
A:LYS:903	_C_4._C:29	#2b5bc1
A:SER:904	_C_4._C:30	#2b5bc1
A:LEU:905	bl_5.b:l:31	#2b5bc1
A:GLN:906	bl_5.b:l:32	#2b5bc1
A:ASP:908	bl_5.b:l:33	#2b5bc1
A:ASN:909	bl_5.b:l:34	#2b5bc1
A:ILE:910	bl_5.b:l:35	#2b5bc1
A:VAL:911	bl_5.b:l:36	#2b5bc1
A:LYS:912	bl_5.b:l:37	#2b5bc1
A:TYR:913	IV_6.IV:38	#2b5bc1
A:LYS:914	IV_6.IV:39	#2b5bc1
A:GLY:915	IV_6.IV:40	#2b5bc1
A:VAL:916	IV_6.IV:41	#2b5bc1
A:LYS:926	V_7.V:42	#2b5bc1
A:LEU:927	V_7.V:43	#2b5bc1
A:ILE:928	V_7.V:44	#2b5bc1
A:MET:929	GK_8.GK:45	#2b5bc1
A:GLU:930	hinge_9.hinge:46	#2b5bc1
A:TYR:931	hinge_9.hinge:47	#2b5bc1
A:LEU:932	hinge_9.hinge:48	#2b5bc1
A:PRO:933	linker_10.linker:49	#2b5bc1
A:TYR:934	linker_10.linker:50	#2b5bc1
A:GLY:935	linker_10.linker:51	#2b5bc1
A:SER:936	linker_10.linker:52	#2b5bc1
A:LEU:937	_D_11._D:53	#2b5bc1
A:ARG:938	_D_11._D:54	#2b5bc1
A:ASP:939	_D_11._D:55	#2b5bc1
A:TYR:940	_D_11._D:56	#2b5bc1
A:LEU:941	_D_11._D:57	#2b5bc1
A:GLN:942	_D_11._D:58	#2b5bc1
A:LYS:943	_D_11._D:59	#2b5bc1
A:TYR:966	_E_12._E:60	#2b5bc1
A:LEU:967	_E_12._E:61	#2b5bc1
A:GLY:968	_E_12._E:62	#2b5bc1
A:THR:969	_E_12._E:63	#2b5bc1
A:LYS:970	_E_12._E:64	#2b5bc1
A:ARG:971	VI_13.VI:65	#2b5bc1
A:TYR:972	VI_13.VI:66	#2b5bc1
A:ILE:973	VI_13.VI:67	#2b5bc1
A:HIS:974	cl_14.c:l:68	#2b5bc1
A:ARG:975	cl_14.c:l:69	#2b5bc1
A:ASP:976	cl_14.c:l:70	#2b5bc1
A:LEU:977	cl_14.c:l:71	#2b5bc1
A:ALA:978	cl_14.c:l:72	#2b5bc1
A:THR:979	cl_14.c:l:73	#2b5bc1
A:ARG:980	cl_14.c:l:74	#2b5bc1
A:ASN:981	cl_14.c:l:75	#2b5bc1
A:ILE:982	VII_15.VII:76	#2b5bc1
A:LEU:983	VII_15.VII:77	#2b5bc1
A:VAL:984	VII_15.VII:78	#2b5bc1
A:ILE:992	VIII_16.VIII:79	#2b5bc1
A:GLY:993	xDFG_17.xDFG:80	#2b5bc1
A:ASP:994	xDFG_17.xDFG:81	#2b5bc1
A:PHE:995	xDFG_17.xDFG:82	#2b5bc1
A:GLY:996	xDFG_17.xDFG:83	#2b5bc1
A:LEU:997	al_18.a:l:84	#2b5bc1
A:THR:998	al_18.a:l:85	#2b5bc1
