A:ARG:13	I_0.I:1	#2b5bc1
A:LYS:14	I_0.I:2	#2b5bc1
A:GLY:21	gl_1.g:l:9	#2b5bc1
A:ASP:22	II_2.II:10	#2b5bc1
A:ILE:23	II_2.II:11	#2b5bc1
A:TYR:24	II_2.II:12	#2b5bc1
A:LEU:25	II_2.II:13	#2b5bc1
A:VAL:35	III_3.III:14	#2b5bc1
A:ALA:36	III_3.III:15	#2b5bc1
A:ILE:37	III_3.III:16	#2b5bc1
A:LYS:38	III_3.III:17	#2b5bc1
A:LEU:39	III_3.III:18	#2b5bc1
A:GLU:40	III_3.III:19	#2b5bc1
A:GLN:48	_C_4._C:20	#2b5bc1
A:LEU:49	_C_4._C:21	#2b5bc1
A:HIS:50	_C_4._C:22	#2b5bc1
A:ILE:51	_C_4._C:23	#2b5bc1
A:GLU:52	_C_4._C:24	#2b5bc1
A:SER:53	_C_4._C:25	#2b5bc1
A:LYS:54	_C_4._C:26	#2b5bc1
A:ILE:55	_C_4._C:27	#2b5bc1
A:TYR:56	_C_4._C:28	#2b5bc1
A:LYS:57	_C_4._C:29	#2b5bc1
A:MET:58	_C_4._C:30	#2b5bc1
A:MET:59	bl_5.b:l:31	#2b5bc1
A:GLN:60	bl_5.b:l:32	#2b5bc1
A:VAL:63	bl_5.b:l:33	#2b5bc1
A:GLY:64	bl_5.b:l:34	#2b5bc1
A:ILE:65	bl_5.b:l:35	#2b5bc1
A:PRO:66	bl_5.b:l:36	#2b5bc1
A:THR:67	bl_5.b:l:37	#2b5bc1
A:ILE:68	IV_6.IV:38	#2b5bc1
A:ARG:69	IV_6.IV:39	#2b5bc1
A:TRP:70	IV_6.IV:40	#2b5bc1
A:CYS:71	IV_6.IV:41	#2b5bc1
A:VAL:79	V_7.V:42	#2b5bc1
A:MET:80	V_7.V:43	#2b5bc1
A:VAL:81	V_7.V:44	#2b5bc1
A:MET:82	GK_8.GK:45	#2b5bc1
A:GLU:83	hinge_9.hinge:46	#2b5bc1
A:LEU:84	hinge_9.hinge:47	#2b5bc1
A:LEU:85	hinge_9.hinge:48	#2b5bc1
A:GLY:86	linker_10.linker:49	#2b5bc1
A:PRO:87	linker_10.linker:51	#2b5bc1
A:SER:88	linker_10.linker:52	#2b5bc1
A:LEU:89	_D_11._D:53	#2b5bc1
A:GLU:90	_D_11._D:54	#2b5bc1
A:ASP:91	_D_11._D:55	#2b5bc1
A:LEU:92	_D_11._D:56	#2b5bc1
A:PHE:93	_D_11._D:57	#2b5bc1
A:ASN:94	_D_11._D:58	#2b5bc1
A:PHE:95	_D_11._D:59	#2b5bc1
A:TYR:118	_E_12._E:60	#2b5bc1
A:ILE:119	_E_12._E:61	#2b5bc1
A:HIS:120	_E_12._E:62	#2b5bc1
A:SER:121	_E_12._E:63	#2b5bc1
A:LYS:122	_E_12._E:64	#2b5bc1
A:ASN:123	VI_13.VI:65	#2b5bc1
A:PHE:124	VI_13.VI:66	#2b5bc1
A:ILE:125	VI_13.VI:67	#2b5bc1
A:HIS:126	cl_14.c:l:68	#2b5bc1
A:ARG:127	cl_14.c:l:69	#2b5bc1
A:ASP:128	cl_14.c:l:70	#2b5bc1
A:VAL:129	cl_14.c:l:71	#2b5bc1
A:LYS:130	cl_14.c:l:72	#2b5bc1
A:PRO:131	cl_14.c:l:73	#2b5bc1
A:ASP:132	cl_14.c:l:74	#2b5bc1
A:ASN:133	cl_14.c:l:75	#2b5bc1
A:PHE:134	VII_15.VII:76	#2b5bc1
A:LEU:135	VII_15.VII:77	#2b5bc1
A:MET:136	VII_15.VII:78	#2b5bc1
A:ILE:147	VIII_16.VIII:79	#2b5bc1
A:ILE:148	xDFG_17.xDFG:80	#2b5bc1
A:ASP:149	xDFG_17.xDFG:81	#2b5bc1
A:PHE:150	xDFG_17.xDFG:82	#2b5bc1
A:GLY:151	xDFG_17.xDFG:83	#2b5bc1
A:LEU:152	al_18.a:l:84	#2b5bc1
A:ALA:153	al_18.a:l:85	#2b5bc1
