A:ARG:1120	I_0.I:1	#2b5bc1
A:GLY:1121	I_0.I:2	#2b5bc1
A:LEU:1122	I_0.I:3	#2b5bc1
A:GLY:1123	gl_1.g:l:4	#2b5bc1
A:HIS:1124	gl_1.g:l:5	#2b5bc1
A:GLY:1125	gl_1.g:l:6	#2b5bc1
A:ALA:1126	gl_1.g:l:7	#2b5bc1
A:PHE:1127	gl_1.g:l:8	#2b5bc1
A:GLY:1128	gl_1.g:l:9	#2b5bc1
A:GLU:1129	II_2.II:10	#2b5bc1
A:VAL:1130	II_2.II:11	#2b5bc1
A:TYR:1131	II_2.II:12	#2b5bc1
A:GLU:1132	II_2.II:13	#2b5bc1
A:VAL:1147	III_3.III:14	#2b5bc1
A:ALA:1148	III_3.III:15	#2b5bc1
A:VAL:1149	III_3.III:16	#2b5bc1
A:LYS:1150	III_3.III:17	#2b5bc1
A:THR:1151	III_3.III:18	#2b5bc1
A:LEU:1152	III_3.III:19	#2b5bc1
A:ASP:1163	_C_4._C:20	#2b5bc1
A:PHE:1164	_C_4._C:21	#2b5bc1
A:LEU:1165	_C_4._C:22	#2b5bc1
A:MET:1166	_C_4._C:23	#2b5bc1
A:GLU:1167	_C_4._C:24	#2b5bc1
A:ALA:1168	_C_4._C:25	#2b5bc1
A:LEU:1169	_C_4._C:26	#2b5bc1
A:ILE:1170	_C_4._C:27	#2b5bc1
A:ILE:1171	_C_4._C:28	#2b5bc1
A:SER:1172	_C_4._C:29	#2b5bc1
A:LYS:1173	_C_4._C:30	#2b5bc1
A:PHE:1174	bl_5.b:l:31	#2b5bc1
A:ASN:1175	bl_5.b:l:32	#2b5bc1
A:GLN:1177	bl_5.b:l:33	#2b5bc1
A:ASN:1178	bl_5.b:l:34	#2b5bc1
A:ILE:1179	bl_5.b:l:35	#2b5bc1
A:VAL:1180	bl_5.b:l:36	#2b5bc1
A:ARG:1181	bl_5.b:l:37	#2b5bc1
A:CYS:1182	IV_6.IV:38	#2b5bc1
A:ILE:1183	IV_6.IV:39	#2b5bc1
A:GLY:1184	IV_6.IV:40	#2b5bc1
A:VAL:1185	IV_6.IV:41	#2b5bc1
A:PHE:1193	V_7.V:42	#2b5bc1
A:ILE:1194	V_7.V:43	#2b5bc1
A:LEU:1195	V_7.V:44	#2b5bc1
A:LEU:1196	GK_8.GK:45	#2b5bc1
A:GLU:1197	hinge_9.hinge:46	#2b5bc1
A:LEU:1198	hinge_9.hinge:47	#2b5bc1
A:MET:1199	hinge_9.hinge:48	#2b5bc1
A:ALA:1200	linker_10.linker:49	#2b5bc1
A:GLY:1201	linker_10.linker:50	#2b5bc1
A:GLY:1202	linker_10.linker:51	#2b5bc1
A:ASP:1203	linker_10.linker:52	#2b5bc1
A:LEU:1204	_D_11._D:53	#2b5bc1
A:LYS:1205	_D_11._D:54	#2b5bc1
A:SER:1206	_D_11._D:55	#2b5bc1
A:PHE:1207	_D_11._D:56	#2b5bc1
A:LEU:1208	_D_11._D:57	#2b5bc1
A:ARG:1209	_D_11._D:58	#2b5bc1
A:GLU:1210	_D_11._D:59	#2b5bc1
A:TYR:1239	_E_12._E:60	#2b5bc1
A:LEU:1240	_E_12._E:61	#2b5bc1
A:GLU:1241	_E_12._E:62	#2b5bc1
A:GLU:1242	_E_12._E:63	#2b5bc1
A:ASN:1243	_E_12._E:64	#2b5bc1
A:HIS:1244	VI_13.VI:65	#2b5bc1
A:PHE:1245	VI_13.VI:66	#2b5bc1
A:ILE:1246	VI_13.VI:67	#2b5bc1
A:HIS:1247	cl_14.c:l:68	#2b5bc1
A:ARG:1248	cl_14.c:l:69	#2b5bc1
A:ASP:1249	cl_14.c:l:70	#2b5bc1
A:ILE:1250	cl_14.c:l:71	#2b5bc1
A:ALA:1251	cl_14.c:l:72	#2b5bc1
A:ALA:1252	cl_14.c:l:73	#2b5bc1
A:ARG:1253	cl_14.c:l:74	#2b5bc1
A:ASN:1254	cl_14.c:l:75	#2b5bc1
A:CYS:1255	VII_15.VII:76	#2b5bc1
A:LEU:1256	VII_15.VII:77	#2b5bc1
A:LEU:1257	VII_15.VII:78	#2b5bc1
A:ILE:1268	VIII_16.VIII:79	#2b5bc1
A:GLY:1269	xDFG_17.xDFG:80	#2b5bc1
A:ASP:1270	xDFG_17.xDFG:81	#2b5bc1
A:PHE:1271	xDFG_17.xDFG:82	#2b5bc1
A:GLY:1272	xDFG_17.xDFG:83	#2b5bc1
A:MET:1273	al_18.a:l:84	#2b5bc1
A:ALA:1274	al_18.a:l:85	#2b5bc1
