B:GLN:461	I_0.I:1	#2b5bc1
B:ARG:462	I_0.I:2	#2b5bc1
B:ILE:463	I_0.I:3	#2b5bc1
B:GLY:464	gl_1.g:l:4	#2b5bc1
B:SER:465	gl_1.g:l:5	#2b5bc1
B:GLY:469	gl_1.g:l:6	#2b5bc1
B:THR:470	II_2.II:10	#2b5bc1
B:VAL:471	II_2.II:11	#2b5bc1
B:TYR:472	II_2.II:12	#2b5bc1
B:LYS:473	II_2.II:13	#2b5bc1
B:VAL:480	III_3.III:14	#2b5bc1
B:ALA:481	III_3.III:15	#2b5bc1
B:VAL:482	III_3.III:16	#2b5bc1
B:LYS:483	III_3.III:17	#2b5bc1
B:MET:484	III_3.III:18	#2b5bc1
B:LEU:485	III_3.III:19	#2b5bc1
B:ALA:497	_C_4._C:20	#2b5bc1
B:PHE:498	_C_4._C:21	#2b5bc1
B:LYS:499	_C_4._C:22	#2b5bc1
B:ASN:500	_C_4._C:23	#2b5bc1
B:GLU:501	_C_4._C:24	#2b5bc1
B:VAL:502	_C_4._C:25	#2b5bc1
B:GLY:503	_C_4._C:26	#2b5bc1
B:VAL:504	_C_4._C:27	#2b5bc1
B:LEU:505	_C_4._C:28	#2b5bc1
B:ARG:506	_C_4._C:29	#2b5bc1
B:LYS:507	_C_4._C:30	#2b5bc1
B:THR:508	bl_5.b:l:31	#2b5bc1
B:ARG:509	bl_5.b:l:32	#2b5bc1
B:VAL:511	bl_5.b:l:33	#2b5bc1
B:ASN:512	bl_5.b:l:34	#2b5bc1
B:ILE:513	bl_5.b:l:35	#2b5bc1
B:LEU:514	bl_5.b:l:36	#2b5bc1
B:LEU:515	bl_5.b:l:37	#2b5bc1
B:PHE:516	IV_6.IV:38	#2b5bc1
B:MET:517	IV_6.IV:39	#2b5bc1
B:GLY:518	IV_6.IV:40	#2b5bc1
B:TYR:519	IV_6.IV:41	#2b5bc1
B:ALA:526	V_7.V:42	#2b5bc1
B:ILE:527	V_7.V:43	#2b5bc1
B:VAL:528	V_7.V:44	#2b5bc1
B:THR:529	GK_8.GK:45	#2b5bc1
B:GLN:530	hinge_9.hinge:46	#2b5bc1
B:TRP:531	hinge_9.hinge:47	#2b5bc1
B:CYS:532	hinge_9.hinge:48	#2b5bc1
B:GLU:533	linker_10.linker:49	#2b5bc1
B:GLY:534	linker_10.linker:50	#2b5bc1
B:SER:535	linker_10.linker:51	#2b5bc1
B:SER:536	linker_10.linker:52	#2b5bc1
B:LEU:537	_D_11._D:53	#2b5bc1
B:TYR:538	_D_11._D:54	#2b5bc1
B:HIS:539	_D_11._D:55	#2b5bc1
B:HIS:540	_D_11._D:56	#2b5bc1
B:LEU:541	_D_11._D:57	#2b5bc1
B:HIS:542	_D_11._D:58	#2b5bc1
B:ALA:543	_D_11._D:59	#2b5bc1
B:TYR:566	_E_12._E:60	#2b5bc1
B:LEU:567	_E_12._E:61	#2b5bc1
B:HIS:568	_E_12._E:62	#2b5bc1
B:ALA:569	_E_12._E:63	#2b5bc1
B:LYS:570	_E_12._E:64	#2b5bc1
B:SER:571	VI_13.VI:65	#2b5bc1
B:ILE:572	VI_13.VI:66	#2b5bc1
B:ILE:573	VI_13.VI:67	#2b5bc1
B:HIS:574	cl_14.c:l:68	#2b5bc1
B:ARG:575	cl_14.c:l:69	#2b5bc1
B:ASP:576	cl_14.c:l:70	#2b5bc1
B:LEU:577	cl_14.c:l:71	#2b5bc1
B:LYS:578	cl_14.c:l:72	#2b5bc1
B:SER:579	cl_14.c:l:73	#2b5bc1
B:ASN:580	cl_14.c:l:74	#2b5bc1
B:ASN:581	cl_14.c:l:75	#2b5bc1
B:ILE:582	VII_15.VII:76	#2b5bc1
B:PHE:583	VII_15.VII:77	#2b5bc1
B:LEU:584	VII_15.VII:78	#2b5bc1
B:ILE:592	VIII_16.VIII:79	#2b5bc1
B:GLY:593	xDFG_17.xDFG:80	#2b5bc1
B:ASP:594	xDFG_17.xDFG:81	#2b5bc1
B:PHE:595	xDFG_17.xDFG:82	#2b5bc1
B:GLY:596	xDFG_17.xDFG:83	#2b5bc1
