A:GLN:13	I_0.I:1	#2b5bc1
A:THR:14	I_0.I:2	#2b5bc1
A:LEU:15	I_0.I:3	#2b5bc1
A:GLY:16	gl_1.g:l:4	#2b5bc1
A:GLY:21	gl_1.g:l:9	#2b5bc1
A:GLU:22	II_2.II:10	#2b5bc1
A:VAL:23	II_2.II:11	#2b5bc1
A:GLN:24	II_2.II:12	#2b5bc1
A:LEU:25	II_2.II:13	#2b5bc1
A:VAL:35	III_3.III:14	#2b5bc1
A:ALA:36	III_3.III:15	#2b5bc1
A:VAL:37	III_3.III:16	#2b5bc1
A:LYS:38	III_3.III:17	#2b5bc1
A:ILE:39	III_3.III:18	#2b5bc1
A:VAL:40	III_3.III:19	#2b5bc1
A:ASN:51	_C_4._C:20	#2b5bc1
A:ILE:52	_C_4._C:21	#2b5bc1
A:LYS:53	_C_4._C:22	#2b5bc1
A:LYS:54	_C_4._C:23	#2b5bc1
A:GLU:55	_C_4._C:24	#2b5bc1
A:ILE:56	_C_4._C:25	#2b5bc1
A:CYS:57	_C_4._C:26	#2b5bc1
A:ILE:58	_C_4._C:27	#2b5bc1
A:ASN:59	_C_4._C:28	#2b5bc1
A:LYS:60	_C_4._C:29	#2b5bc1
A:MET:61	_C_4._C:30	#2b5bc1
A:LEU:62	bl_5.b:l:31	#2b5bc1
A:ASN:63	bl_5.b:l:32	#2b5bc1
A:GLU:65	bl_5.b:l:33	#2b5bc1
A:ASN:66	bl_5.b:l:34	#2b5bc1
A:VAL:67	bl_5.b:l:35	#2b5bc1
A:VAL:68	bl_5.b:l:36	#2b5bc1
A:LYS:69	bl_5.b:l:37	#2b5bc1
A:PHE:70	IV_6.IV:38	#2b5bc1
A:TYR:71	IV_6.IV:39	#2b5bc1
A:GLY:72	IV_6.IV:40	#2b5bc1
A:HIS:73	IV_6.IV:41	#2b5bc1
A:TYR:81	V_7.V:42	#2b5bc1
A:LEU:82	V_7.V:43	#2b5bc1
A:PHE:83	V_7.V:44	#2b5bc1
A:LEU:84	GK_8.GK:45	#2b5bc1
A:GLU:85	hinge_9.hinge:46	#2b5bc1
A:TYR:86	hinge_9.hinge:47	#2b5bc1
A:CYS:87	hinge_9.hinge:48	#2b5bc1
A:SER:88	linker_10.linker:49	#2b5bc1
A:GLY:89	linker_10.linker:50	#2b5bc1
A:GLY:90	linker_10.linker:51	#2b5bc1
A:GLU:91	linker_10.linker:52	#2b5bc1
A:LEU:92	_D_11._D:53	#2b5bc1
A:PHE:93	_D_11._D:54	#2b5bc1
A:ASP:94	_D_11._D:55	#2b5bc1
A:ARG:95	_D_11._D:56	#2b5bc1
A:ILE:96	_D_11._D:57	#2b5bc1
A:GLU:97	_D_11._D:58	#2b5bc1
A:PRO:98	_D_11._D:59	#2b5bc1
A:TYR:120	_E_12._E:60	#2b5bc1
A:LEU:121	_E_12._E:61	#2b5bc1
A:HIS:122	_E_12._E:62	#2b5bc1
A:GLY:123	_E_12._E:63	#2b5bc1
A:ILE:124	_E_12._E:64	#2b5bc1
A:GLY:125	VI_13.VI:65	#2b5bc1
A:ILE:126	VI_13.VI:66	#2b5bc1
A:THR:127	VI_13.VI:67	#2b5bc1
A:HIS:128	cl_14.c:l:68	#2b5bc1
A:ARG:129	cl_14.c:l:69	#2b5bc1
A:ASP:130	cl_14.c:l:70	#2b5bc1
A:ILE:131	cl_14.c:l:71	#2b5bc1
A:LYS:132	cl_14.c:l:72	#2b5bc1
A:PRO:133	cl_14.c:l:73	#2b5bc1
A:GLU:134	cl_14.c:l:74	#2b5bc1
A:ASN:135	cl_14.c:l:75	#2b5bc1
A:LEU:136	VII_15.VII:76	#2b5bc1
A:LEU:137	VII_15.VII:77	#2b5bc1
A:LEU:138	VII_15.VII:78	#2b5bc1
A:ILE:146	VIII_16.VIII:79	#2b5bc1
A:SER:147	xDFG_17.xDFG:80	#2b5bc1
A:ASP:148	xDFG_17.xDFG:81	#2b5bc1
A:PHE:149	xDFG_17.xDFG:82	#2b5bc1
A:GLY:150	xDFG_17.xDFG:83	#2b5bc1
A:LEU:151	al_18.a:l:84	#2b5bc1
A:ALA:152	al_18.a:l:85	#2b5bc1
A:3HK:301	Ligand
