A:ARG:879	I_0.I:1	#2b5bc1
A:ASP:880	I_0.I:2	#2b5bc1
A:LEU:881	I_0.I:3	#2b5bc1
A:GLY:882	gl_1.g:l:4	#2b5bc1
A:GLU:883	gl_1.g:l:5	#2b5bc1
A:GLY:884	gl_1.g:l:6	#2b5bc1
A:HIS:885	gl_1.g:l:7	#2b5bc1
A:PHE:886	gl_1.g:l:8	#2b5bc1
A:GLY:887	gl_1.g:l:9	#2b5bc1
A:LYS:888	II_2.II:10	#2b5bc1
A:VAL:889	II_2.II:11	#2b5bc1
A:GLU:890	II_2.II:12	#2b5bc1
A:LEU:891	II_2.II:13	#2b5bc1
A:VAL:905	III_3.III:14	#2b5bc1
A:ALA:906	III_3.III:15	#2b5bc1
A:VAL:907	III_3.III:16	#2b5bc1
A:LYS:908	III_3.III:17	#2b5bc1
A:SER:909	III_3.III:18	#2b5bc1
A:LEU:910	III_3.III:19	#2b5bc1
A:ASP:921	_C_4._C:20	#2b5bc1
A:LEU:922	_C_4._C:21	#2b5bc1
A:LYS:923	_C_4._C:22	#2b5bc1
A:LYS:924	_C_4._C:23	#2b5bc1
A:GLU:925	_C_4._C:24	#2b5bc1
A:ILE:926	_C_4._C:25	#2b5bc1
A:GLU:927	_C_4._C:26	#2b5bc1
A:ILE:928	_C_4._C:27	#2b5bc1
A:LEU:929	_C_4._C:28	#2b5bc1
A:ARG:930	_C_4._C:29	#2b5bc1
A:ASN:931	_C_4._C:30	#2b5bc1
A:LEU:932	bl_5.b:l:31	#2b5bc1
A:TYR:933	bl_5.b:l:32	#2b5bc1
A:GLU:935	bl_5.b:l:33	#2b5bc1
A:ASN:936	bl_5.b:l:34	#2b5bc1
A:ILE:937	bl_5.b:l:35	#2b5bc1
A:VAL:938	bl_5.b:l:36	#2b5bc1
A:LYS:939	bl_5.b:l:37	#2b5bc1
A:TYR:940	IV_6.IV:38	#2b5bc1
A:LYS:941	IV_6.IV:39	#2b5bc1
A:GLY:942	IV_6.IV:40	#2b5bc1
A:ILE:943	IV_6.IV:41	#2b5bc1
A:LYS:953	V_7.V:42	#2b5bc1
A:LEU:954	V_7.V:43	#2b5bc1
A:ILE:955	V_7.V:44	#2b5bc1
A:MET:956	GK_8.GK:45	#2b5bc1
A:GLU:957	hinge_9.hinge:46	#2b5bc1
A:PHE:958	hinge_9.hinge:47	#2b5bc1
A:LEU:959	hinge_9.hinge:48	#2b5bc1
A:PRO:960	linker_10.linker:49	#2b5bc1
A:SER:961	linker_10.linker:50	#2b5bc1
A:GLY:962	linker_10.linker:51	#2b5bc1
A:SER:963	linker_10.linker:52	#2b5bc1
A:LEU:964	_D_11._D:53	#2b5bc1
A:LYS:965	_D_11._D:54	#2b5bc1
A:GLU:966	_D_11._D:55	#2b5bc1
A:TYR:967	_D_11._D:56	#2b5bc1
A:LEU:968	_D_11._D:57	#2b5bc1
A:PRO:969	_D_11._D:58	#2b5bc1
A:LYS:970	_D_11._D:59	#2b5bc1
A:TYR:993	_E_12._E:60	#2b5bc1
A:LEU:994	_E_12._E:61	#2b5bc1
A:GLY:995	_E_12._E:62	#2b5bc1
A:SER:996	_E_12._E:63	#2b5bc1
A:ARG:997	_E_12._E:64	#2b5bc1
A:GLN:998	VI_13.VI:65	#2b5bc1
A:TYR:999	VI_13.VI:66	#2b5bc1
A:VAL:1000	VI_13.VI:67	#2b5bc1
A:HIS:1001	cl_14.c:l:68	#2b5bc1
A:ARG:1002	cl_14.c:l:69	#2b5bc1
A:ASP:1003	cl_14.c:l:70	#2b5bc1
A:LEU:1004	cl_14.c:l:71	#2b5bc1
A:ALA:1005	cl_14.c:l:72	#2b5bc1
A:ALA:1006	cl_14.c:l:73	#2b5bc1
A:ARG:1007	cl_14.c:l:74	#2b5bc1
A:ASN:1008	cl_14.c:l:75	#2b5bc1
A:VAL:1009	VII_15.VII:76	#2b5bc1
A:LEU:1010	VII_15.VII:77	#2b5bc1
A:VAL:1011	VII_15.VII:78	#2b5bc1
A:ILE:1019	VIII_16.VIII:79	#2b5bc1
A:GLY:1020	xDFG_17.xDFG:80	#2b5bc1
A:ASP:1021	xDFG_17.xDFG:81	#2b5bc1
A:PHE:1022	xDFG_17.xDFG:82	#2b5bc1
A:GLY:1023	xDFG_17.xDFG:83	#2b5bc1
A:LEU:1024	al_18.a:l:84	#2b5bc1
A:THR:1025	al_18.a:l:85	#2b5bc1
A:C5I:1201	Ligand
