A:VAL:271	I_0.I:1	#2b5bc1
A:LYS:272	I_0.I:2	#2b5bc1
A:LEU:273	I_0.I:3	#2b5bc1
A:GLY:274	gl_1.g:l:4	#2b5bc1
A:GLN:275	gl_1.g:l:5	#2b5bc1
A:GLY:276	gl_1.g:l:6	#2b5bc1
A:CYS:277	gl_1.g:l:7	#2b5bc1
A:PHE:278	gl_1.g:l:8	#2b5bc1
A:GLY:279	gl_1.g:l:9	#2b5bc1
A:GLU:280	II_2.II:10	#2b5bc1
A:VAL:281	II_2.II:11	#2b5bc1
A:TRP:282	II_2.II:12	#2b5bc1
A:MET:283	II_2.II:13	#2b5bc1
A:VAL:292	III_3.III:14	#2b5bc1
A:ALA:293	III_3.III:15	#2b5bc1
A:ILE:294	III_3.III:16	#2b5bc1
A:LYS:295	III_3.III:17	#2b5bc1
A:THR:296	III_3.III:18	#2b5bc1
A:LEU:297	III_3.III:19	#2b5bc1
A:ALA:306	_C_4._C:20	#2b5bc1
A:PHE:307	_C_4._C:21	#2b5bc1
A:LEU:308	_C_4._C:22	#2b5bc1
A:GLN:309	_C_4._C:23	#2b5bc1
A:GLU:310	_C_4._C:24	#2b5bc1
A:ALA:311	_C_4._C:25	#2b5bc1
A:GLN:312	_C_4._C:26	#2b5bc1
A:VAL:313	_C_4._C:27	#2b5bc1
A:MET:314	_C_4._C:28	#2b5bc1
A:LYS:315	_C_4._C:29	#2b5bc1
A:LYS:316	_C_4._C:30	#2b5bc1
A:LEU:317	bl_5.b:l:31	#2b5bc1
A:ARG:318	bl_5.b:l:32	#2b5bc1
A:GLU:320	bl_5.b:l:33	#2b5bc1
A:LYS:321	bl_5.b:l:34	#2b5bc1
A:LEU:322	bl_5.b:l:35	#2b5bc1
A:VAL:323	bl_5.b:l:36	#2b5bc1
A:GLN:324	bl_5.b:l:37	#2b5bc1
A:LEU:325	IV_6.IV:38	#2b5bc1
A:TYR:326	IV_6.IV:39	#2b5bc1
A:ALA:327	IV_6.IV:40	#2b5bc1
A:VAL:328	IV_6.IV:41	#2b5bc1
A:TYR:335	V_7.V:42	#2b5bc1
A:ILE:336	V_7.V:43	#2b5bc1
A:VAL:337	V_7.V:44	#2b5bc1
A:THR:338	GK_8.GK:45	#2b5bc1
A:GLU:339	hinge_9.hinge:46	#2b5bc1
A:TYR:340	hinge_9.hinge:47	#2b5bc1
A:MET:341	hinge_9.hinge:48	#2b5bc1
A:SER:342	linker_10.linker:49	#2b5bc1
A:LYS:343	linker_10.linker:50	#2b5bc1
A:GLY:344	linker_10.linker:51	#2b5bc1
A:SER:345	linker_10.linker:52	#2b5bc1
A:LEU:346	_D_11._D:53	#2b5bc1
A:LEU:347	_D_11._D:54	#2b5bc1
A:ASP:348	_D_11._D:55	#2b5bc1
A:PHE:349	_D_11._D:56	#2b5bc1
A:LEU:350	_D_11._D:57	#2b5bc1
A:LYS:351	_D_11._D:58	#2b5bc1
A:GLY:352	_D_11._D:59	#2b5bc1
A:TYR:376	_E_12._E:60	#2b5bc1
A:VAL:377	_E_12._E:61	#2b5bc1
A:GLU:378	_E_12._E:62	#2b5bc1
A:ARG:379	_E_12._E:63	#2b5bc1
A:MET:380	_E_12._E:64	#2b5bc1
A:ASN:381	VI_13.VI:65	#2b5bc1
A:TYR:382	VI_13.VI:66	#2b5bc1
A:VAL:383	VI_13.VI:67	#2b5bc1
A:HIS:384	cl_14.c:l:68	#2b5bc1
A:ARG:385	cl_14.c:l:69	#2b5bc1
A:ASP:386	cl_14.c:l:70	#2b5bc1
A:LEU:387	cl_14.c:l:71	#2b5bc1
A:ARG:388	cl_14.c:l:72	#2b5bc1
A:ALA:389	cl_14.c:l:73	#2b5bc1
A:ALA:390	cl_14.c:l:74	#2b5bc1
A:ASN:391	cl_14.c:l:75	#2b5bc1
A:ILE:392	VII_15.VII:76	#2b5bc1
A:LEU:393	VII_15.VII:77	#2b5bc1
A:VAL:394	VII_15.VII:78	#2b5bc1
A:VAL:402	VIII_16.VIII:79	#2b5bc1
A:THR:403	xDFG_17.xDFG:80	#2b5bc1
A:ASP:404	xDFG_17.xDFG:81	#2b5bc1
A:PHE:405	xDFG_17.xDFG:82	#2b5bc1
A:GLY:406	xDFG_17.xDFG:83	#2b5bc1
A:LEU:407	al_18.a:l:84	#2b5bc1
A:ALA:408	al_18.a:l:85	#2b5bc1
A:DB8:601	Ligand
