A:ASP:20	I_0.I:1	#2b5bc1
A:LEU:21	I_0.I:2	#2b5bc1
A:ILE:22	I_0.I:3	#2b5bc1
A:GLY:23	gl_1.g:l:4	#2b5bc1
A:HIS:24	gl_1.g:l:5	#2b5bc1
A:GLY:25	gl_1.g:l:6	#2b5bc1
A:ALA:26	gl_1.g:l:7	#2b5bc1
A:PHE:27	gl_1.g:l:8	#2b5bc1
A:ALA:28	gl_1.g:l:9	#2b5bc1
A:VAL:29	II_2.II:10	#2b5bc1
A:VAL:30	II_2.II:11	#2b5bc1
A:PHE:31	II_2.II:12	#2b5bc1
A:LYS:32	II_2.II:13	#2b5bc1
A:VAL:43	III_3.III:14	#2b5bc1
A:ALA:44	III_3.III:15	#2b5bc1
A:VAL:45	III_3.III:16	#2b5bc1
A:LYS:46	III_3.III:17	#2b5bc1
A:CYS:47	III_3.III:18	#2b5bc1
A:ILE:48	III_3.III:19	#2b5bc1
A:LEU:59	_C_4._C:20	#2b5bc1
A:LEU:60	_C_4._C:21	#2b5bc1
A:GLY:61	_C_4._C:22	#2b5bc1
A:LYS:62	_C_4._C:23	#2b5bc1
A:GLU:63	_C_4._C:24	#2b5bc1
A:ILE:64	_C_4._C:25	#2b5bc1
A:LYS:65	_C_4._C:26	#2b5bc1
A:ILE:66	_C_4._C:27	#2b5bc1
A:LEU:67	_C_4._C:28	#2b5bc1
A:LYS:68	_C_4._C:29	#2b5bc1
A:GLU:69	_C_4._C:30	#2b5bc1
A:LEU:70	bl_5.b:l:31	#2b5bc1
A:LYS:71	bl_5.b:l:32	#2b5bc1
A:GLU:73	bl_5.b:l:33	#2b5bc1
A:ASN:74	bl_5.b:l:34	#2b5bc1
A:ILE:75	bl_5.b:l:35	#2b5bc1
A:VAL:76	bl_5.b:l:36	#2b5bc1
A:ALA:77	bl_5.b:l:37	#2b5bc1
A:LEU:78	IV_6.IV:38	#2b5bc1
A:TYR:79	IV_6.IV:39	#2b5bc1
A:ASP:80	IV_6.IV:40	#2b5bc1
A:PHE:81	IV_6.IV:41	#2b5bc1
A:TYR:89	V_7.V:42	#2b5bc1
A:LEU:90	V_7.V:43	#2b5bc1
A:VAL:91	V_7.V:44	#2b5bc1
A:MET:92	GK_8.GK:45	#2b5bc1
A:GLU:93	hinge_9.hinge:46	#2b5bc1
A:TYR:94	hinge_9.hinge:47	#2b5bc1
A:CYS:95	hinge_9.hinge:48	#2b5bc1
A:ASN:96	linker_10.linker:49	#2b5bc1
A:GLY:97	linker_10.linker:50	#2b5bc1
A:GLY:98	linker_10.linker:51	#2b5bc1
A:ASP:99	linker_10.linker:52	#2b5bc1
A:LEU:100	_D_11._D:53	#2b5bc1
A:ALA:101	_D_11._D:54	#2b5bc1
A:ASP:102	_D_11._D:55	#2b5bc1
A:TYR:103	_D_11._D:56	#2b5bc1
A:LEU:104	_D_11._D:57	#2b5bc1
A:HIS:105	_D_11._D:58	#2b5bc1
A:ALA:106	_D_11._D:59	#2b5bc1
A:LEU:128	_E_12._E:60	#2b5bc1
A:LEU:129	_E_12._E:61	#2b5bc1
A:HIS:130	_E_12._E:62	#2b5bc1
A:SER:131	_E_12._E:63	#2b5bc1
A:LYS:132	_E_12._E:64	#2b5bc1
A:GLY:133	VI_13.VI:65	#2b5bc1
A:ILE:134	VI_13.VI:66	#2b5bc1
A:ILE:135	VI_13.VI:67	#2b5bc1
A:HIS:136	cl_14.c:l:68	#2b5bc1
A:ARG:137	cl_14.c:l:69	#2b5bc1
A:ASP:138	cl_14.c:l:70	#2b5bc1
A:LEU:139	cl_14.c:l:71	#2b5bc1
A:LYS:140	cl_14.c:l:72	#2b5bc1
A:PRO:141	cl_14.c:l:73	#2b5bc1
A:GLN:142	cl_14.c:l:74	#2b5bc1
A:ASN:143	cl_14.c:l:75	#2b5bc1
A:ILE:144	VII_15.VII:76	#2b5bc1
A:LEU:145	VII_15.VII:77	#2b5bc1
A:LEU:146	VII_15.VII:78	#2b5bc1
A:ILE:163	VIII_16.VIII:79	#2b5bc1
A:ALA:164	xDFG_17.xDFG:80	#2b5bc1
A:ASP:165	xDFG_17.xDFG:81	#2b5bc1
A:PHE:166	xDFG_17.xDFG:82	#2b5bc1
A:GLY:167	xDFG_17.xDFG:83	#2b5bc1
A:PHE:168	al_18.a:l:84	#2b5bc1
A:ALA:169	al_18.a:l:85	#2b5bc1
A:3RF:401	Ligand
