A:ASN:190	I_0.I:1	#2b5bc1
A:LYS:191	I_0.I:2	#2b5bc1
A:MET:192	I_0.I:3	#2b5bc1
A:GLY:193	gl_1.g:l:4	#2b5bc1
A:GLU:194	gl_1.g:l:5	#2b5bc1
A:GLY:195	gl_1.g:l:6	#2b5bc1
A:GLY:196	gl_1.g:l:7	#2b5bc1
A:PHE:197	gl_1.g:l:8	#2b5bc1
A:GLY:198	gl_1.g:l:9	#2b5bc1
A:VAL:199	II_2.II:10	#2b5bc1
A:VAL:200	II_2.II:11	#2b5bc1
A:TYR:201	II_2.II:12	#2b5bc1
A:LYS:202	II_2.II:13	#2b5bc1
A:VAL:210	III_3.III:14	#2b5bc1
A:ALA:211	III_3.III:15	#2b5bc1
A:VAL:212	III_3.III:16	#2b5bc1
A:LYS:213	III_3.III:17	#2b5bc1
A:LYS:214	III_3.III:18	#2b5bc1
A:LEU:215	III_3.III:19	#2b5bc1
A:GLN:229	_C_4._C:20	#2b5bc1
A:PHE:230	_C_4._C:21	#2b5bc1
A:ASP:231	_C_4._C:22	#2b5bc1
A:GLN:232	_C_4._C:23	#2b5bc1
A:GLU:233	_C_4._C:24	#2b5bc1
A:ILE:234	_C_4._C:25	#2b5bc1
A:LYS:235	_C_4._C:26	#2b5bc1
A:VAL:236	_C_4._C:27	#2b5bc1
A:MET:237	_C_4._C:28	#2b5bc1
A:ALA:238	_C_4._C:29	#2b5bc1
A:LYS:239	_C_4._C:30	#2b5bc1
A:CYS:240	bl_5.b:l:31	#2b5bc1
A:GLN:241	bl_5.b:l:32	#2b5bc1
A:GLU:243	bl_5.b:l:33	#2b5bc1
A:ASN:244	bl_5.b:l:34	#2b5bc1
A:LEU:245	bl_5.b:l:35	#2b5bc1
A:VAL:246	bl_5.b:l:36	#2b5bc1
A:GLU:247	bl_5.b:l:37	#2b5bc1
A:LEU:248	IV_6.IV:38	#2b5bc1
A:LEU:249	IV_6.IV:39	#2b5bc1
A:GLY:250	IV_6.IV:40	#2b5bc1
A:PHE:251	IV_6.IV:41	#2b5bc1
A:CYS:259	V_7.V:42	#2b5bc1
A:LEU:260	V_7.V:43	#2b5bc1
A:VAL:261	V_7.V:44	#2b5bc1
A:TYR:262	GK_8.GK:45	#2b5bc1
A:VAL:263	hinge_9.hinge:46	#2b5bc1
A:TYR:264	hinge_9.hinge:47	#2b5bc1
A:MET:265	hinge_9.hinge:48	#2b5bc1
A:PRO:266	linker_10.linker:49	#2b5bc1
A:ASN:267	linker_10.linker:50	#2b5bc1
A:GLY:268	linker_10.linker:51	#2b5bc1
A:SER:269	linker_10.linker:52	#2b5bc1
A:LEU:270	_D_11._D:53	#2b5bc1
A:LEU:271	_D_11._D:54	#2b5bc1
A:ASP:272	_D_11._D:55	#2b5bc1
A:ARG:273	_D_11._D:56	#2b5bc1
A:LEU:274	_D_11._D:57	#2b5bc1
A:SER:275	_D_11._D:58	#2b5bc1
A:CYS:276	_D_11._D:59	#2b5bc1
A:PHE:301	_E_12._E:60	#2b5bc1
A:LEU:302	_E_12._E:61	#2b5bc1
A:HIS:303	_E_12._E:62	#2b5bc1
A:GLU:304	_E_12._E:63	#2b5bc1
A:ASN:305	_E_12._E:64	#2b5bc1
A:HIS:306	VI_13.VI:65	#2b5bc1
A:HIS:307	VI_13.VI:66	#2b5bc1
A:ILE:308	VI_13.VI:67	#2b5bc1
A:HIS:309	cl_14.c:l:68	#2b5bc1
A:ARG:310	cl_14.c:l:69	#2b5bc1
A:ASP:311	cl_14.c:l:70	#2b5bc1
A:ILE:312	cl_14.c:l:71	#2b5bc1
A:LYS:313	cl_14.c:l:72	#2b5bc1
A:SER:314	cl_14.c:l:73	#2b5bc1
A:ALA:315	cl_14.c:l:74	#2b5bc1
A:ASN:316	cl_14.c:l:75	#2b5bc1
A:ILE:317	VII_15.VII:76	#2b5bc1
A:LEU:318	VII_15.VII:77	#2b5bc1
A:LEU:319	VII_15.VII:78	#2b5bc1
A:ILE:327	VIII_16.VIII:79	#2b5bc1
A:SER:328	xDFG_17.xDFG:80	#2b5bc1
A:ASP:329	xDFG_17.xDFG:81	#2b5bc1
A:PHE:330	xDFG_17.xDFG:82	#2b5bc1
A:GLY:331	xDFG_17.xDFG:83	#2b5bc1
A:LEU:332	al_18.a:l:84	#2b5bc1
A:ALA:333	al_18.a:l:85	#2b5bc1
A:4S2:501	Ligand
