B:LYS:60	I_0.I:1	#2b5bc1
B:VAL:61	I_0.I:2	#2b5bc1
B:ILE:62	I_0.I:3	#2b5bc1
B:GLY:63	gl_1.g:l:4	#2b5bc1
B:ASN:64	gl_1.g:l:5	#2b5bc1
B:GLY:65	gl_1.g:l:6	#2b5bc1
B:SER:66	gl_1.g:l:7	#2b5bc1
B:PHE:67	gl_1.g:l:8	#2b5bc1
B:GLY:68	gl_1.g:l:9	#2b5bc1
B:VAL:69	II_2.II:10	#2b5bc1
B:VAL:70	II_2.II:11	#2b5bc1
B:TYR:71	II_2.II:12	#2b5bc1
B:GLN:72	II_2.II:13	#2b5bc1
B:VAL:82	III_3.III:14	#2b5bc1
B:ALA:83	III_3.III:15	#2b5bc1
B:ILE:84	III_3.III:16	#2b5bc1
B:LYS:85	III_3.III:17	#2b5bc1
B:LYS:86	III_3.III:18	#2b5bc1
B:VAL:87	III_3.III:19	#2b5bc1
B:ASN:95	_C_4._C:22	#2b5bc1
B:ARG:96	_C_4._C:23	#2b5bc1
B:GLU:97	_C_4._C:24	#2b5bc1
B:LEU:98	_C_4._C:25	#2b5bc1
B:GLN:99	_C_4._C:26	#2b5bc1
B:ILE:100	_C_4._C:27	#2b5bc1
B:MET:101	_C_4._C:28	#2b5bc1
B:ARG:102	_C_4._C:29	#2b5bc1
B:LYS:103	_C_4._C:30	#2b5bc1
B:LEU:104	bl_5.b:l:31	#2b5bc1
B:ASP:105	bl_5.b:l:32	#2b5bc1
B:CYS:107	bl_5.b:l:33	#2b5bc1
B:ASN:108	bl_5.b:l:34	#2b5bc1
B:ILE:109	bl_5.b:l:35	#2b5bc1
B:VAL:110	bl_5.b:l:36	#2b5bc1
B:ARG:111	bl_5.b:l:37	#2b5bc1
B:LEU:112	IV_6.IV:38	#2b5bc1
B:ARG:113	IV_6.IV:39	#2b5bc1
B:TYR:114	IV_6.IV:40	#2b5bc1
B:PHE:115	IV_6.IV:41	#2b5bc1
B:ASN:129	V_7.V:42	#2b5bc1
B:LEU:130	V_7.V:43	#2b5bc1
B:VAL:131	V_7.V:44	#2b5bc1
B:LEU:132	GK_8.GK:45	#2b5bc1
B:ASP:133	hinge_9.hinge:46	#2b5bc1
B:TYR:134	hinge_9.hinge:47	#2b5bc1
B:VAL:135	hinge_9.hinge:48	#2b5bc1
B:PRO:136	linker_10.linker:49	#2b5bc1
B:GLU:137	linker_10.linker:51	#2b5bc1
B:THR:138	linker_10.linker:52	#2b5bc1
B:VAL:139	_D_11._D:53	#2b5bc1
B:TYR:140	_D_11._D:54	#2b5bc1
B:ARG:141	_D_11._D:55	#2b5bc1
B:VAL:142	_D_11._D:56	#2b5bc1
B:ALA:143	_D_11._D:57	#2b5bc1
B:ARG:144	_D_11._D:58	#2b5bc1
B:HIS:145	_D_11._D:59	#2b5bc1
B:TYR:171	_E_12._E:60	#2b5bc1
B:ILE:172	_E_12._E:61	#2b5bc1
B:HIS:173	_E_12._E:62	#2b5bc1
B:SER:174	_E_12._E:63	#2b5bc1
B:PHE:175	_E_12._E:64	#2b5bc1
B:GLY:176	VI_13.VI:65	#2b5bc1
B:ILE:177	VI_13.VI:66	#2b5bc1
B:CYS:178	VI_13.VI:67	#2b5bc1
B:HIS:179	cl_14.c:l:68	#2b5bc1
B:ARG:180	cl_14.c:l:69	#2b5bc1
B:ASP:181	cl_14.c:l:70	#2b5bc1
B:ILE:182	cl_14.c:l:71	#2b5bc1
B:LYS:183	cl_14.c:l:72	#2b5bc1
B:PRO:184	cl_14.c:l:73	#2b5bc1
B:GLN:185	cl_14.c:l:74	#2b5bc1
B:ASN:186	cl_14.c:l:75	#2b5bc1
B:LEU:187	VII_15.VII:76	#2b5bc1
B:LEU:188	VII_15.VII:77	#2b5bc1
B:LEU:189	VII_15.VII:78	#2b5bc1
B:LEU:198	VIII_16.VIII:79	#2b5bc1
B:CYS:199	xDFG_17.xDFG:80	#2b5bc1
B:ASP:200	xDFG_17.xDFG:81	#2b5bc1
B:PHE:201	xDFG_17.xDFG:82	#2b5bc1
B:GLY:202	xDFG_17.xDFG:83	#2b5bc1
B:SER:203	al_18.a:l:84	#2b5bc1
B:ALA:204	al_18.a:l:85	#2b5bc1
B:6QH:401	Ligand
