A:SER:28	I_0.I:1	#2b5bc1
A:PRO:29	I_0.I:2	#2b5bc1
A:VAL:30	I_0.I:3	#2b5bc1
A:GLY:31	gl_1.g:l:4	#2b5bc1
A:SER:32	gl_1.g:l:5	#2b5bc1
A:GLY:36	gl_1.g:l:6	#2b5bc1
A:SER:37	II_2.II:10	#2b5bc1
A:VAL:38	II_2.II:11	#2b5bc1
A:CYS:39	II_2.II:12	#2b5bc1
A:ALA:40	II_2.II:13	#2b5bc1
A:VAL:50	III_3.III:14	#2b5bc1
A:ALA:51	III_3.III:15	#2b5bc1
A:VAL:52	III_3.III:16	#2b5bc1
A:LYS:53	III_3.III:17	#2b5bc1
A:LYS:54	III_3.III:18	#2b5bc1
A:LEU:55	III_3.III:19	#2b5bc1
A:ARG:67	_C_4._C:20	#2b5bc1
A:THR:68	_C_4._C:21	#2b5bc1
A:TYR:69	_C_4._C:22	#2b5bc1
A:ARG:70	_C_4._C:23	#2b5bc1
A:GLU:71	_C_4._C:24	#2b5bc1
A:LEU:72	_C_4._C:25	#2b5bc1
A:ARG:73	_C_4._C:26	#2b5bc1
A:LEU:74	_C_4._C:27	#2b5bc1
A:LEU:75	_C_4._C:28	#2b5bc1
A:LYS:76	_C_4._C:29	#2b5bc1
A:HIS:77	_C_4._C:30	#2b5bc1
A:MET:78	bl_5.b:l:31	#2b5bc1
A:LYS:79	bl_5.b:l:32	#2b5bc1
A:GLU:81	bl_5.b:l:33	#2b5bc1
A:ASN:82	bl_5.b:l:34	#2b5bc1
A:VAL:83	bl_5.b:l:35	#2b5bc1
A:ILE:84	bl_5.b:l:36	#2b5bc1
A:GLY:85	bl_5.b:l:37	#2b5bc1
A:LEU:86	IV_6.IV:38	#2b5bc1
A:LEU:87	IV_6.IV:39	#2b5bc1
A:ASP:88	IV_6.IV:40	#2b5bc1
A:VAL:89	IV_6.IV:41	#2b5bc1
A:TYR:103	V_7.V:42	#2b5bc1
A:LEU:104	V_7.V:43	#2b5bc1
A:VAL:105	V_7.V:44	#2b5bc1
A:THR:106	GK_8.GK:45	#2b5bc1
A:HIS:107	hinge_9.hinge:46	#2b5bc1
A:LEU:108	hinge_9.hinge:47	#2b5bc1
A:MET:109	hinge_9.hinge:48	#2b5bc1
A:GLY:110	linker_10.linker:49	#2b5bc1
A:ALA:111	linker_10.linker:51	#2b5bc1
A:ASP:112	linker_10.linker:52	#2b5bc1
A:LEU:113	_D_11._D:53	#2b5bc1
A:ASN:114	_D_11._D:54	#2b5bc1
A:ASN:115	_D_11._D:55	#2b5bc1
A:ILE:116	_D_11._D:56	#2b5bc1
A:LEU:122	_D_11._D:57	#2b5bc1
A:TYR:140	_E_12._E:60	#2b5bc1
A:ILE:141	_E_12._E:61	#2b5bc1
A:HIS:142	_E_12._E:62	#2b5bc1
A:SER:143	_E_12._E:63	#2b5bc1
A:ALA:144	_E_12._E:64	#2b5bc1
A:ASP:145	VI_13.VI:65	#2b5bc1
A:ILE:146	VI_13.VI:66	#2b5bc1
A:ILE:147	VI_13.VI:67	#2b5bc1
A:HIS:148	cl_14.c:l:68	#2b5bc1
A:ARG:149	cl_14.c:l:69	#2b5bc1
A:ASP:150	cl_14.c:l:70	#2b5bc1
A:LEU:151	cl_14.c:l:71	#2b5bc1
A:LYS:152	cl_14.c:l:72	#2b5bc1
A:PRO:153	cl_14.c:l:73	#2b5bc1
A:SER:154	cl_14.c:l:74	#2b5bc1
A:ASN:155	cl_14.c:l:75	#2b5bc1
A:LEU:156	VII_15.VII:76	#2b5bc1
A:ALA:157	VII_15.VII:77	#2b5bc1
A:VAL:158	VII_15.VII:78	#2b5bc1
A:ILE:166	VIII_16.VIII:79	#2b5bc1
A:LEU:167	xDFG_17.xDFG:80	#2b5bc1
A:ASP:168	xDFG_17.xDFG:81	#2b5bc1
A:PHE:169	xDFG_17.xDFG:82	#2b5bc1
A:ALA:184	al_18.a:l:85	#2b5bc1
