A:LYS:471	I_0.I:1	#2b5bc1
A:PRO:472	I_0.I:2	#2b5bc1
A:LEU:473	I_0.I:3	#2b5bc1
A:GLY:474	gl_1.g:l:4	#2b5bc1
A:GLU:475	gl_1.g:l:5	#2b5bc1
A:GLY:476	gl_1.g:l:6	#2b5bc1
A:CYS:477	gl_1.g:l:7	#2b5bc1
A:PHE:478	gl_1.g:l:8	#2b5bc1
A:GLY:479	gl_1.g:l:9	#2b5bc1
A:GLN:480	II_2.II:10	#2b5bc1
A:VAL:481	II_2.II:11	#2b5bc1
A:VAL:482	II_2.II:12	#2b5bc1
A:ARG:483	II_2.II:13	#2b5bc1
A:VAL:500	III_3.III:14	#2b5bc1
A:ALA:501	III_3.III:15	#2b5bc1
A:VAL:502	III_3.III:16	#2b5bc1
A:LYS:503	III_3.III:17	#2b5bc1
A:MET:504	III_3.III:18	#2b5bc1
A:LEU:505	III_3.III:19	#2b5bc1
A:ASP:516	_C_4._C:20	#2b5bc1
A:LEU:517	_C_4._C:21	#2b5bc1
A:VAL:518	_C_4._C:22	#2b5bc1
A:SER:519	_C_4._C:23	#2b5bc1
A:GLU:520	_C_4._C:24	#2b5bc1
A:MET:521	_C_4._C:25	#2b5bc1
A:GLU:522	_C_4._C:26	#2b5bc1
A:VAL:523	_C_4._C:27	#2b5bc1
A:MET:524	_C_4._C:28	#2b5bc1
A:LYS:525	_C_4._C:29	#2b5bc1
A:LEU:526	_C_4._C:30	#2b5bc1
A:ILE:527	bl_5.b:l:31	#2b5bc1
A:GLY:528	bl_5.b:l:32	#2b5bc1
A:LYS:531	bl_5.b:l:33	#2b5bc1
A:ASN:532	bl_5.b:l:34	#2b5bc1
A:ILE:533	bl_5.b:l:35	#2b5bc1
A:ILE:534	bl_5.b:l:36	#2b5bc1
A:ASN:535	bl_5.b:l:37	#2b5bc1
A:LEU:536	IV_6.IV:38	#2b5bc1
A:LEU:537	IV_6.IV:39	#2b5bc1
A:GLY:538	IV_6.IV:40	#2b5bc1
A:VAL:539	IV_6.IV:41	#2b5bc1
A:TYR:547	V_7.V:42	#2b5bc1
A:VAL:548	V_7.V:43	#2b5bc1
A:ILE:549	V_7.V:44	#2b5bc1
A:VAL:550	GK_8.GK:45	#2b5bc1
A:GLU:551	hinge_9.hinge:46	#2b5bc1
A:CYS:552	hinge_9.hinge:47	#2b5bc1
A:ALA:553	hinge_9.hinge:48	#2b5bc1
A:ALA:554	linker_10.linker:49	#2b5bc1
A:LYS:555	linker_10.linker:50	#2b5bc1
A:GLY:556	linker_10.linker:51	#2b5bc1
A:ASN:557	linker_10.linker:52	#2b5bc1
A:LEU:558	_D_11._D:53	#2b5bc1
A:ARG:559	_D_11._D:54	#2b5bc1
A:GLU:560	_D_11._D:55	#2b5bc1
A:PHE:561	_D_11._D:56	#2b5bc1
A:LEU:562	_D_11._D:57	#2b5bc1
A:ARG:563	_D_11._D:58	#2b5bc1
A:ALA:564	_D_11._D:59	#2b5bc1
A:TYR:602	_E_12._E:60	#2b5bc1
A:LEU:603	_E_12._E:61	#2b5bc1
A:GLU:604	_E_12._E:62	#2b5bc1
A:SER:605	_E_12._E:63	#2b5bc1
A:ARG:606	_E_12._E:64	#2b5bc1
A:LYS:607	VI_13.VI:65	#2b5bc1
A:CYS:608	VI_13.VI:66	#2b5bc1
A:ILE:609	VI_13.VI:67	#2b5bc1
A:HIS:610	cl_14.c:l:68	#2b5bc1
A:ARG:611	cl_14.c:l:69	#2b5bc1
A:ASP:612	cl_14.c:l:70	#2b5bc1
A:LEU:613	cl_14.c:l:71	#2b5bc1
A:ALA:614	cl_14.c:l:72	#2b5bc1
A:ALA:615	cl_14.c:l:73	#2b5bc1
A:ARG:616	cl_14.c:l:74	#2b5bc1
A:ASN:617	cl_14.c:l:75	#2b5bc1
A:VAL:618	VII_15.VII:76	#2b5bc1
A:LEU:619	VII_15.VII:77	#2b5bc1
A:VAL:620	VII_15.VII:78	#2b5bc1
A:ILE:628	VIII_16.VIII:79	#2b5bc1
A:ALA:629	xDFG_17.xDFG:80	#2b5bc1
A:ASP:630	xDFG_17.xDFG:81	#2b5bc1
A:PHE:631	xDFG_17.xDFG:82	#2b5bc1
A:GLY:632	xDFG_17.xDFG:83	#2b5bc1
A:9CT:801	Ligand
