A:GLU:303	I_0.I:1	#2b5bc1
A:LYS:304	I_0.I:2	#2b5bc1
A:ILE:305	I_0.I:3	#2b5bc1
A:GLY:306	gl_1.g:l:4	#2b5bc1
A:SER:307	gl_1.g:l:5	#2b5bc1
A:GLY:308	gl_1.g:l:6	#2b5bc1
A:GLU:309	gl_1.g:l:7	#2b5bc1
A:PHE:310	gl_1.g:l:8	#2b5bc1
A:GLY:311	gl_1.g:l:9	#2b5bc1
A:SER:312	II_2.II:10	#2b5bc1
A:VAL:313	II_2.II:11	#2b5bc1
A:PHE:314	II_2.II:12	#2b5bc1
A:LYS:315	II_2.II:13	#2b5bc1
A:TYR:325	III_3.III:14	#2b5bc1
A:ALA:326	III_3.III:15	#2b5bc1
A:ILE:327	III_3.III:16	#2b5bc1
A:LYS:328	III_3.III:17	#2b5bc1
A:ARG:329	III_3.III:18	#2b5bc1
A:SER:330	III_3.III:19	#2b5bc1
A:ASN:342	_C_4._C:20	#2b5bc1
A:ALA:343	_C_4._C:21	#2b5bc1
A:LEU:344	_C_4._C:22	#2b5bc1
A:ARG:345	_C_4._C:23	#2b5bc1
A:GLU:346	_C_4._C:24	#2b5bc1
A:VAL:347	_C_4._C:25	#2b5bc1
A:TYR:348	_C_4._C:26	#2b5bc1
A:ALA:349	_C_4._C:27	#2b5bc1
A:HIS:350	_C_4._C:28	#2b5bc1
A:ALA:351	_C_4._C:29	#2b5bc1
A:VAL:352	_C_4._C:30	#2b5bc1
A:LEU:353	bl_5.b:l:31	#2b5bc1
A:GLY:354	bl_5.b:l:32	#2b5bc1
A:SER:357	bl_5.b:l:33	#2b5bc1
A:HIS:358	bl_5.b:l:34	#2b5bc1
A:VAL:359	bl_5.b:l:35	#2b5bc1
A:VAL:360	bl_5.b:l:36	#2b5bc1
A:ARG:361	bl_5.b:l:37	#2b5bc1
A:TYR:362	IV_6.IV:38	#2b5bc1
A:PHE:363	IV_6.IV:39	#2b5bc1
A:SER:364	IV_6.IV:40	#2b5bc1
A:ALA:365	IV_6.IV:41	#2b5bc1
A:LEU:373	V_7.V:42	#2b5bc1
A:ILE:374	V_7.V:43	#2b5bc1
A:GLN:375	V_7.V:44	#2b5bc1
A:ASN:376	GK_8.GK:45	#2b5bc1
A:GLU:377	hinge_9.hinge:46	#2b5bc1
A:TYR:378	hinge_9.hinge:47	#2b5bc1
A:CYS:379	hinge_9.hinge:48	#2b5bc1
A:ASN:380	linker_10.linker:49	#2b5bc1
A:GLY:381	linker_10.linker:50	#2b5bc1
A:GLY:382	linker_10.linker:51	#2b5bc1
A:SER:383	linker_10.linker:52	#2b5bc1
A:LEU:384	_D_11._D:53	#2b5bc1
A:ALA:385	_D_11._D:54	#2b5bc1
A:ASP:386	_D_11._D:55	#2b5bc1
A:ALA:387	_D_11._D:56	#2b5bc1
A:ILE:388	_D_11._D:57	#2b5bc1
A:SER:389	_D_11._D:58	#2b5bc1
A:GLU:390	_D_11._D:59	#2b5bc1
A:TYR:416	_E_12._E:60	#2b5bc1
A:ILE:417	_E_12._E:61	#2b5bc1
A:HIS:418	_E_12._E:62	#2b5bc1
A:SER:419	_E_12._E:63	#2b5bc1
A:MET:420	_E_12._E:64	#2b5bc1
A:SER:421	VI_13.VI:65	#2b5bc1
A:LEU:422	VI_13.VI:66	#2b5bc1
A:VAL:423	VI_13.VI:67	#2b5bc1
A:HIS:424	cl_14.c:l:68	#2b5bc1
A:MET:425	cl_14.c:l:69	#2b5bc1
A:ASP:426	cl_14.c:l:70	#2b5bc1
A:ILE:427	cl_14.c:l:71	#2b5bc1
A:LYS:428	cl_14.c:l:72	#2b5bc1
A:PRO:429	cl_14.c:l:73	#2b5bc1
A:SER:430	cl_14.c:l:74	#2b5bc1
A:ASN:431	cl_14.c:l:75	#2b5bc1
A:ILE:432	VII_15.VII:76	#2b5bc1
A:PHE:433	VII_15.VII:77	#2b5bc1
A:ILE:434	VII_15.VII:78	#2b5bc1
A:ILE:461	VIII_16.VIII:79	#2b5bc1
A:GLY:462	xDFG_17.xDFG:80	#2b5bc1
A:ASP:463	xDFG_17.xDFG:81	#2b5bc1
A:LEU:464	xDFG_17.xDFG:82	#2b5bc1
A:GLY:465	xDFG_17.xDFG:83	#2b5bc1
A:HIS:466	al_18.a:l:84	#2b5bc1
A:VAL:467	al_18.a:l:85	#2b5bc1
A:P48:601	Ligand
